All Type of Report (All Grades) for 01-Apr-2024 to 31-Mar-2026,,,,,,,,,,
State,Commodity Group,Commodity,Date,MSP,Arrival Quantity 01-04-2024 to 31-03-2026,Arrival Unit,Min Price 01-04-2024 to 31-03-2026,Modal Price,Max Price 01-04-2024 to 31-03-2026,Price Unit
Maharashtra,Vegetables,Onion,01-04-2024,-,"15,241.00",Metric Tonnes,578.19,"1,241.95","1,742.94",Rs./Quintal
Maharashtra,Vegetables,Potato,01-04-2024,-,"2,878.70",Metric Tonnes,"1,573.21","1,939.81","2,289.86",Rs./Quintal
Maharashtra,Vegetables,Onion,02-04-2024,-,"12,229.80",Metric Tonnes,547.18,"1,244.77","1,760.06",Rs./Quintal
Maharashtra,Vegetables,Potato,02-04-2024,-,"3,210.00",Metric Tonnes,"1,556.72","1,930.72","2,264.49",Rs./Quintal
Maharashtra,Vegetables,Onion,03-04-2024,-,"14,730.40",Metric Tonnes,560,"1,271.83","1,704.35",Rs./Quintal
Maharashtra,Vegetables,Potato,03-04-2024,-,"2,980.60",Metric Tonnes,"1,567.33","1,949.87","2,286.40",Rs./Quintal
Maharashtra,Vegetables,Onion,04-04-2024,-,"17,484.70",Metric Tonnes,557.6,"1,233.70","1,633.18",Rs./Quintal
Maharashtra,Vegetables,Potato,04-04-2024,-,"2,599.90",Metric Tonnes,"1,548.82","1,907.43","2,263.12",Rs./Quintal
Maharashtra,Vegetables,Onion,05-04-2024,-,"17,578.15",Metric Tonnes,476.86,"1,214.36","1,641.71",Rs./Quintal
Maharashtra,Vegetables,Potato,05-04-2024,-,"2,369.00",Metric Tonnes,"1,559.76","1,928.57","2,297.50",Rs./Quintal
Maharashtra,Vegetables,Onion,06-04-2024,-,"21,313.80",Metric Tonnes,467.39,"1,164.26","1,573.70",Rs./Quintal
Maharashtra,Vegetables,Potato,06-04-2024,-,"2,166.20",Metric Tonnes,"1,479.34","1,850.83","2,218.47",Rs./Quintal
Maharashtra,Vegetables,Onion,07-04-2024,-,"8,107.94",Metric Tonnes,648.88,"1,199.63","1,627.50",Rs./Quintal
Maharashtra,Vegetables,Potato,07-04-2024,-,814.6,Metric Tonnes,"1,573.36","1,990.79","2,435.51",Rs./Quintal
Maharashtra,Vegetables,Onion,08-04-2024,-,"20,209.30",Metric Tonnes,466.34,"1,096.92","1,554.12",Rs./Quintal
Maharashtra,Vegetables,Potato,08-04-2024,-,"2,903.80",Metric Tonnes,"1,477.82","1,875.46","2,224.43",Rs./Quintal
Maharashtra,Vegetables,Onion,09-04-2024,-,"5,214.00",Metric Tonnes,644.66,"1,248.96","1,550.03",Rs./Quintal
Maharashtra,Vegetables,Potato,09-04-2024,-,673.8,Metric Tonnes,"1,698.06","2,087.78","2,386.60",Rs./Quintal
Maharashtra,Vegetables,Onion,12-04-2024,-,"3,438.90",Metric Tonnes,202.35,"1,293.38","1,554.41",Rs./Quintal
Maharashtra,Vegetables,Potato,12-04-2024,-,0.2,Metric Tonnes,"1,800.00","1,800.00","1,800.00",Rs./Quintal
Maharashtra,Vegetables,Onion,13-04-2024,-,"9,741.60",Metric Tonnes,481.83,"1,191.23","1,634.52",Rs./Quintal
Maharashtra,Vegetables,Potato,13-04-2024,-,951.9,Metric Tonnes,"1,447.07","1,945.73","2,296.62",Rs./Quintal
Maharashtra,Vegetables,Onion,14-04-2024,-,"2,852.03",Metric Tonnes,551.89,"1,085.27","1,561.10",Rs./Quintal
Maharashtra,Vegetables,Potato,14-04-2024,-,796.1,Metric Tonnes,"1,492.60","2,019.86","2,547.12",Rs./Quintal
Maharashtra,Vegetables,Onion,15-04-2024,-,"23,780.80",Metric Tonnes,556.99,"1,210.48","1,629.80",Rs./Quintal
Maharashtra,Vegetables,Potato,15-04-2024,-,"2,674.10",Metric Tonnes,"1,470.43","1,916.19","2,277.50",Rs./Quintal
Maharashtra,Vegetables,Onion,16-04-2024,-,"1,838.80",Metric Tonnes,598.18,"1,065.41","1,500.00",Rs./Quintal
Maharashtra,Vegetables,Potato,16-04-2024,-,523.2,Metric Tonnes,"1,515.19","2,009.12","2,503.04",Rs./Quintal
Maharashtra,Vegetables,Onion,18-04-2024,-,"3,469.16",Metric Tonnes,300,"1,272.55","1,700.00",Rs./Quintal
Maharashtra,Vegetables,Onion,19-04-2024,-,"21,856.62",Metric Tonnes,476.02,"1,186.43","1,592.88",Rs./Quintal
Maharashtra,Vegetables,Potato,19-04-2024,-,"1,832.70",Metric Tonnes,"1,534.43","1,950.97","2,363.34",Rs./Quintal
Maharashtra,Vegetables,Onion,20-04-2024,-,"2,062.86",Metric Tonnes,642.61,"1,280.88","1,465.85",Rs./Quintal
Maharashtra,Vegetables,Potato,20-04-2024,-,110.9,Metric Tonnes,"1,527.68","1,840.49","2,153.29",Rs./Quintal
Maharashtra,Vegetables,Onion,21-04-2024,-,"4,371.23",Metric Tonnes,343.93,"1,009.49","1,497.72",Rs./Quintal
Maharashtra,Vegetables,Potato,21-04-2024,-,856.5,Metric Tonnes,"1,560.46","2,039.87","2,516.92",Rs./Quintal
Maharashtra,Vegetables,Onion,22-04-2024,-,"19,239.96",Metric Tonnes,592.23,"1,224.20","1,559.79",Rs./Quintal
Maharashtra,Vegetables,Potato,22-04-2024,-,"2,533.50",Metric Tonnes,"1,548.40","1,965.98","2,381.91",Rs./Quintal
Maharashtra,Vegetables,Onion,23-04-2024,-,"7,328.71",Metric Tonnes,540.57,"1,219.07","1,694.82",Rs./Quintal
Maharashtra,Vegetables,Potato,23-04-2024,-,46.9,Metric Tonnes,553.52,"1,615.67","2,677.83",Rs./Quintal
Maharashtra,Vegetables,Onion,24-04-2024,-,"16,287.00",Metric Tonnes,507.04,"1,217.42","1,603.78",Rs./Quintal
Maharashtra,Vegetables,Potato,24-04-2024,-,"2,256.80",Metric Tonnes,"1,704.83","2,065.53","2,376.32",Rs./Quintal
Maharashtra,Vegetables,Onion,25-04-2024,-,"21,159.70",Metric Tonnes,494.81,"1,221.81","1,586.38",Rs./Quintal
Maharashtra,Vegetables,Potato,25-04-2024,-,"2,837.60",Metric Tonnes,"1,631.76","2,071.94","2,419.32",Rs./Quintal
Maharashtra,Vegetables,Onion,26-04-2024,-,"16,457.93",Metric Tonnes,484.92,"1,164.89","1,611.60",Rs./Quintal
Maharashtra,Vegetables,Potato,26-04-2024,-,"2,195.90",Metric Tonnes,"1,777.38","2,100.94","2,422.05",Rs./Quintal
Maharashtra,Vegetables,Onion,27-04-2024,-,"11,729.61",Metric Tonnes,533.7,"1,186.52","1,627.80",Rs./Quintal
Maharashtra,Vegetables,Potato,27-04-2024,-,"2,393.20",Metric Tonnes,"1,619.22","2,016.64","2,341.72",Rs./Quintal
Maharashtra,Vegetables,Onion,28-04-2024,-,"6,330.13",Metric Tonnes,562.83,"1,164.87","1,588.25",Rs./Quintal
Maharashtra,Vegetables,Potato,28-04-2024,-,"1,505.90",Metric Tonnes,"1,883.18","2,198.61","2,515.43",Rs./Quintal
Maharashtra,Vegetables,Onion,29-04-2024,-,"22,446.05",Metric Tonnes,443.54,"1,188.49","1,608.09",Rs./Quintal
Maharashtra,Vegetables,Potato,29-04-2024,-,"2,058.00",Metric Tonnes,"1,567.30","1,948.47","2,295.41",Rs./Quintal
Maharashtra,Vegetables,Onion,30-04-2024,-,"17,914.72",Metric Tonnes,518.83,"1,260.15","1,690.90",Rs./Quintal
Maharashtra,Vegetables,Potato,30-04-2024,-,"2,138.90",Metric Tonnes,"1,703.94","2,089.77","2,392.92",Rs./Quintal
Maharashtra,Vegetables,Onion,01-05-2024,-,"2,480.20",Metric Tonnes,297.4,"1,125.79","1,578.94",Rs./Quintal
Maharashtra,Vegetables,Potato,01-05-2024,-,137.7,Metric Tonnes,"1,207.19","1,871.28","2,505.74",Rs./Quintal
Maharashtra,Vegetables,Onion,02-05-2024,-,"18,586.60",Metric Tonnes,526.37,"1,238.78","1,665.66",Rs./Quintal
Maharashtra,Vegetables,Potato,02-05-2024,-,"3,536.60",Metric Tonnes,"1,688.28","2,060.65","2,505.77",Rs./Quintal
Maharashtra,Vegetables,Onion,03-05-2024,-,"13,250.00",Metric Tonnes,531.76,"1,320.78","1,872.12",Rs./Quintal
Maharashtra,Vegetables,Potato,03-05-2024,-,"2,490.20",Metric Tonnes,"1,683.02","2,036.49","2,394.65",Rs./Quintal
Maharashtra,Vegetables,Onion,04-05-2024,-,"26,024.21",Metric Tonnes,732.58,"1,653.96","2,169.70",Rs./Quintal
Maharashtra,Vegetables,Potato,04-05-2024,-,"3,452.40",Metric Tonnes,"1,931.90","2,190.53","2,414.81",Rs./Quintal
Maharashtra,Vegetables,Onion,05-05-2024,-,"8,184.68",Metric Tonnes,722.9,"1,607.81","2,347.66",Rs./Quintal
Maharashtra,Vegetables,Potato,05-05-2024,-,"1,651.30",Metric Tonnes,"1,756.86","2,210.93","2,579.13",Rs./Quintal
Maharashtra,Vegetables,Onion,06-05-2024,-,"51,329.38",Metric Tonnes,566.16,"1,577.69","2,127.45",Rs./Quintal
Maharashtra,Vegetables,Potato,06-05-2024,-,"2,883.50",Metric Tonnes,"1,614.34","2,003.68","2,349.06",Rs./Quintal
Maharashtra,Vegetables,Onion,07-05-2024,-,"31,551.58",Metric Tonnes,688.41,"1,528.61","2,015.28",Rs./Quintal
Maharashtra,Vegetables,Potato,07-05-2024,-,"1,326.00",Metric Tonnes,"1,789.40","2,196.66","2,503.44",Rs./Quintal
Maharashtra,Vegetables,Onion,08-05-2024,-,"35,343.69",Metric Tonnes,463.11,"1,360.08","1,960.78",Rs./Quintal
Maharashtra,Vegetables,Potato,08-05-2024,-,"2,058.50",Metric Tonnes,"1,589.72","1,968.17","2,273.57",Rs./Quintal
Maharashtra,Vegetables,Onion,09-05-2024,-,"45,806.40",Metric Tonnes,399.48,"1,236.09","1,656.90",Rs./Quintal
Maharashtra,Vegetables,Potato,09-05-2024,-,"2,136.30",Metric Tonnes,"1,793.53","2,176.36","2,536.33",Rs./Quintal
Maharashtra,Vegetables,Onion,10-05-2024,-,"14,361.28",Metric Tonnes,518.73,"1,368.42","1,987.19",Rs./Quintal
Maharashtra,Vegetables,Potato,10-05-2024,-,"1,586.60",Metric Tonnes,"1,687.07","2,125.84","2,578.31",Rs./Quintal
Maharashtra,Vegetables,Onion,11-05-2024,-,"22,277.57",Metric Tonnes,465.84,"1,323.54","1,882.06",Rs./Quintal
Maharashtra,Vegetables,Potato,11-05-2024,-,"1,830.00",Metric Tonnes,"1,626.89","1,991.36","2,355.17",Rs./Quintal
Maharashtra,Vegetables,Onion,12-05-2024,-,"5,266.40",Metric Tonnes,641.35,"1,334.37","1,929.40",Rs./Quintal
Maharashtra,Vegetables,Potato,12-05-2024,-,"1,307.10",Metric Tonnes,"1,975.21","2,304.59","2,634.14",Rs./Quintal
Maharashtra,Vegetables,Onion,13-05-2024,-,"15,515.39",Metric Tonnes,661.37,"1,538.40","2,004.52",Rs./Quintal
Maharashtra,Vegetables,Potato,13-05-2024,-,"1,897.30",Metric Tonnes,"1,654.51","1,967.38","2,292.06",Rs./Quintal
Maharashtra,Vegetables,Onion,14-05-2024,-,"16,235.60",Metric Tonnes,571.7,"1,389.49","1,932.92",Rs./Quintal
Maharashtra,Vegetables,Potato,14-05-2024,-,"2,981.80",Metric Tonnes,"1,747.02","2,111.66","2,428.75",Rs./Quintal
Maharashtra,Vegetables,Onion,15-05-2024,-,"20,949.43",Metric Tonnes,553.19,"1,392.16","1,947.65",Rs./Quintal
Maharashtra,Vegetables,Potato,15-05-2024,-,"2,545.20",Metric Tonnes,"1,772.35","2,099.48","2,398.03",Rs./Quintal
Maharashtra,Vegetables,Onion,16-05-2024,-,"28,520.27",Metric Tonnes,511.49,"1,357.60","1,825.08",Rs./Quintal
Maharashtra,Vegetables,Potato,16-05-2024,-,"1,800.30",Metric Tonnes,"1,718.21","2,064.68","2,392.98",Rs./Quintal
Maharashtra,Vegetables,Onion,17-05-2024,-,"24,231.46",Metric Tonnes,478.13,"1,430.49","2,034.42",Rs./Quintal
Maharashtra,Vegetables,Potato,17-05-2024,-,"2,180.00",Metric Tonnes,"1,705.42","2,042.62","2,355.35",Rs./Quintal
Maharashtra,Vegetables,Onion,18-05-2024,-,"20,874.13",Metric Tonnes,539.52,"1,386.95","1,949.49",Rs./Quintal
Maharashtra,Vegetables,Potato,18-05-2024,-,926.4,Metric Tonnes,"1,756.38","2,117.75","2,377.12",Rs./Quintal
Maharashtra,Vegetables,Onion,19-05-2024,-,"8,871.67",Metric Tonnes,637.59,"1,362.08","2,025.07",Rs./Quintal
Maharashtra,Vegetables,Potato,19-05-2024,-,"1,377.30",Metric Tonnes,"1,935.61","2,229.76","2,533.55",Rs./Quintal
Maharashtra,Vegetables,Onion,20-05-2024,-,"10,759.00",Metric Tonnes,358.02,"1,259.38","2,099.34",Rs./Quintal
Maharashtra,Vegetables,Potato,20-05-2024,-,"1,473.50",Metric Tonnes,"1,739.13","2,115.70","2,448.48",Rs./Quintal
Maharashtra,Vegetables,Onion,21-05-2024,-,"22,491.28",Metric Tonnes,537.34,"1,426.59","1,992.30",Rs./Quintal
Maharashtra,Vegetables,Potato,21-05-2024,-,"2,557.10",Metric Tonnes,"1,692.56","2,004.36","2,304.51",Rs./Quintal
Maharashtra,Vegetables,Onion,22-05-2024,-,"19,521.46",Metric Tonnes,478.05,"1,448.87","2,085.19",Rs./Quintal
Maharashtra,Vegetables,Potato,22-05-2024,-,"2,316.30",Metric Tonnes,"1,801.64","2,168.56","2,466.54",Rs./Quintal
Maharashtra,Vegetables,Onion,23-05-2024,-,"19,311.70",Metric Tonnes,621.03,"1,491.02","1,952.06",Rs./Quintal
Maharashtra,Vegetables,Potato,23-05-2024,-,"1,944.20",Metric Tonnes,"1,783.82","2,112.62","2,437.14",Rs./Quintal
Maharashtra,Vegetables,Onion,24-05-2024,-,"19,148.62",Metric Tonnes,514.27,"1,468.62","2,109.25",Rs./Quintal
Maharashtra,Vegetables,Potato,24-05-2024,-,"2,483.10",Metric Tonnes,"1,746.88","2,123.23","2,376.94",Rs./Quintal
Maharashtra,Vegetables,Onion,25-05-2024,-,"21,390.87",Metric Tonnes,553.5,"1,444.44","1,989.17",Rs./Quintal
Maharashtra,Vegetables,Potato,25-05-2024,-,"2,157.40",Metric Tonnes,"1,678.81","2,007.09","2,307.66",Rs./Quintal
Maharashtra,Vegetables,Onion,26-05-2024,-,"5,525.00",Metric Tonnes,684.67,"1,466.22","2,125.04",Rs./Quintal
Maharashtra,Vegetables,Potato,26-05-2024,-,"1,209.80",Metric Tonnes,"1,921.52","2,238.02","2,546.39",Rs./Quintal
Maharashtra,Vegetables,Onion,27-05-2024,-,"22,804.94",Metric Tonnes,559.28,"1,538.90","2,095.55",Rs./Quintal
Maharashtra,Vegetables,Potato,27-05-2024,-,"2,357.00",Metric Tonnes,"1,796.19","2,100.19","3,459.99",Rs./Quintal
Maharashtra,Vegetables,Onion,28-05-2024,-,"14,353.71",Metric Tonnes,627.2,"1,755.77","2,282.95",Rs./Quintal
Maharashtra,Vegetables,Potato,28-05-2024,-,"1,397.30",Metric Tonnes,"1,715.02","2,073.11","2,384.96",Rs./Quintal
Maharashtra,Vegetables,Onion,29-05-2024,-,"18,569.11",Metric Tonnes,686.83,"1,775.80","2,393.12",Rs./Quintal
Maharashtra,Vegetables,Potato,29-05-2024,-,"2,285.20",Metric Tonnes,"1,798.30","2,161.62","2,461.99",Rs./Quintal
Maharashtra,Vegetables,Onion,30-05-2024,-,"17,333.44",Metric Tonnes,650.11,"1,843.55","2,426.97",Rs./Quintal
Maharashtra,Vegetables,Potato,30-05-2024,-,"1,933.90",Metric Tonnes,"1,799.54","2,146.42","2,455.77",Rs./Quintal
Maharashtra,Vegetables,Onion,31-05-2024,-,"20,999.32",Metric Tonnes,600.94,"1,809.10","2,459.05",Rs./Quintal
Maharashtra,Vegetables,Potato,31-05-2024,-,"1,911.70",Metric Tonnes,"1,877.76","2,207.66","2,545.19",Rs./Quintal
Maharashtra,Vegetables,Onion,01-06-2024,-,"24,617.85",Metric Tonnes,681.71,"1,743.22","2,383.10",Rs./Quintal
Maharashtra,Vegetables,Potato,01-06-2024,-,"1,897.00",Metric Tonnes,"1,783.28","2,106.74","2,412.43",Rs./Quintal
Maharashtra,Vegetables,Onion,02-06-2024,-,"4,778.50",Metric Tonnes,942.6,"1,775.45","2,519.75",Rs./Quintal
Maharashtra,Vegetables,Potato,02-06-2024,-,"1,462.50",Metric Tonnes,"1,966.58","2,303.51","2,643.67",Rs./Quintal
Maharashtra,Vegetables,Onion,03-06-2024,-,"29,219.16",Metric Tonnes,677.55,"1,800.06","2,350.84",Rs./Quintal
Maharashtra,Vegetables,Potato,03-06-2024,-,"3,032.90",Metric Tonnes,"1,915.20","2,239.06","2,543.74",Rs./Quintal
Maharashtra,Vegetables,Onion,04-06-2024,-,"12,976.72",Metric Tonnes,797.15,"1,893.00","2,437.85",Rs./Quintal
Maharashtra,Vegetables,Potato,04-06-2024,-,"2,056.40",Metric Tonnes,"1,985.71","2,309.07","2,629.26",Rs./Quintal
Maharashtra,Vegetables,Onion,05-06-2024,-,"17,129.01",Metric Tonnes,806.36,"1,953.99","2,534.01",Rs./Quintal
Maharashtra,Vegetables,Potato,05-06-2024,-,"3,558.40",Metric Tonnes,"1,925.71","2,313.77","2,627.12",Rs./Quintal
Maharashtra,Vegetables,Onion,06-06-2024,-,"21,442.27",Metric Tonnes,822.73,"2,114.36","2,613.27",Rs./Quintal
Maharashtra,Vegetables,Potato,06-06-2024,-,"2,122.80",Metric Tonnes,"1,874.35","2,209.57","2,507.44",Rs./Quintal
Maharashtra,Vegetables,Onion,07-06-2024,-,"22,543.36",Metric Tonnes,801.51,"2,213.95","2,746.93",Rs./Quintal
Maharashtra,Vegetables,Potato,07-06-2024,-,"2,476.60",Metric Tonnes,"1,852.50","2,230.70","2,610.41",Rs./Quintal
Maharashtra,Vegetables,Onion,08-06-2024,-,"20,516.78",Metric Tonnes,"1,016.63","2,369.17","2,951.60",Rs./Quintal
Maharashtra,Vegetables,Potato,08-06-2024,-,"1,019.20",Metric Tonnes,"1,871.30","2,226.76","2,509.76",Rs./Quintal
Maharashtra,Vegetables,Onion,09-06-2024,-,"8,472.20",Metric Tonnes,953.82,"2,264.21","3,302.08",Rs./Quintal
Maharashtra,Vegetables,Potato,09-06-2024,-,"1,449.00",Metric Tonnes,"1,909.14","2,273.95","2,620.28",Rs./Quintal
Maharashtra,Vegetables,Onion,10-06-2024,-,"34,609.84",Metric Tonnes,924.51,"2,395.85","3,048.10",Rs./Quintal
Maharashtra,Vegetables,Potato,10-06-2024,-,"2,866.50",Metric Tonnes,"1,962.06","2,313.22","2,627.47",Rs./Quintal
Maharashtra,Vegetables,Onion,11-06-2024,-,"30,477.72",Metric Tonnes,"1,036.14","2,316.26","2,865.36",Rs./Quintal
Maharashtra,Vegetables,Potato,11-06-2024,-,"2,237.70",Metric Tonnes,"1,907.31","2,259.36","2,582.24",Rs./Quintal
Maharashtra,Vegetables,Onion,12-06-2024,-,"20,701.61",Metric Tonnes,836.22,"2,231.11","2,783.20",Rs./Quintal
Maharashtra,Vegetables,Potato,12-06-2024,-,"1,401.60",Metric Tonnes,"1,931.88","2,299.24","2,602.07",Rs./Quintal
Maharashtra,Vegetables,Onion,13-06-2024,-,"16,977.16",Metric Tonnes,"1,024.30","2,245.45","2,839.23",Rs./Quintal
Maharashtra,Vegetables,Potato,13-06-2024,-,"1,878.10",Metric Tonnes,"1,926.59","2,265.46","2,615.51",Rs./Quintal
Maharashtra,Vegetables,Onion,14-06-2024,-,"15,135.98",Metric Tonnes,817.16,"2,360.64","2,913.95",Rs./Quintal
Maharashtra,Vegetables,Potato,14-06-2024,-,"1,134.80",Metric Tonnes,"1,937.30","2,320.60","2,703.03",Rs./Quintal
Maharashtra,Vegetables,Onion,15-06-2024,-,"16,991.25",Metric Tonnes,920.63,"2,486.06","3,037.47",Rs./Quintal
Maharashtra,Vegetables,Potato,15-06-2024,-,"1,170.60",Metric Tonnes,"1,822.31","2,242.06","2,596.57",Rs./Quintal
Maharashtra,Vegetables,Onion,16-06-2024,-,"4,340.79",Metric Tonnes,"1,093.03","2,263.10","3,169.52",Rs./Quintal
Maharashtra,Vegetables,Potato,16-06-2024,-,958.7,Metric Tonnes,"2,407.17","2,613.80","2,774.13",Rs./Quintal
Maharashtra,Vegetables,Onion,17-06-2024,-,"13,763.50",Metric Tonnes,737.89,"2,257.58","2,805.15",Rs./Quintal
Maharashtra,Vegetables,Potato,17-06-2024,-,693,Metric Tonnes,"2,383.98","2,570.45","2,767.11",Rs./Quintal
Maharashtra,Vegetables,Onion,18-06-2024,-,"15,012.86",Metric Tonnes,"1,281.02","2,685.51","3,093.77",Rs./Quintal
Maharashtra,Vegetables,Potato,18-06-2024,-,"1,352.90",Metric Tonnes,"2,182.90","2,503.90","2,768.22",Rs./Quintal
Maharashtra,Vegetables,Onion,19-06-2024,-,"23,326.49",Metric Tonnes,"1,182.71","2,746.48","3,260.69",Rs./Quintal
Maharashtra,Vegetables,Potato,19-06-2024,-,"2,111.60",Metric Tonnes,"2,122.45","2,493.20","2,831.06",Rs./Quintal
Maharashtra,Vegetables,Onion,20-06-2024,-,"20,191.41",Metric Tonnes,"1,211.00","2,795.30","3,334.46",Rs./Quintal
Maharashtra,Vegetables,Potato,20-06-2024,-,"1,312.20",Metric Tonnes,"2,190.58","2,474.89","2,758.12",Rs./Quintal
Maharashtra,Vegetables,Onion,21-06-2024,-,"22,595.46",Metric Tonnes,919.37,"2,783.67","3,357.26",Rs./Quintal
Maharashtra,Vegetables,Potato,21-06-2024,-,"2,432.10",Metric Tonnes,"1,965.29","2,366.80","2,763.48",Rs./Quintal
Maharashtra,Vegetables,Onion,22-06-2024,-,"28,551.24",Metric Tonnes,"1,012.09","2,595.97","3,110.57",Rs./Quintal
Maharashtra,Vegetables,Potato,22-06-2024,-,893.2,Metric Tonnes,"2,043.43","2,397.64","2,740.96",Rs./Quintal
Maharashtra,Vegetables,Onion,23-06-2024,-,"4,174.06",Metric Tonnes,897.77,"2,350.52","3,260.29",Rs./Quintal
Maharashtra,Vegetables,Potato,23-06-2024,-,"1,391.40",Metric Tonnes,"2,377.96","2,624.12","2,873.01",Rs./Quintal
Maharashtra,Vegetables,Onion,24-06-2024,-,"20,408.62",Metric Tonnes,"1,213.36","2,701.88","3,181.63",Rs./Quintal
Maharashtra,Vegetables,Potato,24-06-2024,-,"2,315.20",Metric Tonnes,"2,101.29","2,454.46","2,769.97",Rs./Quintal
Maharashtra,Vegetables,Onion,25-06-2024,-,"16,633.54",Metric Tonnes,"1,061.04","2,773.29","3,318.21",Rs./Quintal
Maharashtra,Vegetables,Potato,25-06-2024,-,"1,578.40",Metric Tonnes,"2,085.54","2,494.64","2,829.50",Rs./Quintal
Maharashtra,Vegetables,Onion,26-06-2024,-,"20,475.14",Metric Tonnes,"1,018.60","2,643.98","3,181.54",Rs./Quintal
Maharashtra,Vegetables,Potato,26-06-2024,-,"3,249.30",Metric Tonnes,"2,278.65","2,599.00","2,893.55",Rs./Quintal
Maharashtra,Vegetables,Onion,27-06-2024,-,"21,530.12",Metric Tonnes,952.68,"2,573.08","3,163.95",Rs./Quintal
Maharashtra,Vegetables,Potato,27-06-2024,-,"2,515.90",Metric Tonnes,"2,082.90","2,439.87","2,761.08",Rs./Quintal
Maharashtra,Vegetables,Onion,28-06-2024,-,"14,820.45",Metric Tonnes,871.65,"2,501.67","3,193.73",Rs./Quintal
Maharashtra,Vegetables,Potato,28-06-2024,-,"2,205.20",Metric Tonnes,"2,132.28","2,443.33","2,782.11",Rs./Quintal
Maharashtra,Vegetables,Onion,29-06-2024,-,"16,184.00",Metric Tonnes,967.62,"2,507.68","3,150.15",Rs./Quintal
Maharashtra,Vegetables,Potato,29-06-2024,-,"1,861.50",Metric Tonnes,"2,036.31","2,451.70","2,884.89",Rs./Quintal
Maharashtra,Vegetables,Onion,30-06-2024,-,"5,404.24",Metric Tonnes,"1,254.89","2,500.06","3,228.36",Rs./Quintal
Maharashtra,Vegetables,Potato,30-06-2024,-,"1,584.60",Metric Tonnes,"2,387.37","2,691.05","3,015.83",Rs./Quintal
Maharashtra,Vegetables,Onion,01-07-2024,-,"28,236.74",Metric Tonnes,"1,295.54","2,814.01","3,254.70",Rs./Quintal
Maharashtra,Vegetables,Potato,01-07-2024,-,"2,218.70",Metric Tonnes,"2,059.82","2,488.74","2,929.69",Rs./Quintal
Maharashtra,Vegetables,Onion,02-07-2024,-,"21,964.74",Metric Tonnes,"1,039.63","2,742.00","3,293.75",Rs./Quintal
Maharashtra,Vegetables,Potato,02-07-2024,-,957.4,Metric Tonnes,"2,196.18","2,594.61","2,900.13",Rs./Quintal
Maharashtra,Vegetables,Onion,03-07-2024,-,"24,496.05",Metric Tonnes,"1,184.37","2,702.67","3,257.63",Rs./Quintal
Maharashtra,Vegetables,Potato,03-07-2024,-,"2,191.20",Metric Tonnes,"2,126.87","2,512.46","2,920.98",Rs./Quintal
Maharashtra,Vegetables,Onion,04-07-2024,-,"28,182.43",Metric Tonnes,"1,127.74","2,715.48","3,275.62",Rs./Quintal
Maharashtra,Vegetables,Potato,04-07-2024,-,"1,848.30",Metric Tonnes,"2,153.92","2,540.63","2,950.41",Rs./Quintal
Maharashtra,Vegetables,Onion,05-07-2024,-,"20,353.62",Metric Tonnes,949.47,"2,568.35","3,251.57",Rs./Quintal
Maharashtra,Vegetables,Potato,05-07-2024,-,"2,231.30",Metric Tonnes,"2,261.49","2,604.22","2,975.29",Rs./Quintal
Maharashtra,Vegetables,Onion,06-07-2024,-,"21,802.06",Metric Tonnes,"1,066.38","2,621.72","3,138.01",Rs./Quintal
Maharashtra,Vegetables,Potato,06-07-2024,-,"2,400.80",Metric Tonnes,"2,149.67","2,552.18","2,945.72",Rs./Quintal
Maharashtra,Vegetables,Onion,07-07-2024,-,"7,887.30",Metric Tonnes,"1,195.27","2,452.53","3,205.46",Rs./Quintal
Maharashtra,Vegetables,Potato,07-07-2024,-,565.8,Metric Tonnes,"2,389.64","2,708.92","3,027.24",Rs./Quintal
Maharashtra,Vegetables,Onion,08-07-2024,-,"28,106.24",Metric Tonnes,"1,090.94","2,636.38","3,120.05",Rs./Quintal
Maharashtra,Vegetables,Potato,08-07-2024,-,"3,348.90",Metric Tonnes,"2,100.63","2,557.78","2,968.22",Rs./Quintal
Maharashtra,Vegetables,Onion,09-07-2024,-,"16,465.09",Metric Tonnes,"1,168.56","2,562.31","3,160.13",Rs./Quintal
Maharashtra,Vegetables,Potato,09-07-2024,-,"2,625.00",Metric Tonnes,"2,206.27","2,632.95","3,058.88",Rs./Quintal
Maharashtra,Vegetables,Onion,10-07-2024,-,"18,746.92",Metric Tonnes,"1,194.96","2,651.07","3,142.37",Rs./Quintal
Maharashtra,Vegetables,Potato,10-07-2024,-,"2,890.30",Metric Tonnes,"2,233.12","2,593.90","2,925.27",Rs./Quintal
Maharashtra,Vegetables,Onion,11-07-2024,-,"23,203.69",Metric Tonnes,"1,067.56","2,615.91","3,116.46",Rs./Quintal
Maharashtra,Vegetables,Potato,11-07-2024,-,"1,984.00",Metric Tonnes,"2,200.81","2,576.79","2,938.40",Rs./Quintal
Maharashtra,Vegetables,Onion,12-07-2024,-,"17,478.52",Metric Tonnes,971.72,"2,511.04","3,157.49",Rs./Quintal
Maharashtra,Vegetables,Potato,12-07-2024,-,"1,728.90",Metric Tonnes,"2,213.86","2,582.22","2,932.98",Rs./Quintal
Maharashtra,Vegetables,Onion,13-07-2024,-,"15,362.74",Metric Tonnes,963,"2,553.78","3,081.70",Rs./Quintal
Maharashtra,Vegetables,Potato,13-07-2024,-,858.4,Metric Tonnes,"2,092.36","2,532.25","2,980.41",Rs./Quintal
Maharashtra,Vegetables,Onion,14-07-2024,-,"3,428.30",Metric Tonnes,979.15,"2,257.87","3,152.28",Rs./Quintal
Maharashtra,Vegetables,Potato,14-07-2024,-,"1,003.10",Metric Tonnes,"2,491.31","2,730.25","2,968.48",Rs./Quintal
Maharashtra,Vegetables,Onion,15-07-2024,-,"16,941.81",Metric Tonnes,"1,175.37","2,641.13","3,097.06",Rs./Quintal
Maharashtra,Vegetables,Potato,15-07-2024,-,"2,997.90",Metric Tonnes,"2,176.35","2,541.47","2,877.18",Rs./Quintal
Maharashtra,Vegetables,Onion,16-07-2024,-,"13,740.75",Metric Tonnes,"1,143.33","2,642.97","3,162.25",Rs./Quintal
Maharashtra,Vegetables,Potato,16-07-2024,-,"2,288.30",Metric Tonnes,"2,361.20","2,674.29","2,977.98",Rs./Quintal
Maharashtra,Vegetables,Onion,17-07-2024,-,"8,046.60",Metric Tonnes,"1,054.83","2,506.27","2,999.07",Rs./Quintal
Maharashtra,Vegetables,Potato,17-07-2024,-,386.4,Metric Tonnes,"2,490.35","2,753.33","3,058.07",Rs./Quintal
Maharashtra,Vegetables,Onion,18-07-2024,-,"17,911.97",Metric Tonnes,"1,163.94","2,600.61","3,041.08",Rs./Quintal
Maharashtra,Vegetables,Potato,18-07-2024,-,"2,823.50",Metric Tonnes,"2,212.48","2,589.49","2,957.04",Rs./Quintal
Maharashtra,Vegetables,Onion,19-07-2024,-,"15,933.39",Metric Tonnes,"1,053.73","2,585.69","3,051.82",Rs./Quintal
Maharashtra,Vegetables,Potato,19-07-2024,-,"1,910.10",Metric Tonnes,"2,142.77","2,541.94","2,923.96",Rs./Quintal
Maharashtra,Vegetables,Onion,20-07-2024,-,"18,960.65",Metric Tonnes,"1,054.19","2,502.11","2,987.19",Rs./Quintal
Maharashtra,Vegetables,Potato,20-07-2024,-,596.9,Metric Tonnes,"2,264.36","2,564.95","3,013.56",Rs./Quintal
Maharashtra,Vegetables,Onion,21-07-2024,-,"4,068.52",Metric Tonnes,"1,080.97","2,334.90","3,085.54",Rs./Quintal
Maharashtra,Vegetables,Potato,21-07-2024,-,"1,467.70",Metric Tonnes,"2,477.62","2,770.58","3,063.91",Rs./Quintal
Maharashtra,Vegetables,Onion,22-07-2024,-,"18,027.91",Metric Tonnes,"1,163.50","2,579.19","2,997.83",Rs./Quintal
Maharashtra,Vegetables,Potato,22-07-2024,-,"2,051.90",Metric Tonnes,"2,195.84","2,569.06","2,948.25",Rs./Quintal
Maharashtra,Vegetables,Onion,23-07-2024,-,"17,224.18",Metric Tonnes,"1,092.21","2,490.23","3,021.84",Rs./Quintal
Maharashtra,Vegetables,Potato,23-07-2024,-,"2,318.30",Metric Tonnes,"2,242.22","2,634.51","3,017.11",Rs./Quintal
Maharashtra,Vegetables,Onion,24-07-2024,-,"15,699.85",Metric Tonnes,"1,189.27","2,554.37","2,980.55",Rs./Quintal
Maharashtra,Vegetables,Potato,24-07-2024,-,"2,919.90",Metric Tonnes,"2,017.32","2,560.05","3,085.34",Rs./Quintal
Maharashtra,Vegetables,Onion,25-07-2024,-,"17,833.07",Metric Tonnes,"1,078.61","2,508.12","2,994.42",Rs./Quintal
Maharashtra,Vegetables,Potato,25-07-2024,-,"2,113.30",Metric Tonnes,"2,220.54","2,585.30","2,938.20",Rs./Quintal
Maharashtra,Vegetables,Onion,26-07-2024,-,"13,689.88",Metric Tonnes,"1,023.55","2,587.57","2,976.79",Rs./Quintal
Maharashtra,Vegetables,Potato,26-07-2024,-,"2,238.30",Metric Tonnes,"2,158.02","2,513.97","2,893.20",Rs./Quintal
Maharashtra,Vegetables,Onion,27-07-2024,-,"13,674.80",Metric Tonnes,"1,035.91","2,519.83","2,929.56",Rs./Quintal
Maharashtra,Vegetables,Potato,27-07-2024,-,942.5,Metric Tonnes,"2,290.42","2,674.12","3,005.67",Rs./Quintal
Maharashtra,Vegetables,Onion,28-07-2024,-,"4,083.63",Metric Tonnes,"1,084.98","2,359.16","3,070.76",Rs./Quintal
Maharashtra,Vegetables,Potato,28-07-2024,-,933.4,Metric Tonnes,"2,482.08","2,769.73","3,059.50",Rs./Quintal
Maharashtra,Vegetables,Onion,29-07-2024,-,"23,106.09",Metric Tonnes,"1,114.03","2,513.26","2,943.67",Rs./Quintal
Maharashtra,Vegetables,Potato,29-07-2024,-,"2,711.20",Metric Tonnes,"2,079.64","2,487.88","2,903.23",Rs./Quintal
Maharashtra,Vegetables,Onion,30-07-2024,-,"16,985.25",Metric Tonnes,"1,166.91","2,580.93","2,978.02",Rs./Quintal
Maharashtra,Vegetables,Potato,30-07-2024,-,"2,448.90",Metric Tonnes,"2,210.14","2,590.96","2,954.70",Rs./Quintal
Maharashtra,Vegetables,Onion,31-07-2024,-,"18,699.42",Metric Tonnes,"1,153.75","2,524.00","2,957.76",Rs./Quintal
Maharashtra,Vegetables,Potato,31-07-2024,-,"2,335.60",Metric Tonnes,"2,068.91","2,488.53","2,927.22",Rs./Quintal
Maharashtra,Vegetables,Onion,01-08-2024,-,"26,386.88",Metric Tonnes,"1,111.10","2,492.66","2,916.62",Rs./Quintal
Maharashtra,Vegetables,Potato,01-08-2024,-,"2,517.40",Metric Tonnes,"2,244.41","2,593.32","2,929.17",Rs./Quintal
Maharashtra,Vegetables,Onion,02-08-2024,-,"22,058.40",Metric Tonnes,952.32,"2,402.08","2,930.19",Rs./Quintal
Maharashtra,Vegetables,Potato,02-08-2024,-,"2,170.80",Metric Tonnes,"2,196.24","2,574.67","2,986.42",Rs./Quintal
Maharashtra,Vegetables,Onion,03-08-2024,-,"17,279.80",Metric Tonnes,"1,037.61","2,488.63","2,913.28",Rs./Quintal
Maharashtra,Vegetables,Potato,03-08-2024,-,"1,925.90",Metric Tonnes,"2,169.44","2,522.68","2,882.07",Rs./Quintal
Maharashtra,Vegetables,Onion,04-08-2024,-,"5,967.71",Metric Tonnes,"1,288.99","2,409.82","2,989.10",Rs./Quintal
Maharashtra,Vegetables,Potato,04-08-2024,-,"1,591.00",Metric Tonnes,"2,328.47","2,633.81","2,953.25",Rs./Quintal
Maharashtra,Vegetables,Onion,05-08-2024,-,"23,518.86",Metric Tonnes,"1,078.25","2,551.90","2,984.04",Rs./Quintal
Maharashtra,Vegetables,Potato,05-08-2024,-,"2,752.80",Metric Tonnes,"2,142.18","2,548.19","2,934.49",Rs./Quintal
Maharashtra,Vegetables,Onion,06-08-2024,-,"20,987.05",Metric Tonnes,"1,182.59","2,583.02","3,101.16",Rs./Quintal
Maharashtra,Vegetables,Potato,06-08-2024,-,"1,873.40",Metric Tonnes,"2,134.23","2,509.72","2,899.33",Rs./Quintal
Maharashtra,Vegetables,Onion,07-08-2024,-,"23,806.17",Metric Tonnes,"1,241.62","2,785.19","3,207.60",Rs./Quintal
Maharashtra,Vegetables,Potato,07-08-2024,-,"2,320.30",Metric Tonnes,"2,086.70","2,521.00","2,932.58",Rs./Quintal
Maharashtra,Vegetables,Onion,08-08-2024,-,"26,418.79",Metric Tonnes,"1,227.52","2,784.49","3,261.04",Rs./Quintal
Maharashtra,Vegetables,Potato,08-08-2024,-,"2,238.00",Metric Tonnes,"2,079.23","2,525.53","2,960.54",Rs./Quintal
Maharashtra,Vegetables,Onion,09-08-2024,-,"21,749.88",Metric Tonnes,"1,194.33","2,740.90","3,342.49",Rs./Quintal
Maharashtra,Vegetables,Potato,09-08-2024,-,"2,607.80",Metric Tonnes,"2,054.15","2,498.89","2,942.98",Rs./Quintal
Maharashtra,Vegetables,Onion,10-08-2024,-,"17,889.96",Metric Tonnes,"1,381.90","3,003.63","3,476.12",Rs./Quintal
Maharashtra,Vegetables,Potato,10-08-2024,-,"2,078.50",Metric Tonnes,"2,179.36","2,568.60","2,971.80",Rs./Quintal
Maharashtra,Vegetables,Onion,11-08-2024,-,"7,417.59",Metric Tonnes,"1,690.52","3,009.87","3,747.13",Rs./Quintal
Maharashtra,Vegetables,Potato,11-08-2024,-,"1,717.30",Metric Tonnes,"2,208.11","2,528.73","2,849.99",Rs./Quintal
Maharashtra,Vegetables,Onion,12-08-2024,-,"30,757.79",Metric Tonnes,"1,613.88","3,157.63","3,653.35",Rs./Quintal
Maharashtra,Vegetables,Potato,12-08-2024,-,"3,317.60",Metric Tonnes,"2,144.40","2,497.43","2,843.29",Rs./Quintal
Maharashtra,Vegetables,Onion,13-08-2024,-,"8,497.42",Metric Tonnes,"1,612.59","3,037.85","3,712.98",Rs./Quintal
Maharashtra,Vegetables,Potato,13-08-2024,-,"2,785.30",Metric Tonnes,"2,130.84","2,521.65","2,881.46",Rs./Quintal
Maharashtra,Vegetables,Onion,14-08-2024,-,"25,251.56",Metric Tonnes,"1,446.53","3,086.40","3,607.56",Rs./Quintal
Maharashtra,Vegetables,Potato,14-08-2024,-,"3,354.00",Metric Tonnes,"2,150.42","2,469.27","2,804.58",Rs./Quintal
Maharashtra,Vegetables,Onion,15-08-2024,-,740.3,Metric Tonnes,928.28,"2,871.23","3,321.89",Rs./Quintal
Maharashtra,Vegetables,Potato,15-08-2024,-,7.8,Metric Tonnes,"2,353.85","2,505.13","2,705.13",Rs./Quintal
Maharashtra,Vegetables,Onion,16-08-2024,-,"15,896.99",Metric Tonnes,"1,488.69","3,058.64","3,611.96",Rs./Quintal
Maharashtra,Vegetables,Potato,16-08-2024,-,"1,909.10",Metric Tonnes,"1,978.98","2,345.63","2,711.71",Rs./Quintal
Maharashtra,Vegetables,Onion,17-08-2024,-,"16,324.95",Metric Tonnes,"1,216.24","3,030.24","3,611.12",Rs./Quintal
Maharashtra,Vegetables,Potato,17-08-2024,-,"1,025.30",Metric Tonnes,"2,075.69","2,489.06","2,899.60",Rs./Quintal
Maharashtra,Vegetables,Onion,18-08-2024,-,"4,746.23",Metric Tonnes,"1,676.45","2,942.35","3,624.69",Rs./Quintal
Maharashtra,Vegetables,Potato,18-08-2024,-,"1,230.80",Metric Tonnes,"2,378.62","2,632.88","2,887.64",Rs./Quintal
Maharashtra,Vegetables,Onion,19-08-2024,-,"7,477.60",Metric Tonnes,961.29,"3,012.53","3,593.78",Rs./Quintal
Maharashtra,Vegetables,Potato,19-08-2024,-,157.3,Metric Tonnes,"2,016.91","2,400.70","2,778.77",Rs./Quintal
Maharashtra,Vegetables,Onion,20-08-2024,-,"10,432.05",Metric Tonnes,"1,640.70","3,215.72","3,652.79",Rs./Quintal
Maharashtra,Vegetables,Potato,20-08-2024,-,"2,661.60",Metric Tonnes,"2,094.91","2,477.47","2,889.09",Rs./Quintal
Maharashtra,Vegetables,Onion,21-08-2024,-,"15,270.47",Metric Tonnes,"1,686.66","3,468.35","3,973.35",Rs./Quintal
Maharashtra,Vegetables,Potato,21-08-2024,-,"2,378.90",Metric Tonnes,"2,112.88","2,489.09","2,838.66",Rs./Quintal
Maharashtra,Vegetables,Onion,22-08-2024,-,"27,591.66",Metric Tonnes,"1,838.87","3,662.47","4,200.64",Rs./Quintal
Maharashtra,Vegetables,Potato,22-08-2024,-,"2,818.50",Metric Tonnes,"2,175.63","2,548.75","2,916.14",Rs./Quintal
Maharashtra,Vegetables,Onion,23-08-2024,-,"29,688.84",Metric Tonnes,"1,594.94","3,512.31","4,211.75",Rs./Quintal
Maharashtra,Vegetables,Potato,23-08-2024,-,"1,989.00",Metric Tonnes,"2,170.04","2,522.30","2,878.13",Rs./Quintal
Maharashtra,Vegetables,Onion,24-08-2024,-,"17,146.61",Metric Tonnes,"1,787.44","3,508.46","4,137.32",Rs./Quintal
Maharashtra,Vegetables,Potato,24-08-2024,-,"2,106.50",Metric Tonnes,"2,092.33","2,476.43","2,866.88",Rs./Quintal
Maharashtra,Vegetables,Onion,25-08-2024,-,"9,027.39",Metric Tonnes,"1,875.87","3,395.39","4,326.97",Rs./Quintal
Maharashtra,Vegetables,Potato,25-08-2024,-,"1,598.90",Metric Tonnes,"2,259.43","2,581.83","2,892.84",Rs./Quintal
Maharashtra,Vegetables,Onion,26-08-2024,-,"24,423.81",Metric Tonnes,"1,735.72","3,556.69","4,084.22",Rs./Quintal
Maharashtra,Vegetables,Potato,26-08-2024,-,"3,134.10",Metric Tonnes,"2,009.96","2,450.56","2,811.61",Rs./Quintal
Maharashtra,Vegetables,Onion,27-08-2024,-,"21,041.45",Metric Tonnes,"1,567.74","3,524.81","4,154.06",Rs./Quintal
Maharashtra,Vegetables,Potato,27-08-2024,-,"1,157.20",Metric Tonnes,"2,246.85","2,573.37","2,978.34",Rs./Quintal
Maharashtra,Vegetables,Onion,28-08-2024,-,"21,306.83",Metric Tonnes,"1,685.73","3,511.56","4,061.47",Rs./Quintal
Maharashtra,Vegetables,Potato,28-08-2024,-,"3,032.50",Metric Tonnes,"2,101.07","2,485.46","2,898.52",Rs./Quintal
Maharashtra,Vegetables,Onion,29-08-2024,-,"25,381.00",Metric Tonnes,"1,580.37","3,380.48","3,954.01",Rs./Quintal
Maharashtra,Vegetables,Potato,29-08-2024,-,"2,634.90",Metric Tonnes,"2,078.55","2,506.80","2,900.75",Rs./Quintal
Maharashtra,Vegetables,Onion,30-08-2024,-,"18,839.71",Metric Tonnes,"1,414.58","3,203.07","3,881.48",Rs./Quintal
Maharashtra,Vegetables,Potato,30-08-2024,-,"2,507.30",Metric Tonnes,"2,089.72","2,461.23","2,845.34",Rs./Quintal
Maharashtra,Vegetables,Onion,31-08-2024,-,"15,872.96",Metric Tonnes,"1,513.51","3,327.96","3,925.99",Rs./Quintal
Maharashtra,Vegetables,Potato,31-08-2024,-,"2,358.70",Metric Tonnes,"2,106.50","2,459.68","2,798.38",Rs./Quintal
Maharashtra,Vegetables,Onion,01-09-2024,-,"5,993.79",Metric Tonnes,"1,771.01","3,376.01","4,164.41",Rs./Quintal
Maharashtra,Vegetables,Potato,01-09-2024,-,"1,533.10",Metric Tonnes,"2,301.83","2,614.12","2,926.23",Rs./Quintal
Maharashtra,Vegetables,Onion,02-09-2024,-,"8,137.60",Metric Tonnes,"1,775.85","3,604.03","4,345.92",Rs./Quintal
Maharashtra,Vegetables,Potato,02-09-2024,-,"2,832.50",Metric Tonnes,"2,047.88","2,451.51","2,823.32",Rs./Quintal
Maharashtra,Vegetables,Onion,03-09-2024,-,"17,596.85",Metric Tonnes,"1,943.28","3,969.70","4,767.34",Rs./Quintal
Maharashtra,Vegetables,Potato,03-09-2024,-,"2,412.70",Metric Tonnes,"2,197.55","2,495.62","2,821.14",Rs./Quintal
Maharashtra,Vegetables,Onion,04-09-2024,-,"24,601.93",Metric Tonnes,"1,781.58","3,733.90","4,418.24",Rs./Quintal
Maharashtra,Vegetables,Potato,04-09-2024,-,"2,989.00",Metric Tonnes,"2,078.37","2,413.90","2,746.76",Rs./Quintal
Maharashtra,Vegetables,Onion,05-09-2024,-,"25,955.80",Metric Tonnes,"1,843.29","3,752.59","4,378.24",Rs./Quintal
Maharashtra,Vegetables,Potato,05-09-2024,-,"2,744.80",Metric Tonnes,"2,052.00","2,435.87","2,783.84",Rs./Quintal
Maharashtra,Vegetables,Onion,06-09-2024,-,"17,880.45",Metric Tonnes,"1,667.76","3,575.47","4,313.24",Rs./Quintal
Maharashtra,Vegetables,Potato,06-09-2024,-,"2,916.40",Metric Tonnes,"2,029.08","2,419.90","2,822.82",Rs./Quintal
Maharashtra,Vegetables,Onion,07-09-2024,-,"7,320.00",Metric Tonnes,"1,786.43","3,544.16","4,241.39",Rs./Quintal
Maharashtra,Vegetables,Potato,07-09-2024,-,"1,575.50",Metric Tonnes,"2,007.99","2,401.80","2,752.50",Rs./Quintal
Maharashtra,Vegetables,Onion,08-09-2024,-,"4,547.35",Metric Tonnes,"2,191.97","3,700.55","4,584.06",Rs./Quintal
Maharashtra,Vegetables,Potato,08-09-2024,-,"1,556.80",Metric Tonnes,"2,070.30","2,505.50","2,918.85",Rs./Quintal
Maharashtra,Vegetables,Onion,09-09-2024,-,"18,221.10",Metric Tonnes,"1,888.93","3,635.38","4,310.13",Rs./Quintal
Maharashtra,Vegetables,Potato,09-09-2024,-,"2,439.20",Metric Tonnes,"1,977.74","2,407.90","2,795.51",Rs./Quintal
Maharashtra,Vegetables,Onion,10-09-2024,-,"14,361.78",Metric Tonnes,"2,164.49","3,762.76","4,427.12",Rs./Quintal
Maharashtra,Vegetables,Potato,10-09-2024,-,"2,101.50",Metric Tonnes,"1,869.90","2,373.30","2,862.28",Rs./Quintal
Maharashtra,Vegetables,Onion,11-09-2024,-,"15,913.28",Metric Tonnes,"1,743.49","3,682.24","4,416.84",Rs./Quintal
Maharashtra,Vegetables,Potato,11-09-2024,-,"1,967.60",Metric Tonnes,"1,965.34","2,411.67","2,848.46",Rs./Quintal
Maharashtra,Vegetables,Onion,12-09-2024,-,"18,869.87",Metric Tonnes,"1,882.74","3,758.15","4,432.61",Rs./Quintal
Maharashtra,Vegetables,Potato,12-09-2024,-,"2,352.80",Metric Tonnes,"1,875.96","2,367.56","2,844.45",Rs./Quintal
Maharashtra,Vegetables,Onion,13-09-2024,-,"14,548.59",Metric Tonnes,"1,836.69","3,704.77","4,484.98",Rs./Quintal
Maharashtra,Vegetables,Potato,13-09-2024,-,"2,750.60",Metric Tonnes,"1,928.86","2,317.20","2,711.48",Rs./Quintal
Maharashtra,Vegetables,Onion,14-09-2024,-,"14,305.28",Metric Tonnes,"1,885.62","4,205.85","5,015.19",Rs./Quintal
Maharashtra,Vegetables,Potato,14-09-2024,-,"1,567.70",Metric Tonnes,"2,158.63","2,544.92","3,024.25",Rs./Quintal
Maharashtra,Vegetables,Onion,15-09-2024,-,"6,223.81",Metric Tonnes,"2,230.59","4,046.73","5,237.58",Rs./Quintal
Maharashtra,Vegetables,Potato,15-09-2024,-,"1,096.60",Metric Tonnes,"1,900.65","2,407.24","2,910.18",Rs./Quintal
Maharashtra,Vegetables,Onion,16-09-2024,-,"9,452.05",Metric Tonnes,"2,724.41","4,246.50","4,994.48",Rs./Quintal
Maharashtra,Vegetables,Potato,16-09-2024,-,"2,980.20",Metric Tonnes,"2,249.51","2,683.86","3,076.41",Rs./Quintal
Maharashtra,Vegetables,Onion,17-09-2024,-,"3,567.95",Metric Tonnes,"2,513.56","4,016.96","4,905.53",Rs./Quintal
Maharashtra,Vegetables,Potato,17-09-2024,-,905.5,Metric Tonnes,"2,028.27","2,547.44","3,037.34",Rs./Quintal
Maharashtra,Vegetables,Onion,18-09-2024,-,"15,302.64",Metric Tonnes,"2,025.91","3,952.11","4,776.48",Rs./Quintal
Maharashtra,Vegetables,Potato,18-09-2024,-,"2,680.40",Metric Tonnes,"2,044.96","2,550.77","3,010.55",Rs./Quintal
Maharashtra,Vegetables,Onion,19-09-2024,-,"16,100.81",Metric Tonnes,"2,245.73","4,134.69","4,930.28",Rs./Quintal
Maharashtra,Vegetables,Potato,19-09-2024,-,"3,288.20",Metric Tonnes,"1,973.73","2,486.89","2,992.00",Rs./Quintal
Maharashtra,Vegetables,Onion,20-09-2024,-,"12,801.95",Metric Tonnes,"1,894.97","4,131.52","4,982.72",Rs./Quintal
Maharashtra,Vegetables,Potato,20-09-2024,-,"1,712.90",Metric Tonnes,"1,997.72","2,466.29","2,908.59",Rs./Quintal
Maharashtra,Vegetables,Onion,21-09-2024,-,"14,842.47",Metric Tonnes,"2,095.98","4,227.19","5,030.15",Rs./Quintal
Maharashtra,Vegetables,Potato,21-09-2024,-,"2,050.80",Metric Tonnes,"2,141.03","2,550.71","2,944.12",Rs./Quintal
Maharashtra,Vegetables,Onion,22-09-2024,-,"6,210.20",Metric Tonnes,"2,412.82","4,081.70","5,126.89",Rs./Quintal
Maharashtra,Vegetables,Potato,22-09-2024,-,"1,493.20",Metric Tonnes,"2,185.91","2,567.18","2,905.30",Rs./Quintal
Maharashtra,Vegetables,Onion,23-09-2024,-,"20,060.80",Metric Tonnes,"1,959.46","4,184.86","4,952.90",Rs./Quintal
Maharashtra,Vegetables,Potato,23-09-2024,-,"2,956.20",Metric Tonnes,"1,988.86","2,488.84","2,993.48",Rs./Quintal
Maharashtra,Vegetables,Onion,24-09-2024,-,"18,853.20",Metric Tonnes,"2,167.39","4,262.87","5,090.61",Rs./Quintal
Maharashtra,Vegetables,Potato,24-09-2024,-,"3,275.70",Metric Tonnes,"2,071.83","2,541.75","2,991.88",Rs./Quintal
Maharashtra,Vegetables,Onion,25-09-2024,-,"8,621.40",Metric Tonnes,"1,562.94","3,806.55","4,866.17",Rs./Quintal
Maharashtra,Vegetables,Potato,25-09-2024,-,"1,578.10",Metric Tonnes,"2,159.60","2,568.23","3,034.01",Rs./Quintal
Maharashtra,Vegetables,Onion,26-09-2024,-,"21,213.31",Metric Tonnes,"2,074.90","4,155.64","4,867.14",Rs./Quintal
Maharashtra,Vegetables,Potato,26-09-2024,-,"3,082.10",Metric Tonnes,"2,093.73","2,559.34","2,998.96",Rs./Quintal
Maharashtra,Vegetables,Onion,27-09-2024,-,"19,359.30",Metric Tonnes,"1,704.93","3,888.72","4,722.14",Rs./Quintal
Maharashtra,Vegetables,Potato,27-09-2024,-,"2,231.00",Metric Tonnes,"1,975.32","2,519.94","3,064.51",Rs./Quintal
Maharashtra,Vegetables,Onion,28-09-2024,-,"18,577.18",Metric Tonnes,"1,608.29","3,646.67","4,397.78",Rs./Quintal
Maharashtra,Vegetables,Potato,28-09-2024,-,"1,985.90",Metric Tonnes,"2,074.20","2,530.66","2,963.85",Rs./Quintal
Maharashtra,Vegetables,Onion,29-09-2024,-,"7,525.68",Metric Tonnes,"1,894.36","3,391.23","4,264.24",Rs./Quintal
Maharashtra,Vegetables,Potato,29-09-2024,-,898.6,Metric Tonnes,"2,081.52","2,600.70","3,115.76",Rs./Quintal
Maharashtra,Vegetables,Onion,30-09-2024,-,"21,637.13",Metric Tonnes,"1,612.73","3,433.44","4,202.67",Rs./Quintal
Maharashtra,Vegetables,Potato,30-09-2024,-,"2,525.40",Metric Tonnes,"2,217.69","2,659.33","3,074.26",Rs./Quintal
Maharashtra,Vegetables,Onion,01-10-2024,-,"14,726.88",Metric Tonnes,"1,672.24","3,494.13","4,451.35",Rs./Quintal
Maharashtra,Vegetables,Potato,01-10-2024,-,"2,662.70",Metric Tonnes,"2,242.79","2,678.37","3,160.50",Rs./Quintal
Maharashtra,Vegetables,Onion,02-10-2024,-,"4,081.80",Metric Tonnes,"1,849.49","3,498.69","4,226.30",Rs./Quintal
Maharashtra,Vegetables,Potato,02-10-2024,-,"1,600.70",Metric Tonnes,"2,152.02","2,621.89","3,113.03",Rs./Quintal
Maharashtra,Vegetables,Onion,03-10-2024,-,"13,497.81",Metric Tonnes,"1,484.78","3,621.20","4,528.74",Rs./Quintal
Maharashtra,Vegetables,Potato,03-10-2024,-,"3,012.60",Metric Tonnes,"2,240.85","2,710.47","3,163.52",Rs./Quintal
Maharashtra,Vegetables,Onion,04-10-2024,-,"13,410.16",Metric Tonnes,"1,552.11","3,761.33","4,879.63",Rs./Quintal
Maharashtra,Vegetables,Potato,04-10-2024,-,"2,994.00",Metric Tonnes,"2,150.71","2,683.22","3,211.05",Rs./Quintal
Maharashtra,Vegetables,Onion,05-10-2024,-,"16,131.51",Metric Tonnes,"1,503.83","3,547.56","4,675.27",Rs./Quintal
Maharashtra,Vegetables,Potato,05-10-2024,-,"2,792.40",Metric Tonnes,"2,208.03","2,706.99","3,183.67",Rs./Quintal
Maharashtra,Vegetables,Onion,06-10-2024,-,"5,978.44",Metric Tonnes,"1,956.53","3,744.78","4,747.55",Rs./Quintal
Maharashtra,Vegetables,Potato,06-10-2024,-,"1,796.80",Metric Tonnes,"2,037.89","2,693.44","3,369.73",Rs./Quintal
Maharashtra,Vegetables,Onion,07-10-2024,-,"10,494.30",Metric Tonnes,"1,467.19","3,190.21","4,811.07",Rs./Quintal
Maharashtra,Vegetables,Potato,07-10-2024,-,"4,285.60",Metric Tonnes,"2,012.78","2,604.68","3,180.37",Rs./Quintal
Maharashtra,Vegetables,Onion,09-10-2024,-,"15,587.68",Metric Tonnes,"1,381.40","3,373.43","4,596.51",Rs./Quintal
Maharashtra,Vegetables,Potato,09-10-2024,-,"3,374.20",Metric Tonnes,"2,012.94","2,599.75","3,151.22",Rs./Quintal
Maharashtra,Vegetables,Onion,10-10-2024,-,"19,054.35",Metric Tonnes,"1,400.29","3,308.12","4,494.67",Rs./Quintal
Maharashtra,Vegetables,Potato,10-10-2024,-,"2,998.10",Metric Tonnes,"2,047.47","2,631.00","3,185.05",Rs./Quintal
Maharashtra,Vegetables,Onion,11-10-2024,-,"14,281.39",Metric Tonnes,"1,423.94","3,227.08","4,652.80",Rs./Quintal
Maharashtra,Vegetables,Potato,11-10-2024,-,"3,020.50",Metric Tonnes,"2,041.92","2,573.25","3,176.36",Rs./Quintal
Maharashtra,Vegetables,Onion,12-10-2024,-,"8,638.20",Metric Tonnes,"1,191.89","3,314.12","4,204.08",Rs./Quintal
Maharashtra,Vegetables,Potato,12-10-2024,-,766.7,Metric Tonnes,"1,994.82","2,506.74","3,007.42",Rs./Quintal
Maharashtra,Vegetables,Onion,13-10-2024,-,"4,278.70",Metric Tonnes,"1,947.08","3,607.43","4,581.10",Rs./Quintal
Maharashtra,Vegetables,Potato,13-10-2024,-,"1,261.40",Metric Tonnes,"1,996.17","2,705.92","3,375.24",Rs./Quintal
Maharashtra,Vegetables,Onion,14-10-2024,-,"20,344.89",Metric Tonnes,"1,499.52","3,430.59","4,561.57",Rs./Quintal
Maharashtra,Vegetables,Potato,14-10-2024,-,"2,938.90",Metric Tonnes,"2,140.24","2,639.26","3,134.34",Rs./Quintal
Maharashtra,Vegetables,Onion,15-10-2024,-,"19,014.67",Metric Tonnes,"1,620.83","3,390.28","4,688.26",Rs./Quintal
Maharashtra,Vegetables,Potato,15-10-2024,-,"3,298.60",Metric Tonnes,"2,107.44","2,603.65","3,078.22",Rs./Quintal
Maharashtra,Vegetables,Onion,16-10-2024,-,"17,498.26",Metric Tonnes,"1,461.02","3,413.05","4,736.04",Rs./Quintal
Maharashtra,Vegetables,Potato,16-10-2024,-,"2,896.90",Metric Tonnes,"1,975.30","2,580.96","3,169.54",Rs./Quintal
Maharashtra,Vegetables,Onion,17-10-2024,-,"15,442.60",Metric Tonnes,"1,349.79","3,336.53","4,726.50",Rs./Quintal
Maharashtra,Vegetables,Potato,17-10-2024,-,"3,182.20",Metric Tonnes,"1,968.81","2,595.15","3,154.95",Rs./Quintal
Maharashtra,Vegetables,Onion,18-10-2024,-,"18,282.43",Metric Tonnes,"1,461.65","3,465.34","4,701.66",Rs./Quintal
Maharashtra,Vegetables,Potato,18-10-2024,-,"2,392.00",Metric Tonnes,"1,950.91","2,568.77","3,176.79",Rs./Quintal
Maharashtra,Vegetables,Onion,19-10-2024,-,"16,644.08",Metric Tonnes,"1,467.50","3,415.25","4,734.02",Rs./Quintal
Maharashtra,Vegetables,Potato,19-10-2024,-,"2,041.30",Metric Tonnes,"1,992.87","2,528.67","3,056.59",Rs./Quintal
Maharashtra,Vegetables,Onion,20-10-2024,-,"5,989.90",Metric Tonnes,"2,124.72","3,792.76","4,774.79",Rs./Quintal
Maharashtra,Vegetables,Potato,20-10-2024,-,"1,506.10",Metric Tonnes,"2,057.26","2,709.48","3,312.97",Rs./Quintal
Maharashtra,Vegetables,Onion,21-10-2024,-,"19,215.26",Metric Tonnes,"1,494.58","3,549.04","4,944.20",Rs./Quintal
Maharashtra,Vegetables,Potato,21-10-2024,-,"1,838.00",Metric Tonnes,"1,975.12","2,543.09","3,055.13",Rs./Quintal
Maharashtra,Vegetables,Onion,22-10-2024,-,"17,613.85",Metric Tonnes,"1,694.93","3,645.20","5,059.04",Rs./Quintal
Maharashtra,Vegetables,Potato,22-10-2024,-,"2,736.50",Metric Tonnes,"2,137.44","2,688.24","3,206.39",Rs./Quintal
Maharashtra,Vegetables,Onion,23-10-2024,-,"17,666.45",Metric Tonnes,"1,632.68","3,657.95","5,053.04",Rs./Quintal
Maharashtra,Vegetables,Potato,23-10-2024,-,"2,615.60",Metric Tonnes,"2,106.91","2,677.58","3,256.53",Rs./Quintal
Maharashtra,Vegetables,Onion,24-10-2024,-,"23,423.00",Metric Tonnes,"1,370.58","3,480.18","4,907.08",Rs./Quintal
Maharashtra,Vegetables,Potato,24-10-2024,-,"2,991.60",Metric Tonnes,"1,994.15","2,611.93","3,232.74",Rs./Quintal
Maharashtra,Vegetables,Onion,25-10-2024,-,"18,951.00",Metric Tonnes,"1,361.75","3,484.09","5,028.44",Rs./Quintal
Maharashtra,Vegetables,Potato,25-10-2024,-,"3,438.00",Metric Tonnes,"1,990.58","2,696.87","3,391.57",Rs./Quintal
Maharashtra,Vegetables,Onion,26-10-2024,-,"21,273.25",Metric Tonnes,"1,169.13","3,131.44","4,744.22",Rs./Quintal
Maharashtra,Vegetables,Potato,26-10-2024,-,"2,750.90",Metric Tonnes,"1,897.36","2,462.02","3,044.98",Rs./Quintal
Maharashtra,Vegetables,Onion,27-10-2024,-,"6,911.75",Metric Tonnes,"1,486.44","3,478.39","4,907.93",Rs./Quintal
Maharashtra,Vegetables,Potato,27-10-2024,-,"1,621.70",Metric Tonnes,"1,825.23","2,686.69","3,559.83",Rs./Quintal
Maharashtra,Vegetables,Onion,28-10-2024,-,"18,737.69",Metric Tonnes,"1,178.69","3,029.83","5,116.12",Rs./Quintal
Maharashtra,Vegetables,Potato,28-10-2024,-,"2,444.80",Metric Tonnes,"2,018.09","2,611.07","3,104.88",Rs./Quintal
Maharashtra,Vegetables,Onion,29-10-2024,-,"16,257.60",Metric Tonnes,887.21,"2,517.16","5,214.65",Rs./Quintal
Maharashtra,Vegetables,Potato,29-10-2024,-,"2,022.00",Metric Tonnes,"2,025.73","2,612.82","3,191.32",Rs./Quintal
Maharashtra,Vegetables,Onion,30-10-2024,-,"4,150.50",Metric Tonnes,"1,642.29","3,181.65","4,745.18",Rs./Quintal
Maharashtra,Vegetables,Potato,30-10-2024,-,"2,434.50",Metric Tonnes,"2,013.46","2,598.63","3,118.60",Rs./Quintal
Maharashtra,Vegetables,Onion,31-10-2024,-,"1,639.60",Metric Tonnes,"1,652.78","3,248.41","4,797.42",Rs./Quintal
Maharashtra,Vegetables,Potato,31-10-2024,-,666.5,Metric Tonnes,"2,036.20","2,679.59","3,345.00",Rs./Quintal
Maharashtra,Vegetables,Onion,01-11-2024,-,714.5,Metric Tonnes,"1,671.01","3,264.65","4,690.59",Rs./Quintal
Maharashtra,Vegetables,Potato,01-11-2024,-,642.3,Metric Tonnes,"2,206.63","2,847.10","3,488.20",Rs./Quintal
Maharashtra,Vegetables,Onion,02-11-2024,-,"2,793.40",Metric Tonnes,"1,322.84","3,159.31","4,937.81",Rs./Quintal
Maharashtra,Vegetables,Potato,02-11-2024,-,"1,867.90",Metric Tonnes,"2,019.71","2,636.02","3,237.28",Rs./Quintal
Maharashtra,Vegetables,Onion,03-11-2024,-,"1,480.96",Metric Tonnes,729.46,"2,747.34","3,927.42",Rs./Quintal
Maharashtra,Vegetables,Potato,03-11-2024,-,399.7,Metric Tonnes,"1,703.15","2,354.32","2,789.07",Rs./Quintal
Maharashtra,Vegetables,Onion,04-11-2024,-,"11,413.50",Metric Tonnes,"1,162.51","3,358.78","5,369.41",Rs./Quintal
Maharashtra,Vegetables,Potato,04-11-2024,-,"3,193.40",Metric Tonnes,"1,984.58","2,733.94","3,439.56",Rs./Quintal
Maharashtra,Vegetables,Onion,05-11-2024,-,"9,057.54",Metric Tonnes,"1,418.24","3,695.26","6,178.02",Rs./Quintal
Maharashtra,Vegetables,Potato,05-11-2024,-,"2,558.00",Metric Tonnes,"2,018.26","2,680.71","3,307.38",Rs./Quintal
Maharashtra,Vegetables,Onion,06-11-2024,-,"11,442.60",Metric Tonnes,"1,262.87","3,846.18","6,167.54",Rs./Quintal
Maharashtra,Vegetables,Potato,06-11-2024,-,883.5,Metric Tonnes,"1,975.48","2,839.99","3,708.53",Rs./Quintal
Maharashtra,Vegetables,Onion,07-11-2024,-,"21,423.71",Metric Tonnes,"1,630.51","4,117.01","6,164.56",Rs./Quintal
Maharashtra,Vegetables,Potato,07-11-2024,-,"2,288.60",Metric Tonnes,"2,009.13","2,732.39","3,395.24",Rs./Quintal
Maharashtra,Vegetables,Onion,08-11-2024,-,"16,453.21",Metric Tonnes,"1,465.86","3,949.94","6,401.44",Rs./Quintal
Maharashtra,Vegetables,Potato,08-11-2024,-,"2,386.30",Metric Tonnes,"2,048.39","2,823.15","3,586.67",Rs./Quintal
Maharashtra,Vegetables,Onion,09-11-2024,-,"18,153.94",Metric Tonnes,"1,420.48","3,895.00","6,139.42",Rs./Quintal
Maharashtra,Vegetables,Potato,09-11-2024,-,"2,168.30",Metric Tonnes,"2,059.18","2,639.80","3,176.82",Rs./Quintal
Maharashtra,Vegetables,Onion,10-11-2024,-,"4,748.91",Metric Tonnes,"1,936.86","4,336.16","6,157.87",Rs./Quintal
Maharashtra,Vegetables,Potato,10-11-2024,-,"1,601.70",Metric Tonnes,"2,285.16","3,083.39","3,931.73",Rs./Quintal
Maharashtra,Vegetables,Onion,11-11-2024,-,"24,514.46",Metric Tonnes,"1,389.13","3,839.69","5,843.12",Rs./Quintal
Maharashtra,Vegetables,Potato,11-11-2024,-,"3,113.60",Metric Tonnes,"2,042.03","2,686.36","3,289.47",Rs./Quintal
Maharashtra,Vegetables,Onion,12-11-2024,-,"18,822.68",Metric Tonnes,"1,374.83","3,669.24","6,209.99",Rs./Quintal
Maharashtra,Vegetables,Potato,12-11-2024,-,"2,806.50",Metric Tonnes,"2,072.60","2,719.72","3,367.79",Rs./Quintal
Maharashtra,Vegetables,Onion,13-11-2024,-,"20,624.85",Metric Tonnes,"1,231.15","3,670.58","5,998.66",Rs./Quintal
Maharashtra,Vegetables,Potato,13-11-2024,-,"2,696.60",Metric Tonnes,"2,040.65","2,650.95","3,225.29",Rs./Quintal
Maharashtra,Vegetables,Onion,14-11-2024,-,"18,282.57",Metric Tonnes,"1,322.31","3,644.38","5,983.96",Rs./Quintal
Maharashtra,Vegetables,Potato,14-11-2024,-,"2,285.60",Metric Tonnes,"2,117.37","2,600.47","3,084.94",Rs./Quintal
Maharashtra,Vegetables,Onion,15-11-2024,-,"13,205.59",Metric Tonnes,"1,165.59","3,101.85","6,147.69",Rs./Quintal
Maharashtra,Vegetables,Potato,15-11-2024,-,"2,188.60",Metric Tonnes,"1,991.96","2,623.40","3,257.45",Rs./Quintal
Maharashtra,Vegetables,Onion,16-11-2024,-,"15,316.86",Metric Tonnes,"1,238.47","3,462.25","5,753.24",Rs./Quintal
Maharashtra,Vegetables,Potato,16-11-2024,-,"2,158.80",Metric Tonnes,"1,966.80","2,449.88","2,905.24",Rs./Quintal
Maharashtra,Vegetables,Onion,17-11-2024,-,"4,555.76",Metric Tonnes,"1,736.80","4,023.89","5,909.81",Rs./Quintal
Maharashtra,Vegetables,Potato,17-11-2024,-,"1,280.40",Metric Tonnes,"2,192.96","2,943.88","3,728.85",Rs./Quintal
Maharashtra,Vegetables,Onion,18-11-2024,-,"20,374.35",Metric Tonnes,"1,220.74","3,381.91","5,926.47",Rs./Quintal
Maharashtra,Vegetables,Potato,18-11-2024,-,"3,079.60",Metric Tonnes,"2,066.81","2,628.04","3,160.44",Rs./Quintal
Maharashtra,Vegetables,Onion,19-11-2024,-,"15,603.44",Metric Tonnes,"1,233.88","3,482.17","6,032.61",Rs./Quintal
Maharashtra,Vegetables,Potato,19-11-2024,-,"1,703.60",Metric Tonnes,"2,204.51","2,753.57","3,242.17",Rs./Quintal
Maharashtra,Vegetables,Onion,20-11-2024,-,43.1,Metric Tonnes,546.17,"2,211.72","3,493.04",Rs./Quintal
Maharashtra,Vegetables,Potato,20-11-2024,-,49.6,Metric Tonnes,"2,027.42","2,287.80","2,548.19",Rs./Quintal
Maharashtra,Vegetables,Onion,21-11-2024,-,"18,653.65",Metric Tonnes,"1,377.53","3,681.99","5,782.72",Rs./Quintal
Maharashtra,Vegetables,Potato,21-11-2024,-,"3,808.90",Metric Tonnes,"2,097.35","2,771.07","3,435.82",Rs./Quintal
Maharashtra,Vegetables,Onion,22-11-2024,-,"16,528.53",Metric Tonnes,"1,389.61","3,846.39","6,109.27",Rs./Quintal
Maharashtra,Vegetables,Potato,22-11-2024,-,"2,867.50",Metric Tonnes,"2,097.81","2,742.50","3,406.54",Rs./Quintal
Maharashtra,Vegetables,Onion,23-11-2024,-,"13,244.03",Metric Tonnes,"1,173.23","3,577.15","5,795.49",Rs./Quintal
Maharashtra,Vegetables,Potato,23-11-2024,-,"2,195.40",Metric Tonnes,"2,025.86","2,596.02","3,111.00",Rs./Quintal
Maharashtra,Vegetables,Onion,24-11-2024,-,"3,553.67",Metric Tonnes,"2,034.77","4,405.04","6,223.40",Rs./Quintal
Maharashtra,Vegetables,Potato,24-11-2024,-,"1,702.00",Metric Tonnes,"2,141.27","3,006.50","3,903.91",Rs./Quintal
Maharashtra,Vegetables,Onion,25-11-2024,-,"24,696.22",Metric Tonnes,"1,288.35","3,809.03","5,857.08",Rs./Quintal
Maharashtra,Vegetables,Potato,25-11-2024,-,"3,243.10",Metric Tonnes,"2,060.33","2,724.23","3,341.41",Rs./Quintal
Maharashtra,Vegetables,Onion,26-11-2024,-,"15,277.21",Metric Tonnes,"1,530.24","3,862.48","6,083.88",Rs./Quintal
Maharashtra,Vegetables,Potato,26-11-2024,-,"3,315.10",Metric Tonnes,"1,966.42","2,655.77","3,349.12",Rs./Quintal
Maharashtra,Vegetables,Onion,27-11-2024,-,"18,015.42",Metric Tonnes,"1,426.78","3,924.88","5,868.42",Rs./Quintal
Maharashtra,Vegetables,Potato,27-11-2024,-,"3,021.30",Metric Tonnes,"1,823.18","2,491.39","3,167.31",Rs./Quintal
Maharashtra,Vegetables,Onion,28-11-2024,-,"13,919.67",Metric Tonnes,"1,271.11","3,804.28","5,846.87",Rs./Quintal
Maharashtra,Vegetables,Potato,28-11-2024,-,"2,859.20",Metric Tonnes,"1,831.38","2,523.10","3,191.54",Rs./Quintal
Maharashtra,Vegetables,Onion,30-11-2024,-,"3,340.30",Metric Tonnes,"1,512.55","3,782.26","5,077.58",Rs./Quintal
Maharashtra,Vegetables,Potato,30-11-2024,-,"1,038.90",Metric Tonnes,"1,905.99","2,573.39","3,206.92",Rs./Quintal
Maharashtra,Vegetables,Onion,01-12-2024,-,"1,124.30",Metric Tonnes,"1,101.94","3,328.81","5,558.36",Rs./Quintal
Maharashtra,Vegetables,Potato,01-12-2024,-,384.6,Metric Tonnes,"1,885.86","2,485.47","3,290.48",Rs./Quintal
Maharashtra,Vegetables,Onion,02-12-2024,-,"34,092.26",Metric Tonnes,992.33,"3,416.86","5,384.25",Rs./Quintal
Maharashtra,Vegetables,Potato,02-12-2024,-,"2,529.80",Metric Tonnes,"1,894.89","2,555.43","3,141.64",Rs./Quintal
Maharashtra,Vegetables,Onion,03-12-2024,-,"23,139.60",Metric Tonnes,"1,154.13","3,460.16","5,623.48",Rs./Quintal
Maharashtra,Vegetables,Potato,03-12-2024,-,"2,392.10",Metric Tonnes,"1,792.53","2,455.97","3,088.48",Rs./Quintal
Maharashtra,Vegetables,Onion,04-12-2024,-,"24,860.04",Metric Tonnes,"1,089.01","3,541.66","5,263.39",Rs./Quintal
Maharashtra,Vegetables,Potato,04-12-2024,-,"1,693.10",Metric Tonnes,"1,907.76","2,641.31","3,310.64",Rs./Quintal
Maharashtra,Vegetables,Onion,05-12-2024,-,"35,119.49",Metric Tonnes,908.98,"3,175.45","4,742.42",Rs./Quintal
Maharashtra,Vegetables,Potato,05-12-2024,-,"1,986.30",Metric Tonnes,"1,916.59","2,652.66","3,384.25",Rs./Quintal
Maharashtra,Vegetables,Onion,06-12-2024,-,"18,861.08",Metric Tonnes,"1,293.50","3,726.17","9,181.85",Rs./Quintal
Maharashtra,Vegetables,Potato,06-12-2024,-,"2,624.30",Metric Tonnes,"1,829.46","2,603.12","3,378.94",Rs./Quintal
Maharashtra,Vegetables,Onion,07-12-2024,-,"22,596.30",Metric Tonnes,908.21,"3,678.44","5,719.88",Rs./Quintal
Maharashtra,Vegetables,Potato,07-12-2024,-,"1,710.50",Metric Tonnes,"1,977.45","2,608.29","3,211.66",Rs./Quintal
Maharashtra,Vegetables,Onion,08-12-2024,-,"6,864.67",Metric Tonnes,"1,439.56","4,058.13","5,928.84",Rs./Quintal
Maharashtra,Vegetables,Potato,08-12-2024,-,"1,499.40",Metric Tonnes,"1,981.28","2,830.85","3,678.71",Rs./Quintal
Maharashtra,Vegetables,Onion,09-12-2024,-,"30,981.96",Metric Tonnes,"1,095.00","3,777.76","5,408.58",Rs./Quintal
Maharashtra,Vegetables,Potato,09-12-2024,-,"2,950.70",Metric Tonnes,"1,859.62","2,500.37","3,125.64",Rs./Quintal
Maharashtra,Vegetables,Onion,10-12-2024,-,"28,020.32",Metric Tonnes,"1,341.35","3,828.37","5,633.12",Rs./Quintal
Maharashtra,Vegetables,Potato,10-12-2024,-,"3,132.50",Metric Tonnes,"1,702.25","2,407.17","3,194.59",Rs./Quintal
Maharashtra,Vegetables,Onion,11-12-2024,-,"19,540.77",Metric Tonnes,"1,047.74","3,606.96","5,324.32",Rs./Quintal
Maharashtra,Vegetables,Potato,11-12-2024,-,"3,452.70",Metric Tonnes,"1,508.57","2,201.92","2,919.47",Rs./Quintal
Maharashtra,Vegetables,Onion,12-12-2024,-,"32,589.70",Metric Tonnes,992.35,"3,389.32","4,998.49",Rs./Quintal
Maharashtra,Vegetables,Potato,12-12-2024,-,"3,086.10",Metric Tonnes,"1,523.49","2,187.43","2,937.51",Rs./Quintal
Maharashtra,Vegetables,Onion,13-12-2024,-,"29,371.78",Metric Tonnes,975.19,"3,124.32","4,698.80",Rs./Quintal
Maharashtra,Vegetables,Potato,13-12-2024,-,"2,983.60",Metric Tonnes,"1,438.32","2,116.61","2,785.14",Rs./Quintal
Maharashtra,Vegetables,Onion,14-12-2024,-,"32,408.10",Metric Tonnes,703.36,"2,576.89","3,972.13",Rs./Quintal
Maharashtra,Vegetables,Potato,14-12-2024,-,"2,178.60",Metric Tonnes,"1,653.21","2,115.94","2,735.39",Rs./Quintal
Maharashtra,Vegetables,Onion,15-12-2024,-,"10,793.71",Metric Tonnes,"1,198.05","3,157.79","4,339.24",Rs./Quintal
Maharashtra,Vegetables,Potato,15-12-2024,-,"1,318.40",Metric Tonnes,"1,412.17","2,568.60","3,154.74",Rs./Quintal
Maharashtra,Vegetables,Onion,16-12-2024,-,"43,491.20",Metric Tonnes,689.68,"2,190.56","3,428.73",Rs./Quintal
Maharashtra,Vegetables,Potato,16-12-2024,-,"3,221.50",Metric Tonnes,"1,694.38","2,203.60","2,644.67",Rs./Quintal
Maharashtra,Vegetables,Onion,17-12-2024,-,"32,816.20",Metric Tonnes,713.19,"2,055.10","3,263.27",Rs./Quintal
Maharashtra,Vegetables,Potato,17-12-2024,-,"2,754.80",Metric Tonnes,"1,480.70","2,035.63","2,563.70",Rs./Quintal
Maharashtra,Vegetables,Onion,18-12-2024,-,"32,973.50",Metric Tonnes,722.78,"1,991.92","3,095.11",Rs./Quintal
Maharashtra,Vegetables,Potato,18-12-2024,-,"3,263.30",Metric Tonnes,"1,371.03","1,940.89","2,467.38",Rs./Quintal
Maharashtra,Vegetables,Onion,19-12-2024,-,"31,685.30",Metric Tonnes,739.09,"1,861.69","2,791.26",Rs./Quintal
Maharashtra,Vegetables,Potato,19-12-2024,-,"2,645.80",Metric Tonnes,"1,289.82","1,899.93","2,512.44",Rs./Quintal
Maharashtra,Vegetables,Onion,20-12-2024,-,"33,690.53",Metric Tonnes,644.16,"1,803.70","2,889.99",Rs./Quintal
Maharashtra,Vegetables,Potato,20-12-2024,-,"2,438.20",Metric Tonnes,"1,251.35","1,833.29","2,384.54",Rs./Quintal
Maharashtra,Vegetables,Onion,21-12-2024,-,"25,099.31",Metric Tonnes,691.98,"1,860.55","2,730.37",Rs./Quintal
Maharashtra,Vegetables,Potato,21-12-2024,-,"1,741.00",Metric Tonnes,"1,465.57","1,887.29","2,326.17",Rs./Quintal
Maharashtra,Vegetables,Onion,22-12-2024,-,"7,706.67",Metric Tonnes,834.61,"2,057.75","2,970.51",Rs./Quintal
Maharashtra,Vegetables,Potato,22-12-2024,-,"1,581.10",Metric Tonnes,"1,361.10","2,016.85","2,726.41",Rs./Quintal
Maharashtra,Vegetables,Onion,23-12-2024,-,"34,501.80",Metric Tonnes,590.4,"1,792.59","2,913.33",Rs./Quintal
Maharashtra,Vegetables,Potato,23-12-2024,-,"3,254.50",Metric Tonnes,"1,275.68","1,837.44","2,379.42",Rs./Quintal
Maharashtra,Vegetables,Onion,24-12-2024,-,"23,180.90",Metric Tonnes,652.12,"1,801.89","3,012.55",Rs./Quintal
Maharashtra,Vegetables,Potato,24-12-2024,-,"3,410.80",Metric Tonnes,"1,371.30","1,864.53","2,346.86",Rs./Quintal
Maharashtra,Vegetables,Onion,25-12-2024,-,"12,694.73",Metric Tonnes,733.44,"2,006.36","3,163.44",Rs./Quintal
Maharashtra,Vegetables,Potato,25-12-2024,-,"1,438.40",Metric Tonnes,"1,194.33","1,922.87","2,661.72",Rs./Quintal
Maharashtra,Vegetables,Onion,26-12-2024,-,"28,348.50",Metric Tonnes,594.77,"1,956.73","2,938.22",Rs./Quintal
Maharashtra,Vegetables,Potato,26-12-2024,-,"3,079.80",Metric Tonnes,"1,178.60","1,765.03","2,337.46",Rs./Quintal
Maharashtra,Vegetables,Onion,27-12-2024,-,"21,085.87",Metric Tonnes,748.1,"2,019.58","3,047.27",Rs./Quintal
Maharashtra,Vegetables,Potato,27-12-2024,-,"2,556.60",Metric Tonnes,"1,363.20","1,911.08","2,425.48",Rs./Quintal
Maharashtra,Vegetables,Onion,28-12-2024,-,"24,310.12",Metric Tonnes,727.22,"2,202.24","3,183.12",Rs./Quintal
Maharashtra,Vegetables,Potato,28-12-2024,-,"1,978.00",Metric Tonnes,"1,283.90","1,704.03","2,152.01",Rs./Quintal
Maharashtra,Vegetables,Onion,29-12-2024,-,"3,584.35",Metric Tonnes,"1,178.66","2,256.03","3,311.81",Rs./Quintal
Maharashtra,Vegetables,Potato,29-12-2024,-,940.8,Metric Tonnes,"1,106.93","1,693.40","2,339.24",Rs./Quintal
Maharashtra,Vegetables,Onion,30-12-2024,-,"22,504.46",Metric Tonnes,795.33,"2,385.92","3,100.37",Rs./Quintal
Maharashtra,Vegetables,Potato,30-12-2024,-,"2,549.90",Metric Tonnes,"1,321.65","1,800.39","2,321.20",Rs./Quintal
Maharashtra,Vegetables,Onion,31-12-2024,-,"25,117.95",Metric Tonnes,902.85,"2,370.99","3,321.99",Rs./Quintal
Maharashtra,Vegetables,Potato,31-12-2024,-,"3,133.50",Metric Tonnes,"1,348.91","1,736.52","2,112.74",Rs./Quintal
Maharashtra,Vegetables,Onion,01-01-2025,-,"26,314.76",Metric Tonnes,888.01,"2,320.13","3,085.76",Rs./Quintal
Maharashtra,Vegetables,Potato,01-01-2025,-,"2,698.50",Metric Tonnes,"1,275.72","1,733.05","2,158.78",Rs./Quintal
Maharashtra,Vegetables,Onion,02-01-2025,-,"33,069.12",Metric Tonnes,717.56,"2,278.81","3,233.87",Rs./Quintal
Maharashtra,Vegetables,Potato,02-01-2025,-,"3,003.50",Metric Tonnes,"1,214.30","1,687.99","2,151.07",Rs./Quintal
Maharashtra,Vegetables,Onion,03-01-2025,-,"31,016.92",Metric Tonnes,726.08,"2,186.95","3,159.66",Rs./Quintal
Maharashtra,Vegetables,Potato,03-01-2025,-,"2,204.30",Metric Tonnes,"1,261.38","1,801.34","2,377.81",Rs./Quintal
Maharashtra,Vegetables,Onion,04-01-2025,-,"27,550.10",Metric Tonnes,728.86,"2,307.74","3,258.76",Rs./Quintal
Maharashtra,Vegetables,Potato,04-01-2025,-,"1,976.30",Metric Tonnes,"1,349.41","1,816.54","2,277.07",Rs./Quintal
Maharashtra,Vegetables,Onion,05-01-2025,-,"9,040.21",Metric Tonnes,"1,127.15","2,502.83","3,570.41",Rs./Quintal
Maharashtra,Vegetables,Potato,05-01-2025,-,"1,431.90",Metric Tonnes,"1,307.35","1,716.10","2,123.27",Rs./Quintal
Maharashtra,Vegetables,Onion,06-01-2025,-,"35,820.18",Metric Tonnes,713.64,"2,225.72","3,156.13",Rs./Quintal
Maharashtra,Vegetables,Potato,06-01-2025,-,"2,626.20",Metric Tonnes,"1,344.40","1,762.57","2,174.05",Rs./Quintal
Maharashtra,Vegetables,Onion,07-01-2025,-,"29,664.00",Metric Tonnes,891.03,"2,210.50","3,143.56",Rs./Quintal
Maharashtra,Vegetables,Potato,07-01-2025,-,"2,591.60",Metric Tonnes,"1,347.89","1,794.95","2,190.49",Rs./Quintal
Maharashtra,Vegetables,Onion,08-01-2025,-,"33,950.67",Metric Tonnes,766.91,"2,135.72","2,991.24",Rs./Quintal
Maharashtra,Vegetables,Potato,08-01-2025,-,"2,714.40",Metric Tonnes,"1,358.28","1,846.94","2,210.93",Rs./Quintal
Maharashtra,Vegetables,Onion,09-01-2025,-,"30,400.90",Metric Tonnes,783.88,"1,997.80","2,761.00",Rs./Quintal
Maharashtra,Vegetables,Potato,09-01-2025,-,"2,670.40",Metric Tonnes,"1,281.23","1,708.74","2,092.60",Rs./Quintal
Maharashtra,Vegetables,Onion,10-01-2025,-,"38,510.02",Metric Tonnes,646.4,"1,797.12","2,652.74",Rs./Quintal
Maharashtra,Vegetables,Potato,10-01-2025,-,"2,702.70",Metric Tonnes,"1,315.70","1,696.71","2,115.66",Rs./Quintal
Maharashtra,Vegetables,Onion,11-01-2025,-,"21,984.55",Metric Tonnes,594.12,"1,636.91","2,628.41",Rs./Quintal
Maharashtra,Vegetables,Potato,11-01-2025,-,"2,312.70",Metric Tonnes,"1,268.17","1,679.73","2,060.35",Rs./Quintal
Maharashtra,Vegetables,Onion,12-01-2025,-,"7,949.00",Metric Tonnes,921.2,"1,802.65","2,521.91",Rs./Quintal
Maharashtra,Vegetables,Potato,12-01-2025,-,"1,632.30",Metric Tonnes,"1,346.54","1,736.42","2,103.52",Rs./Quintal
Maharashtra,Vegetables,Onion,13-01-2025,-,"21,945.87",Metric Tonnes,671.83,"1,775.40","2,378.29",Rs./Quintal
Maharashtra,Vegetables,Potato,13-01-2025,-,"2,601.70",Metric Tonnes,"1,353.37","1,757.00","2,124.89",Rs./Quintal
Maharashtra,Vegetables,Onion,14-01-2025,-,"10,589.20",Metric Tonnes,826.66,"1,926.19","2,554.47",Rs./Quintal
Maharashtra,Vegetables,Potato,14-01-2025,-,"1,749.60",Metric Tonnes,"1,392.82","1,809.92","2,209.75",Rs./Quintal
Maharashtra,Vegetables,Onion,15-01-2025,-,"9,318.70",Metric Tonnes,814.17,"1,924.92","2,778.78",Rs./Quintal
Maharashtra,Vegetables,Potato,15-01-2025,-,"2,984.40",Metric Tonnes,"1,378.81","1,798.14","2,171.69",Rs./Quintal
Maharashtra,Vegetables,Onion,16-01-2025,-,"24,488.60",Metric Tonnes,631.06,"1,822.13","2,507.93",Rs./Quintal
Maharashtra,Vegetables,Potato,16-01-2025,-,"2,428.70",Metric Tonnes,"1,379.86","1,778.77","2,120.18",Rs./Quintal
Maharashtra,Vegetables,Onion,17-01-2025,-,"27,344.12",Metric Tonnes,687.52,"1,931.51","2,639.36",Rs./Quintal
Maharashtra,Vegetables,Potato,17-01-2025,-,"2,741.10",Metric Tonnes,"1,310.93","1,713.22","2,087.73",Rs./Quintal
Maharashtra,Vegetables,Onion,18-01-2025,-,"24,306.39",Metric Tonnes,741.21,"2,031.07","2,826.30",Rs./Quintal
Maharashtra,Vegetables,Potato,18-01-2025,-,"2,788.30",Metric Tonnes,"1,173.35","1,601.76","2,003.59",Rs./Quintal
Maharashtra,Vegetables,Onion,19-01-2025,-,"8,360.20",Metric Tonnes,865.59,"2,269.88","3,145.73",Rs./Quintal
Maharashtra,Vegetables,Potato,19-01-2025,-,"1,618.20",Metric Tonnes,"1,285.75","1,739.51","2,126.85",Rs./Quintal
Maharashtra,Vegetables,Onion,20-01-2025,-,"28,266.30",Metric Tonnes,783.61,"2,186.14","2,982.82",Rs./Quintal
Maharashtra,Vegetables,Potato,20-01-2025,-,"3,098.80",Metric Tonnes,"1,290.22","1,713.10","2,093.87",Rs./Quintal
Maharashtra,Vegetables,Onion,21-01-2025,-,"24,906.11",Metric Tonnes,804.07,"2,162.00","2,996.33",Rs./Quintal
Maharashtra,Vegetables,Potato,21-01-2025,-,"2,591.50",Metric Tonnes,"1,328.29","1,717.42","2,072.65",Rs./Quintal
Maharashtra,Vegetables,Onion,22-01-2025,-,"30,555.27",Metric Tonnes,732.66,"2,142.25","2,963.28",Rs./Quintal
Maharashtra,Vegetables,Potato,22-01-2025,-,"2,699.00",Metric Tonnes,"1,254.05","1,639.10","2,000.01",Rs./Quintal
Maharashtra,Vegetables,Onion,23-01-2025,-,"29,327.43",Metric Tonnes,744.91,"2,195.18","2,987.96",Rs./Quintal
Maharashtra,Vegetables,Potato,23-01-2025,-,"3,199.30",Metric Tonnes,"1,128.17","1,548.37","1,944.42",Rs./Quintal
Maharashtra,Vegetables,Onion,24-01-2025,-,"26,710.02",Metric Tonnes,794.87,"2,179.96","3,061.51",Rs./Quintal
Maharashtra,Vegetables,Potato,24-01-2025,-,"3,134.50",Metric Tonnes,"1,122.16","1,518.37","1,910.19",Rs./Quintal
Maharashtra,Vegetables,Onion,25-01-2025,-,"21,273.35",Metric Tonnes,716.15,"2,230.04","3,086.96",Rs./Quintal
Maharashtra,Vegetables,Potato,25-01-2025,-,"2,586.40",Metric Tonnes,"1,126.15","1,512.17","1,888.34",Rs./Quintal
Maharashtra,Vegetables,Onion,26-01-2025,-,"5,528.72",Metric Tonnes,604.88,"1,973.81","3,059.96",Rs./Quintal
Maharashtra,Vegetables,Potato,26-01-2025,-,183.3,Metric Tonnes,"1,255.32","1,614.65","1,948.88",Rs./Quintal
Maharashtra,Vegetables,Onion,27-01-2025,-,"29,553.49",Metric Tonnes,736.46,"2,066.00","3,783.52",Rs./Quintal
Maharashtra,Vegetables,Potato,27-01-2025,-,"2,924.10",Metric Tonnes,"1,193.27","1,595.68","2,001.67",Rs./Quintal
Maharashtra,Vegetables,Onion,28-01-2025,-,"24,085.78",Metric Tonnes,816.94,"2,051.97","2,817.60",Rs./Quintal
Maharashtra,Vegetables,Potato,28-01-2025,-,"2,344.90",Metric Tonnes,"1,141.85","1,552.86","1,939.76",Rs./Quintal
Maharashtra,Vegetables,Onion,29-01-2025,-,"24,930.60",Metric Tonnes,720.46,"1,962.90","2,744.69",Rs./Quintal
Maharashtra,Vegetables,Potato,29-01-2025,-,"2,939.40",Metric Tonnes,"1,093.47","1,524.00","1,922.86",Rs./Quintal
Maharashtra,Vegetables,Onion,30-01-2025,-,"29,846.10",Metric Tonnes,720.93,"1,944.62","2,672.33",Rs./Quintal
Maharashtra,Vegetables,Potato,30-01-2025,-,"3,351.30",Metric Tonnes,"1,177.72","1,526.25","1,844.82",Rs./Quintal
Maharashtra,Vegetables,Onion,31-01-2025,-,"25,717.84",Metric Tonnes,729.21,"1,952.82","2,638.78",Rs./Quintal
Maharashtra,Vegetables,Potato,31-01-2025,-,"2,413.80",Metric Tonnes,"1,248.07","1,601.78","1,955.80",Rs./Quintal
Maharashtra,Vegetables,Onion,01-02-2025,-,"46,302.69",Metric Tonnes,702.73,"1,905.39","2,634.68",Rs./Quintal
Maharashtra,Vegetables,Potato,01-02-2025,-,"5,267.90",Metric Tonnes,"1,132.14","1,550.13","1,925.51",Rs./Quintal
Maharashtra,Vegetables,Onion,02-02-2025,-,"11,422.91",Metric Tonnes,"1,017.42","2,050.48","2,757.72",Rs./Quintal
Maharashtra,Vegetables,Potato,02-02-2025,-,"2,152.10",Metric Tonnes,"1,133.29","1,544.12","1,924.55",Rs./Quintal
Maharashtra,Vegetables,Onion,03-02-2025,-,"58,442.89",Metric Tonnes,822.21,"1,954.97","2,618.31",Rs./Quintal
Maharashtra,Vegetables,Potato,03-02-2025,-,"8,027.60",Metric Tonnes,"1,154.29","1,508.79","1,886.49",Rs./Quintal
Maharashtra,Vegetables,Onion,04-02-2025,-,"19,923.43",Metric Tonnes,783.81,"1,996.27","2,717.19",Rs./Quintal
Maharashtra,Vegetables,Potato,04-02-2025,-,"2,264.50",Metric Tonnes,"1,165.94","1,560.72","1,919.19",Rs./Quintal
Maharashtra,Vegetables,Onion,05-02-2025,-,"19,167.41",Metric Tonnes,802.6,"2,088.43","2,766.02",Rs./Quintal
Maharashtra,Vegetables,Potato,05-02-2025,-,"2,127.40",Metric Tonnes,"1,178.82","1,553.00","1,893.14",Rs./Quintal
Maharashtra,Vegetables,Onion,06-02-2025,-,"23,703.10",Metric Tonnes,729.82,"2,041.77","2,815.16",Rs./Quintal
Maharashtra,Vegetables,Potato,06-02-2025,-,"2,371.80",Metric Tonnes,"1,129.67","1,524.34","1,846.81",Rs./Quintal
Maharashtra,Vegetables,Onion,07-02-2025,-,"19,281.02",Metric Tonnes,759.39,"2,098.44","2,931.27",Rs./Quintal
Maharashtra,Vegetables,Potato,07-02-2025,-,"2,207.00",Metric Tonnes,"1,194.02","1,545.19","1,896.05",Rs./Quintal
Maharashtra,Vegetables,Onion,08-02-2025,-,"13,228.78",Metric Tonnes,803.27,"2,207.16","2,987.34",Rs./Quintal
Maharashtra,Vegetables,Potato,08-02-2025,-,856.3,Metric Tonnes,"1,052.88","1,488.44","1,841.66",Rs./Quintal
Maharashtra,Vegetables,Onion,09-02-2025,-,"1,437.63",Metric Tonnes,965.18,"2,068.19","3,124.63",Rs./Quintal
Maharashtra,Vegetables,Potato,09-02-2025,-,944.2,Metric Tonnes,"1,336.28","1,640.26","1,935.85",Rs./Quintal
Maharashtra,Vegetables,Onion,10-02-2025,-,271.34,Metric Tonnes,467.54,"2,302.62","3,200.00",Rs./Quintal
Maharashtra,Vegetables,Potato,10-02-2025,-,8.2,Metric Tonnes,"1,200.00","1,500.00","1,800.00",Rs./Quintal
Maharashtra,Vegetables,Onion,11-02-2025,-,675.93,Metric Tonnes,708.73,"2,269.16","2,888.98",Rs./Quintal
Maharashtra,Vegetables,Onion,12-02-2025,-,"10,680.40",Metric Tonnes,830.72,"2,450.64","3,083.04",Rs./Quintal
Maharashtra,Vegetables,Potato,12-02-2025,-,42.1,Metric Tonnes,"1,196.20","1,512.47","1,788.84",Rs./Quintal
Maharashtra,Vegetables,Onion,13-02-2025,-,"20,832.30",Metric Tonnes,"1,027.16","2,534.53","3,393.23",Rs./Quintal
Maharashtra,Vegetables,Potato,13-02-2025,-,"1,890.20",Metric Tonnes,"1,179.70","1,562.86","1,920.70",Rs./Quintal
Maharashtra,Vegetables,Onion,14-02-2025,-,"19,427.46",Metric Tonnes,988.86,"2,624.71","3,547.88",Rs./Quintal
Maharashtra,Vegetables,Potato,14-02-2025,-,"2,581.10",Metric Tonnes,"1,144.87","1,504.88","1,861.32",Rs./Quintal
Maharashtra,Vegetables,Onion,15-02-2025,-,"15,008.56",Metric Tonnes,"1,049.31","2,563.69","3,553.26",Rs./Quintal
Maharashtra,Vegetables,Potato,15-02-2025,-,"2,264.30",Metric Tonnes,"1,094.61","1,481.80","1,831.06",Rs./Quintal
Maharashtra,Vegetables,Onion,16-02-2025,-,"7,491.09",Metric Tonnes,"1,349.90","2,594.83","3,525.01",Rs./Quintal
Maharashtra,Vegetables,Potato,16-02-2025,-,"1,185.00",Metric Tonnes,"1,130.15","1,501.61","1,899.09",Rs./Quintal
Maharashtra,Vegetables,Onion,17-02-2025,-,"24,157.55",Metric Tonnes,"1,035.12","2,452.74","3,257.11",Rs./Quintal
Maharashtra,Vegetables,Potato,17-02-2025,-,"2,637.70",Metric Tonnes,"1,128.75","1,512.27","1,835.39",Rs./Quintal
Maharashtra,Vegetables,Onion,18-02-2025,-,"23,043.70",Metric Tonnes,"1,033.34","2,391.98","3,212.83",Rs./Quintal
Maharashtra,Vegetables,Potato,18-02-2025,-,"2,338.20",Metric Tonnes,"1,140.04","1,496.04","1,847.19",Rs./Quintal
Maharashtra,Vegetables,Onion,19-02-2025,-,"11,930.49",Metric Tonnes,907.13,"2,157.58","2,906.55",Rs./Quintal
Maharashtra,Vegetables,Potato,19-02-2025,-,"1,016.00",Metric Tonnes,"1,142.21","1,469.50","1,870.55",Rs./Quintal
Maharashtra,Vegetables,Onion,20-02-2025,-,"36,560.99",Metric Tonnes,813.56,"2,001.75","2,724.69",Rs./Quintal
Maharashtra,Vegetables,Potato,20-02-2025,-,"3,004.10",Metric Tonnes,"1,043.43","1,403.50","1,761.32",Rs./Quintal
Maharashtra,Vegetables,Onion,21-02-2025,-,"24,652.66",Metric Tonnes,774.85,"2,034.87","2,772.87",Rs./Quintal
Maharashtra,Vegetables,Potato,21-02-2025,-,"2,364.30",Metric Tonnes,983.32,"1,409.32","1,828.31",Rs./Quintal
Maharashtra,Vegetables,Onion,22-02-2025,-,"18,712.20",Metric Tonnes,843.85,"2,033.71","2,803.55",Rs./Quintal
Maharashtra,Vegetables,Potato,22-02-2025,-,"2,570.10",Metric Tonnes,973.17,"1,352.17","1,750.36",Rs./Quintal
Maharashtra,Vegetables,Onion,23-02-2025,-,"9,783.85",Metric Tonnes,"1,125.12","2,008.57","2,605.40",Rs./Quintal
Maharashtra,Vegetables,Potato,23-02-2025,-,"1,286.10",Metric Tonnes,"1,117.14","1,427.25","1,766.50",Rs./Quintal
Maharashtra,Vegetables,Onion,24-02-2025,-,"26,525.97",Metric Tonnes,870.91,"2,084.99","2,683.93",Rs./Quintal
Maharashtra,Vegetables,Potato,24-02-2025,-,"3,452.70",Metric Tonnes,"1,024.47","1,440.62","1,801.55",Rs./Quintal
Maharashtra,Vegetables,Onion,25-02-2025,-,"21,082.70",Metric Tonnes,795.53,"2,055.44","2,678.65",Rs./Quintal
Maharashtra,Vegetables,Potato,25-02-2025,-,"2,915.80",Metric Tonnes,997.58,"1,395.96","1,819.00",Rs./Quintal
Maharashtra,Vegetables,Onion,26-02-2025,-,"6,506.40",Metric Tonnes,923.06,"1,996.83","2,666.15",Rs./Quintal
Maharashtra,Vegetables,Potato,26-02-2025,-,"1,139.70",Metric Tonnes,"1,017.02","1,435.57","1,854.27",Rs./Quintal
Maharashtra,Vegetables,Onion,27-02-2025,-,"23,632.30",Metric Tonnes,815.08,"1,995.48","2,685.85",Rs./Quintal
Maharashtra,Vegetables,Potato,27-02-2025,-,"3,090.00",Metric Tonnes,983.83,"1,413.24","1,812.56",Rs./Quintal
Maharashtra,Vegetables,Onion,28-02-2025,-,"23,325.98",Metric Tonnes,785.68,"2,022.90","2,671.09",Rs./Quintal
Maharashtra,Vegetables,Potato,28-02-2025,-,"2,203.80",Metric Tonnes,"1,064.63","1,459.21","1,849.46",Rs./Quintal
Maharashtra,Vegetables,Onion,01-03-2025,-,"19,636.21",Metric Tonnes,886.57,"1,982.17","2,651.01",Rs./Quintal
Maharashtra,Vegetables,Potato,01-03-2025,-,"2,453.00",Metric Tonnes,"1,016.97","1,416.70","1,811.86",Rs./Quintal
Maharashtra,Vegetables,Onion,02-03-2025,-,"7,254.83",Metric Tonnes,902.52,"2,082.27","2,667.06",Rs./Quintal
Maharashtra,Vegetables,Potato,02-03-2025,-,"1,374.20",Metric Tonnes,"1,017.38","1,477.73","1,950.84",Rs./Quintal
Maharashtra,Vegetables,Onion,03-03-2025,-,"27,274.86",Metric Tonnes,814.44,"1,968.88","2,587.04",Rs./Quintal
Maharashtra,Vegetables,Potato,03-03-2025,-,"2,985.00",Metric Tonnes,"1,005.19","1,403.05","1,770.08",Rs./Quintal
Maharashtra,Vegetables,Onion,04-03-2025,-,"25,664.30",Metric Tonnes,992.73,"2,032.52","2,595.01",Rs./Quintal
Maharashtra,Vegetables,Potato,04-03-2025,-,"2,776.20",Metric Tonnes,"1,006.30","1,412.41","1,793.43",Rs./Quintal
Maharashtra,Vegetables,Onion,05-03-2025,-,"27,773.98",Metric Tonnes,846.23,"1,978.79","2,548.19",Rs./Quintal
Maharashtra,Vegetables,Potato,05-03-2025,-,"2,841.30",Metric Tonnes,"1,018.63","1,425.93","1,791.99",Rs./Quintal
Maharashtra,Vegetables,Onion,06-03-2025,-,"27,866.40",Metric Tonnes,745.77,"1,856.94","2,477.24",Rs./Quintal
Maharashtra,Vegetables,Potato,06-03-2025,-,"2,720.80",Metric Tonnes,986.06,"1,360.56","1,710.14",Rs./Quintal
Maharashtra,Vegetables,Onion,07-03-2025,-,"26,779.96",Metric Tonnes,785.53,"1,865.01","2,437.11",Rs./Quintal
Maharashtra,Vegetables,Potato,07-03-2025,-,"2,704.90",Metric Tonnes,998.87,"1,335.83","1,699.64",Rs./Quintal
Maharashtra,Vegetables,Onion,08-03-2025,-,"22,823.60",Metric Tonnes,672.74,"1,616.15","2,221.36",Rs./Quintal
Maharashtra,Vegetables,Potato,08-03-2025,-,"2,111.20",Metric Tonnes,"1,008.11","1,395.35","1,775.90",Rs./Quintal
Maharashtra,Vegetables,Onion,09-03-2025,-,"12,782.47",Metric Tonnes,845.58,"1,569.03","2,021.44",Rs./Quintal
Maharashtra,Vegetables,Potato,09-03-2025,-,"1,768.00",Metric Tonnes,967.23,"1,386.21","1,763.18",Rs./Quintal
Maharashtra,Vegetables,Onion,10-03-2025,-,"47,116.90",Metric Tonnes,613.79,"1,360.72","1,805.91",Rs./Quintal
Maharashtra,Vegetables,Potato,10-03-2025,-,"2,546.20",Metric Tonnes,"1,024.95","1,391.42","1,721.09",Rs./Quintal
Maharashtra,Vegetables,Onion,11-03-2025,-,"28,412.60",Metric Tonnes,635.13,"1,308.32","1,734.93",Rs./Quintal
Maharashtra,Vegetables,Potato,11-03-2025,-,"2,324.60",Metric Tonnes,"1,017.36","1,411.41","1,740.58",Rs./Quintal
Maharashtra,Vegetables,Onion,12-03-2025,-,"22,391.50",Metric Tonnes,597.15,"1,291.76","1,709.59",Rs./Quintal
Maharashtra,Vegetables,Potato,12-03-2025,-,"2,740.70",Metric Tonnes,"1,028.46","1,420.39","1,772.50",Rs./Quintal
Maharashtra,Vegetables,Onion,13-03-2025,-,"9,401.50",Metric Tonnes,645.76,"1,336.56","1,861.56",Rs./Quintal
Maharashtra,Vegetables,Potato,13-03-2025,-,"2,514.30",Metric Tonnes,996.18,"1,402.00","1,758.68",Rs./Quintal
Maharashtra,Vegetables,Onion,14-03-2025,-,"3,998.55",Metric Tonnes,482.44,"1,254.34","1,877.99",Rs./Quintal
Maharashtra,Vegetables,Potato,14-03-2025,-,810.5,Metric Tonnes,970.6,"1,502.62","1,979.22",Rs./Quintal
Maharashtra,Vegetables,Onion,15-03-2025,-,"10,844.90",Metric Tonnes,634.56,"1,373.47","1,879.60",Rs./Quintal
Maharashtra,Vegetables,Potato,15-03-2025,-,"3,051.40",Metric Tonnes,"1,081.81","1,468.53","1,817.79",Rs./Quintal
Maharashtra,Vegetables,Onion,16-03-2025,-,"7,788.22",Metric Tonnes,713.8,"1,465.82","1,899.72",Rs./Quintal
Maharashtra,Vegetables,Potato,16-03-2025,-,"1,583.70",Metric Tonnes,998.48,"1,458.36","1,894.46",Rs./Quintal
Maharashtra,Vegetables,Onion,17-03-2025,-,"23,980.76",Metric Tonnes,619.28,"1,352.13","1,791.48",Rs./Quintal
Maharashtra,Vegetables,Potato,17-03-2025,-,"3,120.80",Metric Tonnes,"1,021.72","1,457.11","1,826.12",Rs./Quintal
Maharashtra,Vegetables,Onion,18-03-2025,-,"24,227.74",Metric Tonnes,637.44,"1,376.76","1,800.60",Rs./Quintal
Maharashtra,Vegetables,Potato,18-03-2025,-,"2,681.30",Metric Tonnes,"1,040.30","1,468.69","1,863.92",Rs./Quintal
Maharashtra,Vegetables,Onion,19-03-2025,-,"16,107.63",Metric Tonnes,672.16,"1,333.60","1,714.25",Rs./Quintal
Maharashtra,Vegetables,Potato,19-03-2025,-,"2,588.40",Metric Tonnes,"1,025.62","1,482.52","1,880.61",Rs./Quintal
Maharashtra,Vegetables,Onion,20-03-2025,-,"34,453.80",Metric Tonnes,588.68,"1,307.43","1,706.50",Rs./Quintal
Maharashtra,Vegetables,Potato,20-03-2025,-,"2,971.40",Metric Tonnes,"1,032.95","1,499.99","1,886.22",Rs./Quintal
Maharashtra,Vegetables,Onion,21-03-2025,-,"29,496.71",Metric Tonnes,538.37,"1,248.63","1,634.46",Rs./Quintal
Maharashtra,Vegetables,Potato,21-03-2025,-,"2,967.90",Metric Tonnes,944.91,"1,414.41","1,874.80",Rs./Quintal
Maharashtra,Vegetables,Onion,22-03-2025,-,"19,814.67",Metric Tonnes,568.96,"1,252.40","1,653.21",Rs./Quintal
Maharashtra,Vegetables,Potato,22-03-2025,-,"3,031.60",Metric Tonnes,997.58,"1,344.09","1,711.29",Rs./Quintal
Maharashtra,Vegetables,Onion,23-03-2025,-,"8,830.25",Metric Tonnes,694.05,"1,364.41","1,788.56",Rs./Quintal
Maharashtra,Vegetables,Potato,23-03-2025,-,"2,234.00",Metric Tonnes,934.95,"1,443.65","1,918.11",Rs./Quintal
Maharashtra,Vegetables,Onion,24-03-2025,-,"23,367.42",Metric Tonnes,640.22,"1,322.78","1,713.73",Rs./Quintal
Maharashtra,Vegetables,Potato,24-03-2025,-,"3,793.00",Metric Tonnes,998.14,"1,439.12","1,825.11",Rs./Quintal
Maharashtra,Vegetables,Onion,25-03-2025,-,"16,980.56",Metric Tonnes,657.34,"1,391.63","1,729.28",Rs./Quintal
Maharashtra,Vegetables,Potato,25-03-2025,-,"2,589.20",Metric Tonnes,"1,016.96","1,479.33","1,900.32",Rs./Quintal
Maharashtra,Vegetables,Onion,26-03-2025,-,"15,827.31",Metric Tonnes,673.92,"1,373.88","1,757.06",Rs./Quintal
Maharashtra,Vegetables,Potato,26-03-2025,-,"2,853.10",Metric Tonnes,987.83,"1,423.45","1,818.23",Rs./Quintal
Maharashtra,Vegetables,Onion,27-03-2025,-,"21,250.97",Metric Tonnes,614.56,"1,294.55","1,679.08",Rs./Quintal
Maharashtra,Vegetables,Potato,27-03-2025,-,"2,282.80",Metric Tonnes,996.96,"1,416.88","1,779.54",Rs./Quintal
Maharashtra,Vegetables,Onion,28-03-2025,-,"12,406.27",Metric Tonnes,576.6,"1,230.81","1,721.36",Rs./Quintal
Maharashtra,Vegetables,Potato,28-03-2025,-,"2,480.90",Metric Tonnes,"1,018.67","1,417.40","1,828.27",Rs./Quintal
Maharashtra,Vegetables,Onion,29-03-2025,-,"4,450.67",Metric Tonnes,435.56,"1,218.91","1,892.23",Rs./Quintal
Maharashtra,Vegetables,Potato,29-03-2025,-,987.5,Metric Tonnes,976.93,"1,403.26","1,756.80",Rs./Quintal
Maharashtra,Vegetables,Onion,30-03-2025,-,"3,472.42",Metric Tonnes,711.81,"1,298.18","1,755.58",Rs./Quintal
Maharashtra,Vegetables,Potato,30-03-2025,-,718.7,Metric Tonnes,"1,112.12","1,540.16","1,953.90",Rs./Quintal
Maharashtra,Vegetables,Onion,31-03-2025,-,"1,108.58",Metric Tonnes,718.26,"1,253.89","1,679.42",Rs./Quintal
Maharashtra,Vegetables,Potato,31-03-2025,-,715.4,Metric Tonnes,966.93,"1,475.77","1,923.69",Rs./Quintal
Maharashtra,Vegetables,Onion,01-04-2025,-,"6,409.65",Metric Tonnes,825.43,"1,292.29","1,658.70",Rs./Quintal
Maharashtra,Vegetables,Potato,01-04-2025,-,"2,869.50",Metric Tonnes,"1,027.03","1,463.38","1,853.37",Rs./Quintal
Maharashtra,Vegetables,Onion,02-04-2025,-,"19,695.54",Metric Tonnes,546.41,"1,205.69","1,566.02",Rs./Quintal
Maharashtra,Vegetables,Potato,02-04-2025,-,"2,435.50",Metric Tonnes,"1,089.20","1,510.93","1,889.35",Rs./Quintal
Maharashtra,Vegetables,Onion,03-04-2025,-,"21,434.20",Metric Tonnes,597.73,"1,199.74","1,558.17",Rs./Quintal
Maharashtra,Vegetables,Potato,03-04-2025,-,"2,495.90",Metric Tonnes,"1,151.02","1,566.96","1,911.42",Rs./Quintal
Maharashtra,Vegetables,Onion,04-04-2025,-,"22,536.99",Metric Tonnes,558.99,"1,185.64","1,516.63",Rs./Quintal
Maharashtra,Vegetables,Potato,04-04-2025,-,"2,494.70",Metric Tonnes,"1,135.31","1,516.14","1,891.23",Rs./Quintal
Maharashtra,Vegetables,Onion,05-04-2025,-,"15,787.74",Metric Tonnes,553.39,"1,189.78","1,553.05",Rs./Quintal
Maharashtra,Vegetables,Potato,05-04-2025,-,"2,458.90",Metric Tonnes,"1,158.27","1,561.99","1,918.26",Rs./Quintal
Maharashtra,Vegetables,Onion,06-04-2025,-,"4,623.97",Metric Tonnes,540.56,"1,201.52","1,612.36",Rs./Quintal
Maharashtra,Vegetables,Potato,06-04-2025,-,"1,769.70",Metric Tonnes,"1,122.82","1,574.22","1,986.43",Rs./Quintal
Maharashtra,Vegetables,Onion,07-04-2025,-,"27,030.94",Metric Tonnes,554.51,"1,175.52","1,482.43",Rs./Quintal
Maharashtra,Vegetables,Potato,07-04-2025,-,"2,998.00",Metric Tonnes,"1,200.90","1,562.05","1,909.93",Rs./Quintal
Maharashtra,Vegetables,Onion,08-04-2025,-,"28,717.06",Metric Tonnes,542.17,"1,134.42","1,449.30",Rs./Quintal
Maharashtra,Vegetables,Potato,08-04-2025,-,"2,986.40",Metric Tonnes,"1,190.28","1,571.01","1,910.05",Rs./Quintal
Maharashtra,Vegetables,Onion,09-04-2025,-,"23,694.56",Metric Tonnes,572.21,"1,119.96","1,438.35",Rs./Quintal
Maharashtra,Vegetables,Potato,09-04-2025,-,"3,359.20",Metric Tonnes,"1,154.35","1,554.79","1,895.27",Rs./Quintal
Maharashtra,Vegetables,Onion,10-04-2025,-,"9,053.29",Metric Tonnes,567.67,"1,058.88","1,462.65",Rs./Quintal
Maharashtra,Vegetables,Potato,10-04-2025,-,"2,000.20",Metric Tonnes,"1,166.84","1,554.21","1,940.05",Rs./Quintal
Maharashtra,Vegetables,Onion,11-04-2025,-,"26,557.13",Metric Tonnes,469.48,"1,019.32","1,323.47",Rs./Quintal
Maharashtra,Vegetables,Potato,11-04-2025,-,"3,106.30",Metric Tonnes,"1,042.20","1,445.99","1,846.27",Rs./Quintal
Maharashtra,Vegetables,Onion,12-04-2025,-,"16,780.41",Metric Tonnes,471.25,964.73,"1,315.12",Rs./Quintal
Maharashtra,Vegetables,Potato,12-04-2025,-,"1,127.10",Metric Tonnes,"1,102.41","1,577.81","1,930.41",Rs./Quintal
Maharashtra,Vegetables,Onion,13-04-2025,-,"3,455.95",Metric Tonnes,450.07,979.59,"1,352.50",Rs./Quintal
Maharashtra,Vegetables,Potato,13-04-2025,-,"1,263.00",Metric Tonnes,"1,020.11","1,471.76","1,960.10",Rs./Quintal
Maharashtra,Vegetables,Onion,14-04-2025,-,"7,977.20",Metric Tonnes,555.85,"1,016.86","1,339.00",Rs./Quintal
Maharashtra,Vegetables,Potato,14-04-2025,-,"2,403.90",Metric Tonnes,"1,026.52","1,470.45","1,808.00",Rs./Quintal
Maharashtra,Vegetables,Onion,15-04-2025,-,"27,095.63",Metric Tonnes,524.65,979.03,"1,316.63",Rs./Quintal
Maharashtra,Vegetables,Potato,15-04-2025,-,"2,271.40",Metric Tonnes,"1,052.45","1,521.11","1,882.68",Rs./Quintal
Maharashtra,Vegetables,Onion,16-04-2025,-,"26,384.13",Metric Tonnes,488.35,"1,044.35","1,364.67",Rs./Quintal
Maharashtra,Vegetables,Potato,16-04-2025,-,"2,568.00",Metric Tonnes,"1,098.15","1,522.83","1,857.74",Rs./Quintal
Maharashtra,Vegetables,Onion,17-04-2025,-,"23,633.52",Metric Tonnes,488.11,"1,056.03","1,414.79",Rs./Quintal
Maharashtra,Vegetables,Potato,17-04-2025,-,"2,207.80",Metric Tonnes,"1,034.28","1,506.12","1,893.73",Rs./Quintal
Maharashtra,Vegetables,Onion,18-04-2025,-,"14,025.51",Metric Tonnes,448.22,"1,025.54","1,419.01",Rs./Quintal
Maharashtra,Vegetables,Potato,18-04-2025,-,"2,505.20",Metric Tonnes,"1,055.28","1,519.50","1,919.24",Rs./Quintal
Maharashtra,Vegetables,Onion,19-04-2025,-,"18,337.37",Metric Tonnes,493.06,996.78,"1,423.59",Rs./Quintal
Maharashtra,Vegetables,Potato,19-04-2025,-,"1,861.40",Metric Tonnes,"1,127.96","1,509.66","1,883.42",Rs./Quintal
Maharashtra,Vegetables,Onion,20-04-2025,-,"3,907.35",Metric Tonnes,551.12,"1,007.01","1,352.12",Rs./Quintal
Maharashtra,Vegetables,Potato,20-04-2025,-,"1,324.90",Metric Tonnes,"1,204.24","1,579.27","1,899.96",Rs./Quintal
Maharashtra,Vegetables,Onion,21-04-2025,-,"23,001.60",Metric Tonnes,483.71,"1,066.82","1,419.34",Rs./Quintal
Maharashtra,Vegetables,Potato,21-04-2025,-,"2,858.10",Metric Tonnes,"1,100.93","1,544.90","1,926.93",Rs./Quintal
Maharashtra,Vegetables,Onion,22-04-2025,-,"20,332.01",Metric Tonnes,459.59,"1,078.33","1,443.13",Rs./Quintal
Maharashtra,Vegetables,Potato,22-04-2025,-,"1,784.40",Metric Tonnes,"1,188.07","1,595.40","1,913.88",Rs./Quintal
Maharashtra,Vegetables,Onion,23-04-2025,-,"24,080.22",Metric Tonnes,474.75,"1,076.24","1,448.54",Rs./Quintal
Maharashtra,Vegetables,Potato,23-04-2025,-,"2,521.40",Metric Tonnes,"1,100.20","1,538.51","1,900.72",Rs./Quintal
Maharashtra,Vegetables,Onion,24-04-2025,-,"29,662.89",Metric Tonnes,467.58,"1,073.35","1,458.44",Rs./Quintal
Maharashtra,Vegetables,Potato,24-04-2025,-,"2,549.90",Metric Tonnes,"1,121.78","1,566.69","1,950.66",Rs./Quintal
Maharashtra,Vegetables,Onion,25-04-2025,-,"20,937.78",Metric Tonnes,429.46,"1,032.98","1,476.95",Rs./Quintal
Maharashtra,Vegetables,Potato,25-04-2025,-,"2,425.30",Metric Tonnes,"1,135.41","1,548.20","1,938.47",Rs./Quintal
Maharashtra,Vegetables,Onion,26-04-2025,-,"20,096.31",Metric Tonnes,476.68,"1,017.00","1,486.05",Rs./Quintal
Maharashtra,Vegetables,Potato,26-04-2025,-,"1,712.50",Metric Tonnes,"1,146.46","1,556.58","1,892.14",Rs./Quintal
Maharashtra,Vegetables,Onion,27-04-2025,-,"4,362.31",Metric Tonnes,381.5,938.45,"1,395.29",Rs./Quintal
Maharashtra,Vegetables,Potato,27-04-2025,-,"1,227.50",Metric Tonnes,"1,075.70","1,506.46","1,999.73",Rs./Quintal
Maharashtra,Vegetables,Onion,28-04-2025,-,"38,200.74",Metric Tonnes,445.52,"1,032.29","1,437.42",Rs./Quintal
Maharashtra,Vegetables,Potato,28-04-2025,-,"2,295.00",Metric Tonnes,"1,137.11","1,562.86","1,974.07",Rs./Quintal
Maharashtra,Vegetables,Onion,29-04-2025,-,"21,880.57",Metric Tonnes,420.46,985.32,"1,427.68",Rs./Quintal
Maharashtra,Vegetables,Potato,29-04-2025,-,"2,489.90",Metric Tonnes,"1,156.62","1,560.15","1,925.72",Rs./Quintal
Maharashtra,Vegetables,Onion,30-04-2025,-,"12,803.02",Metric Tonnes,444.52,981.53,"1,517.86",Rs./Quintal
Maharashtra,Vegetables,Potato,30-04-2025,-,"3,289.30",Metric Tonnes,"1,272.57","1,674.27","2,079.77",Rs./Quintal
Maharashtra,Vegetables,Onion,01-05-2025,-,"2,147.40",Metric Tonnes,645.82,"1,026.04","1,324.95",Rs./Quintal
Maharashtra,Vegetables,Potato,01-05-2025,-,150.2,Metric Tonnes,"1,044.01","1,352.83","1,652.86",Rs./Quintal
Maharashtra,Vegetables,Onion,02-05-2025,-,"26,386.19",Metric Tonnes,399.06,980.04,"1,489.30",Rs./Quintal
Maharashtra,Vegetables,Potato,02-05-2025,-,"3,062.80",Metric Tonnes,"1,177.68","1,585.72","1,965.88",Rs./Quintal
Maharashtra,Vegetables,Onion,03-05-2025,-,"23,250.65",Metric Tonnes,445.67,975.75,"1,456.15",Rs./Quintal
Maharashtra,Vegetables,Potato,03-05-2025,-,"2,408.30",Metric Tonnes,"1,202.38","1,596.69","1,904.34",Rs./Quintal
Maharashtra,Vegetables,Onion,04-05-2025,-,"6,443.88",Metric Tonnes,421.21,972.62,"1,349.56",Rs./Quintal
Maharashtra,Vegetables,Potato,04-05-2025,-,"1,960.80",Metric Tonnes,"1,156.05","1,614.32","1,971.44",Rs./Quintal
Maharashtra,Vegetables,Onion,05-05-2025,-,"37,670.14",Metric Tonnes,431.39,982.92,"1,400.34",Rs./Quintal
Maharashtra,Vegetables,Potato,05-05-2025,-,"2,671.30",Metric Tonnes,"1,214.20","1,623.99","1,945.99",Rs./Quintal
Maharashtra,Vegetables,Onion,06-05-2025,-,"27,139.72",Metric Tonnes,446.9,"1,006.96","1,450.22",Rs./Quintal
Maharashtra,Vegetables,Potato,06-05-2025,-,"2,776.30",Metric Tonnes,"1,154.77","1,586.02","1,958.48",Rs./Quintal
Maharashtra,Vegetables,Onion,07-05-2025,-,"25,196.20",Metric Tonnes,370.4,"1,002.18","1,437.62",Rs./Quintal
Maharashtra,Vegetables,Potato,07-05-2025,-,"2,730.90",Metric Tonnes,"1,121.36","1,560.79","1,947.53",Rs./Quintal
Maharashtra,Vegetables,Onion,08-05-2025,-,"29,532.48",Metric Tonnes,385.71,993.48,"1,440.70",Rs./Quintal
Maharashtra,Vegetables,Potato,08-05-2025,-,"2,519.50",Metric Tonnes,"1,108.66","1,556.95","1,918.18",Rs./Quintal
Maharashtra,Vegetables,Onion,09-05-2025,-,"27,372.90",Metric Tonnes,385.73,"1,001.50","1,444.55",Rs./Quintal
Maharashtra,Vegetables,Potato,09-05-2025,-,"2,182.60",Metric Tonnes,"1,264.45","1,645.81","1,997.79",Rs./Quintal
Maharashtra,Vegetables,Onion,10-05-2025,-,"14,716.27",Metric Tonnes,455.31,983.12,"1,479.13",Rs./Quintal
Maharashtra,Vegetables,Potato,10-05-2025,-,"1,116.10",Metric Tonnes,"1,285.27","1,642.94","1,914.61",Rs./Quintal
Maharashtra,Vegetables,Onion,11-05-2025,-,"6,454.80",Metric Tonnes,481.27,"1,027.82","1,450.24",Rs./Quintal
Maharashtra,Vegetables,Potato,11-05-2025,-,"1,081.80",Metric Tonnes,"1,252.35","1,648.47","2,071.53",Rs./Quintal
Maharashtra,Vegetables,Onion,12-05-2025,-,"21,341.27",Metric Tonnes,467.17,"1,049.91","1,487.56",Rs./Quintal
Maharashtra,Vegetables,Potato,12-05-2025,-,"2,069.60",Metric Tonnes,"1,182.28","1,538.82","1,888.52",Rs./Quintal
Maharashtra,Vegetables,Onion,13-05-2025,-,"14,620.30",Metric Tonnes,394.11,"1,016.04","1,502.91",Rs./Quintal
Maharashtra,Vegetables,Potato,13-05-2025,-,"1,823.30",Metric Tonnes,"1,095.09","1,506.78","1,842.57",Rs./Quintal
Maharashtra,Vegetables,Onion,15-05-2025,-,"28,330.20",Metric Tonnes,383.09,"1,033.48","1,477.70",Rs./Quintal
Maharashtra,Vegetables,Potato,15-05-2025,-,"2,547.50",Metric Tonnes,"1,229.55","1,627.02","1,948.27",Rs./Quintal
Maharashtra,Vegetables,Onion,16-05-2025,-,"31,245.01",Metric Tonnes,364.41,"1,003.59","1,453.63",Rs./Quintal
Maharashtra,Vegetables,Potato,16-05-2025,-,"2,736.50",Metric Tonnes,"1,252.57","1,609.68","1,939.09",Rs./Quintal
Maharashtra,Vegetables,Onion,17-05-2025,-,"17,021.50",Metric Tonnes,377.43,996.28,"1,469.47",Rs./Quintal
Maharashtra,Vegetables,Potato,17-05-2025,-,"2,154.70",Metric Tonnes,"1,153.97","1,549.65","1,861.36",Rs./Quintal
Maharashtra,Vegetables,Onion,18-05-2025,-,"6,784.99",Metric Tonnes,434.48,"1,020.93","1,463.34",Rs./Quintal
Maharashtra,Vegetables,Potato,18-05-2025,-,"1,440.10",Metric Tonnes,"1,190.68","1,634.07","2,030.23",Rs./Quintal
Maharashtra,Vegetables,Onion,19-05-2025,-,"34,312.23",Metric Tonnes,401.84,998.47,"1,434.65",Rs./Quintal
Maharashtra,Vegetables,Potato,19-05-2025,-,"3,183.00",Metric Tonnes,"1,122.97","1,528.02","1,855.84",Rs./Quintal
Maharashtra,Vegetables,Onion,20-05-2025,-,"22,749.53",Metric Tonnes,436.72,989.65,"1,470.64",Rs./Quintal
Maharashtra,Vegetables,Potato,20-05-2025,-,"2,071.70",Metric Tonnes,"1,230.08","1,618.06","1,933.82",Rs./Quintal
Maharashtra,Vegetables,Onion,21-05-2025,-,"20,573.26",Metric Tonnes,378.42,"1,019.67","1,454.08",Rs./Quintal
Maharashtra,Vegetables,Potato,21-05-2025,-,"2,310.70",Metric Tonnes,"1,150.53","1,560.90","1,902.13",Rs./Quintal
Maharashtra,Vegetables,Onion,22-05-2025,-,"22,658.02",Metric Tonnes,439.41,"1,033.64","1,526.40",Rs./Quintal
Maharashtra,Vegetables,Potato,22-05-2025,-,"2,100.90",Metric Tonnes,"1,199.20","1,585.30","1,907.33",Rs./Quintal
Maharashtra,Vegetables,Onion,23-05-2025,-,"21,413.96",Metric Tonnes,359.32,"1,034.95","1,525.00",Rs./Quintal
Maharashtra,Vegetables,Potato,23-05-2025,-,"1,574.60",Metric Tonnes,"1,246.15","1,597.83","1,941.03",Rs./Quintal
Maharashtra,Vegetables,Onion,24-05-2025,-,"13,245.49",Metric Tonnes,470,"1,099.87","1,586.83",Rs./Quintal
Maharashtra,Vegetables,Potato,24-05-2025,-,"1,973.10",Metric Tonnes,"1,186.74","1,540.95","1,814.61",Rs./Quintal
Maharashtra,Vegetables,Onion,25-05-2025,-,"3,900.60",Metric Tonnes,589.33,"1,188.79","1,659.36",Rs./Quintal
Maharashtra,Vegetables,Potato,25-05-2025,-,"1,251.80",Metric Tonnes,"1,198.87","1,671.98","2,033.78",Rs./Quintal
Maharashtra,Vegetables,Onion,26-05-2025,-,"25,042.20",Metric Tonnes,480.9,"1,167.57","1,731.48",Rs./Quintal
Maharashtra,Vegetables,Potato,26-05-2025,-,"2,509.90",Metric Tonnes,"1,291.67","1,660.06","1,952.38",Rs./Quintal
Maharashtra,Vegetables,Onion,27-05-2025,-,"27,710.35",Metric Tonnes,429.48,"1,193.61","1,753.54",Rs./Quintal
Maharashtra,Vegetables,Potato,27-05-2025,-,"1,990.80",Metric Tonnes,"1,315.06","1,681.84","1,988.78",Rs./Quintal
Maharashtra,Vegetables,Onion,28-05-2025,-,"24,423.10",Metric Tonnes,432.56,"1,222.72","1,760.32",Rs./Quintal
Maharashtra,Vegetables,Potato,28-05-2025,-,"2,163.20",Metric Tonnes,"1,207.55","1,599.23","1,901.46",Rs./Quintal
Maharashtra,Vegetables,Onion,29-05-2025,-,"32,184.45",Metric Tonnes,457.57,"1,243.01","1,779.69",Rs./Quintal
Maharashtra,Vegetables,Potato,29-05-2025,-,"2,074.40",Metric Tonnes,"1,322.58","1,637.39","1,941.63",Rs./Quintal
Maharashtra,Vegetables,Onion,30-05-2025,-,"79,471.93",Metric Tonnes,413.1,"1,237.67","1,723.98",Rs./Quintal
Maharashtra,Vegetables,Potato,30-05-2025,-,"3,194.30",Metric Tonnes,"1,197.47","1,533.21","1,857.85",Rs./Quintal
Maharashtra,Vegetables,Onion,31-05-2025,-,"31,983.29",Metric Tonnes,467.24,"1,146.96","1,693.07",Rs./Quintal
Maharashtra,Vegetables,Potato,31-05-2025,-,"3,116.20",Metric Tonnes,"1,232.09","1,561.72","1,844.61",Rs./Quintal
Maharashtra,Vegetables,Onion,01-06-2025,-,"12,166.90",Metric Tonnes,318.58,"1,037.29","1,567.02",Rs./Quintal
Maharashtra,Vegetables,Potato,01-06-2025,-,"1,604.10",Metric Tonnes,"1,334.81","1,705.47","2,036.43",Rs./Quintal
Maharashtra,Vegetables,Onion,02-06-2025,-,"39,951.25",Metric Tonnes,390.65,"1,128.13","1,707.46",Rs./Quintal
Maharashtra,Vegetables,Potato,02-06-2025,-,"2,387.60",Metric Tonnes,"1,131.78","1,457.76","1,741.09",Rs./Quintal
Maharashtra,Vegetables,Onion,03-06-2025,-,"26,523.74",Metric Tonnes,467.6,"1,195.10","1,763.88",Rs./Quintal
Maharashtra,Vegetables,Potato,03-06-2025,-,"5,682.90",Metric Tonnes,"2,648.71","3,396.60","4,134.49",Rs./Quintal
Maharashtra,Vegetables,Onion,04-06-2025,-,"20,405.18",Metric Tonnes,388.95,"1,219.52","1,801.48",Rs./Quintal
Maharashtra,Vegetables,Potato,04-06-2025,-,"2,384.20",Metric Tonnes,"1,204.61","1,555.07","1,853.90",Rs./Quintal
Maharashtra,Vegetables,Onion,05-06-2025,-,"24,306.10",Metric Tonnes,437.92,"1,225.64","1,854.89",Rs./Quintal
Maharashtra,Vegetables,Potato,05-06-2025,-,"2,229.20",Metric Tonnes,"1,266.80","1,620.60","1,931.71",Rs./Quintal
Maharashtra,Vegetables,Onion,06-06-2025,-,"17,953.07",Metric Tonnes,387.45,"1,308.11","1,975.85",Rs./Quintal
Maharashtra,Vegetables,Potato,06-06-2025,-,"2,523.40",Metric Tonnes,"1,345.79","1,678.56","1,982.71",Rs./Quintal
Maharashtra,Vegetables,Onion,07-06-2025,-,"8,497.96",Metric Tonnes,470.09,"1,389.77","2,017.62",Rs./Quintal
Maharashtra,Vegetables,Potato,07-06-2025,-,553.2,Metric Tonnes,"1,372.92","1,652.11","1,889.70",Rs./Quintal
Maharashtra,Vegetables,Onion,08-06-2025,-,"4,382.85",Metric Tonnes,551.85,"1,270.31","1,889.87",Rs./Quintal
Maharashtra,Vegetables,Potato,08-06-2025,-,"1,494.80",Metric Tonnes,"1,373.82","1,733.44","2,100.45",Rs./Quintal
Maharashtra,Vegetables,Onion,09-06-2025,-,"27,953.72",Metric Tonnes,537.75,"1,407.80","2,048.52",Rs./Quintal
Maharashtra,Vegetables,Potato,09-06-2025,-,"3,281.70",Metric Tonnes,"1,226.73","1,587.23","1,892.38",Rs./Quintal
Maharashtra,Vegetables,Onion,10-06-2025,-,"27,721.86",Metric Tonnes,553.68,"1,422.35","2,106.05",Rs./Quintal
Maharashtra,Vegetables,Potato,10-06-2025,-,"2,288.10",Metric Tonnes,"1,216.43","1,571.66","1,888.51",Rs./Quintal
Maharashtra,Vegetables,Onion,11-06-2025,-,"27,378.83",Metric Tonnes,492.24,"1,460.73","2,059.65",Rs./Quintal
Maharashtra,Vegetables,Potato,11-06-2025,-,"2,388.70",Metric Tonnes,"1,170.83","1,552.48","1,895.71",Rs./Quintal
Maharashtra,Vegetables,Onion,12-06-2025,-,"36,250.85",Metric Tonnes,503.2,"1,435.00","2,117.90",Rs./Quintal
Maharashtra,Vegetables,Potato,12-06-2025,-,"2,213.80",Metric Tonnes,"1,178.91","1,577.26","1,885.52",Rs./Quintal
Maharashtra,Vegetables,Onion,13-06-2025,-,"22,455.07",Metric Tonnes,476.4,"1,423.31","2,101.58",Rs./Quintal
Maharashtra,Vegetables,Potato,13-06-2025,-,"2,230.20",Metric Tonnes,"1,162.01","1,552.10","1,921.26",Rs./Quintal
Maharashtra,Vegetables,Onion,14-06-2025,-,"25,584.79",Metric Tonnes,570.32,"1,431.03","2,107.54",Rs./Quintal
Maharashtra,Vegetables,Potato,14-06-2025,-,"3,295.90",Metric Tonnes,"1,165.68","1,514.57","1,813.87",Rs./Quintal
Maharashtra,Vegetables,Onion,15-06-2025,-,"9,314.17",Metric Tonnes,535.84,"1,347.63","2,041.28",Rs./Quintal
Maharashtra,Vegetables,Potato,15-06-2025,-,"1,502.70",Metric Tonnes,"1,351.19","1,732.65","2,140.70",Rs./Quintal
Maharashtra,Vegetables,Onion,16-06-2025,-,"40,618.87",Metric Tonnes,519.17,"1,396.85","1,985.15",Rs./Quintal
Maharashtra,Vegetables,Potato,16-06-2025,-,"3,783.40",Metric Tonnes,"1,148.09","1,544.60","1,836.77",Rs./Quintal
Maharashtra,Vegetables,Onion,17-06-2025,-,"39,783.17",Metric Tonnes,462.14,"1,387.29","1,982.75",Rs./Quintal
Maharashtra,Vegetables,Potato,17-06-2025,-,"2,364.30",Metric Tonnes,"1,213.34","1,572.57","1,889.15",Rs./Quintal
Maharashtra,Vegetables,Onion,18-06-2025,-,"24,965.64",Metric Tonnes,486.54,"1,402.39","1,940.67",Rs./Quintal
Maharashtra,Vegetables,Potato,18-06-2025,-,"2,490.50",Metric Tonnes,"1,204.20","1,541.76","1,845.03",Rs./Quintal
Maharashtra,Vegetables,Onion,19-06-2025,-,"22,686.01",Metric Tonnes,482.59,"1,379.63","1,999.93",Rs./Quintal
Maharashtra,Vegetables,Potato,19-06-2025,-,"1,664.60",Metric Tonnes,"1,248.20","1,543.35","1,891.50",Rs./Quintal
Maharashtra,Vegetables,Onion,20-06-2025,-,"22,209.18",Metric Tonnes,425.28,"1,410.12","1,994.22",Rs./Quintal
Maharashtra,Vegetables,Potato,20-06-2025,-,"1,794.10",Metric Tonnes,"1,199.14","1,524.83","1,845.59",Rs./Quintal
Maharashtra,Vegetables,Onion,21-06-2025,-,"18,360.99",Metric Tonnes,444.34,"1,375.36","1,958.04",Rs./Quintal
Maharashtra,Vegetables,Potato,21-06-2025,-,"1,774.30",Metric Tonnes,"1,170.73","1,537.62","1,857.05",Rs./Quintal
Maharashtra,Vegetables,Onion,22-06-2025,-,"5,921.52",Metric Tonnes,681.76,"1,476.73","2,017.70",Rs./Quintal
Maharashtra,Vegetables,Potato,22-06-2025,-,"1,580.10",Metric Tonnes,"1,226.12","1,659.31","2,000.48",Rs./Quintal
Maharashtra,Vegetables,Onion,23-06-2025,-,"34,327.96",Metric Tonnes,469.99,"1,423.64","1,958.22",Rs./Quintal
Maharashtra,Vegetables,Potato,23-06-2025,-,"1,652.90",Metric Tonnes,"1,254.10","1,692.87","1,996.59",Rs./Quintal
Maharashtra,Vegetables,Onion,24-06-2025,-,"28,950.96",Metric Tonnes,507.16,"1,411.59","1,989.71",Rs./Quintal
Maharashtra,Vegetables,Potato,24-06-2025,-,"2,677.70",Metric Tonnes,"1,171.43","1,495.69","1,798.69",Rs./Quintal
Maharashtra,Vegetables,Onion,25-06-2025,-,"24,359.07",Metric Tonnes,468.17,"1,387.66","1,887.77",Rs./Quintal
Maharashtra,Vegetables,Potato,25-06-2025,-,"2,787.80",Metric Tonnes,"1,146.28","1,481.66","1,909.66",Rs./Quintal
Maharashtra,Vegetables,Onion,26-06-2025,-,"28,155.74",Metric Tonnes,478.61,"1,371.35","1,900.65",Rs./Quintal
Maharashtra,Vegetables,Potato,26-06-2025,-,"2,441.50",Metric Tonnes,"1,136.93","1,514.47","1,835.30",Rs./Quintal
Maharashtra,Vegetables,Onion,27-06-2025,-,"22,235.80",Metric Tonnes,461.52,"1,370.67","1,958.86",Rs./Quintal
Maharashtra,Vegetables,Potato,27-06-2025,-,"1,919.60",Metric Tonnes,"1,176.19","1,541.47","1,901.78",Rs./Quintal
Maharashtra,Vegetables,Onion,28-06-2025,-,"22,504.53",Metric Tonnes,510.24,"1,370.73","1,903.94",Rs./Quintal
Maharashtra,Vegetables,Potato,28-06-2025,-,"2,351.00",Metric Tonnes,"1,166.96","1,514.23","2,298.47",Rs./Quintal
Maharashtra,Vegetables,Onion,29-06-2025,-,"6,206.38",Metric Tonnes,609.98,"1,423.14","1,953.22",Rs./Quintal
Maharashtra,Vegetables,Potato,29-06-2025,-,"1,797.40",Metric Tonnes,"1,218.26","1,553.98","1,940.30",Rs./Quintal
Maharashtra,Vegetables,Onion,30-06-2025,-,"26,155.99",Metric Tonnes,518.53,"1,380.40","1,875.16",Rs./Quintal
Maharashtra,Vegetables,Potato,30-06-2025,-,"2,720.10",Metric Tonnes,"1,115.59","1,480.81","1,789.95",Rs./Quintal
Maharashtra,Vegetables,Onion,01-07-2025,-,"15,735.38",Metric Tonnes,542.41,"1,362.93","1,942.50",Rs./Quintal
Maharashtra,Vegetables,Potato,01-07-2025,-,"2,208.20",Metric Tonnes,"1,161.08","1,518.29","1,850.58",Rs./Quintal
Maharashtra,Vegetables,Onion,02-07-2025,-,"13,342.01",Metric Tonnes,464.74,"1,342.21","1,878.13",Rs./Quintal
Maharashtra,Vegetables,Potato,02-07-2025,-,50,Metric Tonnes,"1,397.40","1,498.30","1,599.20",Rs./Quintal
Maharashtra,Vegetables,Onion,03-07-2025,-,"28,230.11",Metric Tonnes,536.98,"1,318.82","1,848.71",Rs./Quintal
Maharashtra,Vegetables,Potato,03-07-2025,-,"1,971.90",Metric Tonnes,"1,189.74","1,560.27","1,879.53",Rs./Quintal
Maharashtra,Vegetables,Onion,04-07-2025,-,"24,957.17",Metric Tonnes,453.97,"1,314.07","1,859.35",Rs./Quintal
Maharashtra,Vegetables,Potato,04-07-2025,-,"2,518.50",Metric Tonnes,"1,158.94","1,546.66","1,878.11",Rs./Quintal
Maharashtra,Vegetables,Onion,05-07-2025,-,"19,355.41",Metric Tonnes,513.89,"1,311.50","1,874.09",Rs./Quintal
Maharashtra,Vegetables,Potato,05-07-2025,-,"1,985.40",Metric Tonnes,"1,186.37","1,512.74","1,800.45",Rs./Quintal
Maharashtra,Vegetables,Onion,06-07-2025,-,"4,529.32",Metric Tonnes,686.11,"1,435.14","1,926.39",Rs./Quintal
Maharashtra,Vegetables,Potato,06-07-2025,-,"1,825.70",Metric Tonnes,"1,293.74","1,682.94","2,049.38",Rs./Quintal
Maharashtra,Vegetables,Onion,07-07-2025,-,"26,558.32",Metric Tonnes,483.09,"1,305.86","1,824.10",Rs./Quintal
Maharashtra,Vegetables,Potato,07-07-2025,-,"2,866.10",Metric Tonnes,"1,093.02","1,462.10","1,771.32",Rs./Quintal
Maharashtra,Vegetables,Onion,08-07-2025,-,"25,382.90",Metric Tonnes,533.82,"1,333.66","1,869.25",Rs./Quintal
Maharashtra,Vegetables,Potato,08-07-2025,-,"1,954.40",Metric Tonnes,"1,144.26","1,488.38","1,793.02",Rs./Quintal
Maharashtra,Vegetables,Onion,09-07-2025,-,"26,662.06",Metric Tonnes,440.13,"1,305.42","1,804.47",Rs./Quintal
Maharashtra,Vegetables,Potato,09-07-2025,-,"2,435.20",Metric Tonnes,"1,105.03","1,494.27","1,760.32",Rs./Quintal
Maharashtra,Vegetables,Onion,10-07-2025,-,"27,362.79",Metric Tonnes,529.81,"1,281.02","1,795.12",Rs./Quintal
Maharashtra,Vegetables,Potato,10-07-2025,-,"2,942.70",Metric Tonnes,"1,150.47","1,479.94","1,771.43",Rs./Quintal
Maharashtra,Vegetables,Onion,11-07-2025,-,"25,919.46",Metric Tonnes,484.69,"1,291.25","1,786.58",Rs./Quintal
Maharashtra,Vegetables,Potato,11-07-2025,-,"2,690.20",Metric Tonnes,"1,103.67","1,424.71","1,753.17",Rs./Quintal
Maharashtra,Vegetables,Onion,12-07-2025,-,"21,436.00",Metric Tonnes,426.16,"1,212.21","1,746.84",Rs./Quintal
Maharashtra,Vegetables,Potato,12-07-2025,-,"2,278.10",Metric Tonnes,"1,153.64","1,434.38","1,713.39",Rs./Quintal
Maharashtra,Vegetables,Onion,13-07-2025,-,"4,962.65",Metric Tonnes,656.51,"1,311.51","1,780.64",Rs./Quintal
Maharashtra,Vegetables,Potato,13-07-2025,-,"1,473.30",Metric Tonnes,"1,211.54","1,568.58","1,970.94",Rs./Quintal
Maharashtra,Vegetables,Onion,14-07-2025,-,"33,876.96",Metric Tonnes,536.23,"1,444.27","2,037.03",Rs./Quintal
Maharashtra,Vegetables,Potato,14-07-2025,-,"3,155.10",Metric Tonnes,"3,091.50","4,099.69","5,055.80",Rs./Quintal
Maharashtra,Vegetables,Onion,15-07-2025,-,"29,026.49",Metric Tonnes,470.47,"1,266.88","1,763.55",Rs./Quintal
Maharashtra,Vegetables,Potato,15-07-2025,-,"2,617.20",Metric Tonnes,"1,008.65","1,435.11","1,780.79",Rs./Quintal
Maharashtra,Vegetables,Onion,16-07-2025,-,"28,769.75",Metric Tonnes,488.61,"1,265.84","1,737.41",Rs./Quintal
Maharashtra,Vegetables,Potato,16-07-2025,-,"2,882.50",Metric Tonnes,"1,006.89","1,407.51","1,765.16",Rs./Quintal
Maharashtra,Vegetables,Onion,17-07-2025,-,"30,799.28",Metric Tonnes,506.86,"1,261.91","1,732.53",Rs./Quintal
Maharashtra,Vegetables,Potato,17-07-2025,-,"2,671.30",Metric Tonnes,975.16,"1,382.55","1,717.59",Rs./Quintal
Maharashtra,Vegetables,Onion,18-07-2025,-,"26,887.40",Metric Tonnes,436.54,"1,241.20","1,708.90",Rs./Quintal
Maharashtra,Vegetables,Potato,18-07-2025,-,"1,913.20",Metric Tonnes,973.73,"1,274.51","1,569.51",Rs./Quintal
Maharashtra,Vegetables,Onion,19-07-2025,-,"20,482.89",Metric Tonnes,454.96,"1,176.30","1,707.35",Rs./Quintal
Maharashtra,Vegetables,Potato,19-07-2025,-,"2,185.30",Metric Tonnes,977.94,"1,340.96","1,648.35",Rs./Quintal
Maharashtra,Vegetables,Onion,20-07-2025,-,"5,501.75",Metric Tonnes,498.45,"1,167.76","1,703.33",Rs./Quintal
Maharashtra,Vegetables,Potato,20-07-2025,-,"1,146.10",Metric Tonnes,"1,140.02","1,476.80","1,813.02",Rs./Quintal
Maharashtra,Vegetables,Onion,21-07-2025,-,"34,573.97",Metric Tonnes,436.03,"1,216.48","1,668.19",Rs./Quintal
Maharashtra,Vegetables,Potato,21-07-2025,-,"2,987.10",Metric Tonnes,992.39,"1,390.28","1,725.13",Rs./Quintal
Maharashtra,Vegetables,Onion,22-07-2025,-,"27,736.04",Metric Tonnes,497.32,"1,243.08","1,731.54",Rs./Quintal
Maharashtra,Vegetables,Potato,22-07-2025,-,"2,681.40",Metric Tonnes,"1,014.56","1,383.12","1,696.19",Rs./Quintal
Maharashtra,Vegetables,Onion,23-07-2025,-,"24,920.17",Metric Tonnes,414.13,"1,222.88","1,660.12",Rs./Quintal
Maharashtra,Vegetables,Potato,23-07-2025,-,"2,532.20",Metric Tonnes,"1,001.16","1,345.51","1,656.81",Rs./Quintal
Maharashtra,Vegetables,Onion,24-07-2025,-,"17,805.50",Metric Tonnes,475.48,"1,160.06","1,630.63",Rs./Quintal
Maharashtra,Vegetables,Potato,24-07-2025,-,"2,087.50",Metric Tonnes,"1,002.42","1,378.54","1,687.40",Rs./Quintal
Maharashtra,Vegetables,Onion,25-07-2025,-,"11,607.50",Metric Tonnes,500.64,"1,183.20","1,719.98",Rs./Quintal
Maharashtra,Vegetables,Potato,25-07-2025,-,"2,199.10",Metric Tonnes,994.64,"1,331.14","1,668.80",Rs./Quintal
Maharashtra,Vegetables,Onion,26-07-2025,-,"6,571.40",Metric Tonnes,402.94,"1,151.59","1,642.69",Rs./Quintal
Maharashtra,Vegetables,Potato,26-07-2025,-,"1,353.40",Metric Tonnes,853.07,"1,144.45","1,449.43",Rs./Quintal
Maharashtra,Vegetables,Onion,27-07-2025,-,"5,008.69",Metric Tonnes,637.26,"1,268.73","1,699.59",Rs./Quintal
Maharashtra,Vegetables,Potato,27-07-2025,-,"1,766.70",Metric Tonnes,"1,042.03","1,420.92","1,787.67",Rs./Quintal
Maharashtra,Vegetables,Onion,28-07-2025,-,"34,869.28",Metric Tonnes,420.88,"1,194.63","1,640.65",Rs./Quintal
Maharashtra,Vegetables,Potato,28-07-2025,-,"2,985.20",Metric Tonnes,"1,020.96","1,366.75","1,663.84",Rs./Quintal
Maharashtra,Vegetables,Onion,29-07-2025,-,"14,578.40",Metric Tonnes,392.72,"1,163.12","1,688.35",Rs./Quintal
Maharashtra,Vegetables,Potato,29-07-2025,-,"2,129.80",Metric Tonnes,982.98,"1,377.21","1,696.19",Rs./Quintal
Maharashtra,Vegetables,Onion,30-07-2025,-,"26,660.03",Metric Tonnes,426.75,"1,209.81","1,593.94",Rs./Quintal
Maharashtra,Vegetables,Potato,30-07-2025,-,"2,560.50",Metric Tonnes,"1,088.26","1,434.84","1,728.34",Rs./Quintal
Maharashtra,Vegetables,Onion,31-07-2025,-,"30,309.21",Metric Tonnes,418.03,"1,155.43","1,588.49",Rs./Quintal
Maharashtra,Vegetables,Potato,31-07-2025,-,"2,415.20",Metric Tonnes,"1,157.78","1,458.71","1,727.27",Rs./Quintal
Maharashtra,Vegetables,Onion,01-08-2025,-,"28,627.69",Metric Tonnes,366.09,"1,163.77","1,597.23",Rs./Quintal
Maharashtra,Vegetables,Potato,01-08-2025,-,"2,804.10",Metric Tonnes,"1,075.53","1,406.89","1,727.51",Rs./Quintal
Maharashtra,Vegetables,Onion,02-08-2025,-,"21,398.21",Metric Tonnes,426.76,"1,185.07","1,609.16",Rs./Quintal
Maharashtra,Vegetables,Potato,02-08-2025,-,"2,491.50",Metric Tonnes,"1,030.70","1,390.74","1,715.83",Rs./Quintal
Maharashtra,Vegetables,Onion,03-08-2025,-,"8,189.54",Metric Tonnes,501.08,"1,183.91","1,683.01",Rs./Quintal
Maharashtra,Vegetables,Potato,03-08-2025,-,"1,939.80",Metric Tonnes,"1,022.28","1,395.84","1,699.64",Rs./Quintal
Maharashtra,Vegetables,Onion,04-08-2025,-,"34,799.29",Metric Tonnes,406.69,"1,138.33","1,592.48",Rs./Quintal
Maharashtra,Vegetables,Potato,04-08-2025,-,"3,793.30",Metric Tonnes,966.24,"1,318.74","1,628.68",Rs./Quintal
Maharashtra,Vegetables,Onion,05-08-2025,-,"31,395.60",Metric Tonnes,434.06,"1,166.98","1,604.43",Rs./Quintal
Maharashtra,Vegetables,Potato,05-08-2025,-,"3,140.30",Metric Tonnes,958.48,"1,319.67","1,620.50",Rs./Quintal
Maharashtra,Vegetables,Onion,06-08-2025,-,"24,824.22",Metric Tonnes,415.01,"1,155.01","1,555.33",Rs./Quintal
Maharashtra,Vegetables,Potato,06-08-2025,-,"2,824.20",Metric Tonnes,974.96,"1,330.73","1,613.52",Rs./Quintal
Maharashtra,Vegetables,Onion,07-08-2025,-,"30,264.09",Metric Tonnes,451.88,"1,169.62","1,604.39",Rs./Quintal
Maharashtra,Vegetables,Potato,07-08-2025,-,"2,756.00",Metric Tonnes,"1,041.68","1,369.68","1,645.88",Rs./Quintal
Maharashtra,Vegetables,Onion,08-08-2025,-,"10,300.90",Metric Tonnes,371.1,"1,206.17","1,706.87",Rs./Quintal
Maharashtra,Vegetables,Potato,08-08-2025,-,"2,902.90",Metric Tonnes,"1,003.77","1,320.79","1,624.36",Rs./Quintal
Maharashtra,Vegetables,Onion,09-08-2025,-,"3,922.50",Metric Tonnes,349.65,956.98,"1,574.85",Rs./Quintal
Maharashtra,Vegetables,Potato,09-08-2025,-,711.8,Metric Tonnes,932.5,"1,315.00","1,669.40",Rs./Quintal
Maharashtra,Vegetables,Onion,10-08-2025,-,"4,447.42",Metric Tonnes,604.67,"1,218.64","1,728.63",Rs./Quintal
Maharashtra,Vegetables,Potato,10-08-2025,-,"1,912.80",Metric Tonnes,"1,144.20","1,434.09","1,694.91",Rs./Quintal
Maharashtra,Vegetables,Onion,11-08-2025,-,"22,840.39",Metric Tonnes,454.42,"1,179.06","1,669.10",Rs./Quintal
Maharashtra,Vegetables,Potato,11-08-2025,-,"3,111.40",Metric Tonnes,994.54,"1,315.45","1,588.48",Rs./Quintal
Maharashtra,Vegetables,Onion,12-08-2025,-,"22,336.71",Metric Tonnes,502.55,"1,310.65","1,753.87",Rs./Quintal
Maharashtra,Vegetables,Potato,12-08-2025,-,"2,583.80",Metric Tonnes,"1,078.79","1,385.22","1,651.25",Rs./Quintal
Maharashtra,Vegetables,Onion,13-08-2025,-,"30,200.60",Metric Tonnes,534.17,"1,423.80","1,884.31",Rs./Quintal
Maharashtra,Vegetables,Potato,13-08-2025,-,"3,290.90",Metric Tonnes,"1,018.54","1,336.84","1,609.32",Rs./Quintal
Maharashtra,Vegetables,Onion,14-08-2025,-,"29,588.51",Metric Tonnes,558.26,"1,435.93","1,899.79",Rs./Quintal
Maharashtra,Vegetables,Potato,14-08-2025,-,"3,827.60",Metric Tonnes,"1,085.53","1,389.52","1,678.23",Rs./Quintal
Maharashtra,Vegetables,Onion,15-08-2025,-,"2,228.35",Metric Tonnes,340.97,"1,642.66","2,281.88",Rs./Quintal
Maharashtra,Vegetables,Potato,15-08-2025,-,48.4,Metric Tonnes,"1,483.29","1,595.58","1,683.70",Rs./Quintal
Maharashtra,Vegetables,Onion,16-08-2025,-,"26,413.11",Metric Tonnes,458.26,"1,331.22","1,902.00",Rs./Quintal
Maharashtra,Vegetables,Potato,16-08-2025,-,"1,076.10",Metric Tonnes,"1,055.80","1,371.71","1,617.69",Rs./Quintal
Maharashtra,Vegetables,Onion,17-08-2025,-,"11,110.10",Metric Tonnes,504.06,"1,341.63","2,011.86",Rs./Quintal
Maharashtra,Vegetables,Potato,17-08-2025,-,"1,932.90",Metric Tonnes,"1,171.37","1,466.38","1,736.39",Rs./Quintal
Maharashtra,Vegetables,Onion,18-08-2025,-,"34,438.40",Metric Tonnes,486.55,"1,338.09","1,866.37",Rs./Quintal
Maharashtra,Vegetables,Potato,18-08-2025,-,"3,443.80",Metric Tonnes,"1,040.23","1,351.35","1,639.48",Rs./Quintal
Maharashtra,Vegetables,Onion,19-08-2025,-,"35,148.32",Metric Tonnes,510.6,"1,409.70","1,893.20",Rs./Quintal
Maharashtra,Vegetables,Potato,19-08-2025,-,"3,165.50",Metric Tonnes,"1,054.67","1,327.00","1,576.41",Rs./Quintal
Maharashtra,Vegetables,Onion,20-08-2025,-,"47,446.87",Metric Tonnes,493.55,"1,380.35","1,825.80",Rs./Quintal
Maharashtra,Vegetables,Potato,20-08-2025,-,"2,742.70",Metric Tonnes,"1,009.37","1,336.66","1,637.24",Rs./Quintal
Maharashtra,Vegetables,Onion,21-08-2025,-,"29,547.29",Metric Tonnes,427.03,"1,311.15","1,797.01",Rs./Quintal
Maharashtra,Vegetables,Potato,21-08-2025,-,"2,757.50",Metric Tonnes,974.19,"1,303.37","1,615.73",Rs./Quintal
Maharashtra,Vegetables,Onion,22-08-2025,-,"12,231.60",Metric Tonnes,441.42,"1,249.33","1,943.70",Rs./Quintal
Maharashtra,Vegetables,Potato,22-08-2025,-,"1,766.70",Metric Tonnes,"1,007.48","1,356.05","1,714.76",Rs./Quintal
Maharashtra,Vegetables,Onion,23-08-2025,-,"19,649.00",Metric Tonnes,424.82,"1,241.28","1,778.15",Rs./Quintal
Maharashtra,Vegetables,Potato,23-08-2025,-,"2,020.30",Metric Tonnes,937.45,"1,254.76","1,551.96",Rs./Quintal
Maharashtra,Vegetables,Onion,24-08-2025,-,"6,073.80",Metric Tonnes,528.07,"1,202.24","1,775.27",Rs./Quintal
Maharashtra,Vegetables,Potato,24-08-2025,-,"1,305.70",Metric Tonnes,"1,036.06","1,435.86","1,801.32",Rs./Quintal
Maharashtra,Vegetables,Onion,25-08-2025,-,"64,279.36",Metric Tonnes,438.37,"1,232.67","1,686.96",Rs./Quintal
Maharashtra,Vegetables,Potato,25-08-2025,-,"3,403.50",Metric Tonnes,"1,029.55","1,370.45","1,675.15",Rs./Quintal
Maharashtra,Vegetables,Onion,26-08-2025,-,"28,280.26",Metric Tonnes,429.77,"1,170.98","1,740.11",Rs./Quintal
Maharashtra,Vegetables,Potato,26-08-2025,-,"3,678.50",Metric Tonnes,980.92,"1,328.85","1,653.00",Rs./Quintal
Maharashtra,Vegetables,Onion,27-08-2025,-,"7,173.70",Metric Tonnes,380.7,"1,154.97","1,694.84",Rs./Quintal
Maharashtra,Vegetables,Potato,27-08-2025,-,"1,607.00",Metric Tonnes,913.95,"1,366.17","1,759.06",Rs./Quintal
Maharashtra,Vegetables,Onion,28-08-2025,-,"27,894.90",Metric Tonnes,477.59,"1,198.90","1,659.42",Rs./Quintal
Maharashtra,Vegetables,Potato,28-08-2025,-,"3,056.40",Metric Tonnes,"1,001.96","1,355.49","1,676.37",Rs./Quintal
Maharashtra,Vegetables,Onion,29-08-2025,-,"19,651.51",Metric Tonnes,381.09,"1,161.08","1,694.23",Rs./Quintal
Maharashtra,Vegetables,Potato,29-08-2025,-,"2,013.40",Metric Tonnes,"1,011.62","1,348.96","1,687.42",Rs./Quintal
Maharashtra,Vegetables,Onion,30-08-2025,-,"9,957.90",Metric Tonnes,479.32,"1,202.66","1,624.29",Rs./Quintal
Maharashtra,Vegetables,Potato,30-08-2025,-,"1,838.90",Metric Tonnes,"1,019.20","1,264.40","1,504.64",Rs./Quintal
Maharashtra,Vegetables,Onion,31-08-2025,-,"5,442.40",Metric Tonnes,511.65,"1,149.25","1,692.03",Rs./Quintal
Maharashtra,Vegetables,Potato,31-08-2025,-,"1,417.50",Metric Tonnes,"1,060.56","1,455.46","1,849.23",Rs./Quintal
Maharashtra,Vegetables,Onion,01-09-2025,-,"41,096.88",Metric Tonnes,387.46,"1,152.36","1,631.94",Rs./Quintal
Maharashtra,Vegetables,Potato,01-09-2025,-,"3,150.40",Metric Tonnes,"1,008.75","1,322.79","1,598.36",Rs./Quintal
Maharashtra,Vegetables,Onion,02-09-2025,-,"27,095.31",Metric Tonnes,432.07,"1,204.73","1,693.05",Rs./Quintal
Maharashtra,Vegetables,Potato,02-09-2025,-,"2,667.20",Metric Tonnes,"1,003.64","1,327.29","1,595.73",Rs./Quintal
Maharashtra,Vegetables,Onion,03-09-2025,-,"29,163.67",Metric Tonnes,379.76,"1,184.32","1,654.83",Rs./Quintal
Maharashtra,Vegetables,Potato,03-09-2025,-,"2,099.80",Metric Tonnes,"1,022.57","1,338.77","1,648.73",Rs./Quintal
Maharashtra,Vegetables,Onion,04-09-2025,-,"27,435.29",Metric Tonnes,420.35,"1,183.24","1,679.79",Rs./Quintal
Maharashtra,Vegetables,Potato,04-09-2025,-,"2,447.00",Metric Tonnes,"1,034.07","1,354.57","1,642.94",Rs./Quintal
Maharashtra,Vegetables,Onion,05-09-2025,-,"13,743.58",Metric Tonnes,403.97,"1,172.82","1,724.13",Rs./Quintal
Maharashtra,Vegetables,Potato,05-09-2025,-,"2,022.10",Metric Tonnes,"1,077.77","1,398.89","1,691.49",Rs./Quintal
Maharashtra,Vegetables,Onion,06-09-2025,-,"12,794.70",Metric Tonnes,367.09,"1,041.65","1,602.16",Rs./Quintal
Maharashtra,Vegetables,Potato,06-09-2025,-,635.3,Metric Tonnes,"1,076.55","1,373.02","1,562.30",Rs./Quintal
Maharashtra,Vegetables,Onion,07-09-2025,-,"4,424.34",Metric Tonnes,680.17,"1,332.58","1,723.54",Rs./Quintal
Maharashtra,Vegetables,Potato,07-09-2025,-,467.3,Metric Tonnes,"1,025.56","1,353.38","1,562.01",Rs./Quintal
Maharashtra,Vegetables,Onion,08-09-2025,-,"35,903.08",Metric Tonnes,408.12,"1,158.04","1,646.15",Rs./Quintal
Maharashtra,Vegetables,Potato,08-09-2025,-,"3,670.00",Metric Tonnes,"1,171.37","1,462.11","1,703.27",Rs./Quintal
Maharashtra,Vegetables,Onion,09-09-2025,-,"34,938.96",Metric Tonnes,402.83,"1,137.20","1,663.00",Rs./Quintal
Maharashtra,Vegetables,Potato,09-09-2025,-,"2,564.80",Metric Tonnes,"1,158.71","1,478.43","1,754.34",Rs./Quintal
Maharashtra,Vegetables,Onion,10-09-2025,-,"33,726.21",Metric Tonnes,362.73,"1,072.01","1,598.25",Rs./Quintal
Maharashtra,Vegetables,Potato,10-09-2025,-,"2,536.10",Metric Tonnes,"1,153.02","1,455.63","1,712.09",Rs./Quintal
Maharashtra,Vegetables,Onion,11-09-2025,-,"43,130.56",Metric Tonnes,410.42,"1,044.05","1,516.14",Rs./Quintal
Maharashtra,Vegetables,Potato,11-09-2025,-,"2,608.40",Metric Tonnes,"1,100.76","1,405.51","1,669.29",Rs./Quintal
Maharashtra,Vegetables,Onion,12-09-2025,-,"23,616.44",Metric Tonnes,328.43,"1,006.08","1,494.58",Rs./Quintal
Maharashtra,Vegetables,Potato,12-09-2025,-,"2,880.70",Metric Tonnes,"1,005.47","1,332.85","1,615.48",Rs./Quintal
Maharashtra,Vegetables,Onion,13-09-2025,-,"16,721.44",Metric Tonnes,369.27,960.03,"1,453.68",Rs./Quintal
Maharashtra,Vegetables,Potato,13-09-2025,-,"2,688.90",Metric Tonnes,940.06,"1,284.01","1,587.20",Rs./Quintal
Maharashtra,Vegetables,Onion,14-09-2025,-,"8,392.50",Metric Tonnes,"1,019.85","2,239.81","3,428.86",Rs./Quintal
Maharashtra,Vegetables,Potato,14-09-2025,-,"1,694.20",Metric Tonnes,"1,011.89","1,408.87","1,800.96",Rs./Quintal
Maharashtra,Vegetables,Onion,15-09-2025,-,"24,958.24",Metric Tonnes,367.45,"1,020.71","1,517.90",Rs./Quintal
Maharashtra,Vegetables,Potato,15-09-2025,-,"2,911.50",Metric Tonnes,983.26,"1,292.51","1,566.33",Rs./Quintal
Maharashtra,Vegetables,Onion,16-09-2025,-,"18,182.79",Metric Tonnes,413.4,"1,120.96","1,649.36",Rs./Quintal
Maharashtra,Vegetables,Potato,16-09-2025,-,"2,387.20",Metric Tonnes,957.05,"1,344.58","1,688.79",Rs./Quintal
Maharashtra,Vegetables,Onion,17-09-2025,-,"24,045.34",Metric Tonnes,330.06,"1,042.77","1,565.10",Rs./Quintal
Maharashtra,Vegetables,Potato,17-09-2025,-,"2,744.80",Metric Tonnes,924.18,"1,312.17","1,630.75",Rs./Quintal
Maharashtra,Vegetables,Onion,18-09-2025,-,"28,466.27",Metric Tonnes,378.31,"1,053.05","1,559.39",Rs./Quintal
Maharashtra,Vegetables,Potato,18-09-2025,-,"2,511.30",Metric Tonnes,"1,029.45","1,387.00","1,659.01",Rs./Quintal
Maharashtra,Vegetables,Onion,19-09-2025,-,"23,248.98",Metric Tonnes,317.33,"1,011.05","1,474.43",Rs./Quintal
Maharashtra,Vegetables,Potato,19-09-2025,-,"2,070.60",Metric Tonnes,947.27,"1,282.71","1,600.88",Rs./Quintal
Maharashtra,Vegetables,Onion,20-09-2025,-,"19,091.79",Metric Tonnes,376.38,964.86,"1,412.49",Rs./Quintal
Maharashtra,Vegetables,Potato,20-09-2025,-,"2,072.50",Metric Tonnes,"1,035.59","1,329.41","1,607.58",Rs./Quintal
Maharashtra,Vegetables,Onion,21-09-2025,-,"7,017.84",Metric Tonnes,516.66,"1,050.18","1,527.53",Rs./Quintal
Maharashtra,Vegetables,Potato,21-09-2025,-,"1,865.70",Metric Tonnes,"1,108.60","1,432.15","1,705.03",Rs./Quintal
Maharashtra,Vegetables,Onion,22-09-2025,-,"22,786.16",Metric Tonnes,425.08,982.09,"1,394.35",Rs./Quintal
Maharashtra,Vegetables,Potato,22-09-2025,-,"3,323.10",Metric Tonnes,"1,031.61","1,352.14","1,638.31",Rs./Quintal
Maharashtra,Vegetables,Onion,23-09-2025,-,"22,690.45",Metric Tonnes,390.73,"1,070.36","1,603.86",Rs./Quintal
Maharashtra,Vegetables,Potato,23-09-2025,-,"3,251.50",Metric Tonnes,"1,074.02","1,398.84","1,706.51",Rs./Quintal
Maharashtra,Vegetables,Onion,24-09-2025,-,"25,853.90",Metric Tonnes,388.41,"1,074.72","1,586.86",Rs./Quintal
Maharashtra,Vegetables,Potato,24-09-2025,-,"3,634.60",Metric Tonnes,"1,101.20","1,421.25","1,716.22",Rs./Quintal
Maharashtra,Vegetables,Onion,25-09-2025,-,"17,889.58",Metric Tonnes,418.45,"1,054.45","1,512.56",Rs./Quintal
Maharashtra,Vegetables,Potato,25-09-2025,-,"2,250.10",Metric Tonnes,"1,199.56","1,577.71","1,895.83",Rs./Quintal
Maharashtra,Vegetables,Onion,26-09-2025,-,"20,540.29",Metric Tonnes,400.33,"1,054.83","1,602.85",Rs./Quintal
Maharashtra,Vegetables,Potato,26-09-2025,-,"3,049.80",Metric Tonnes,"1,063.86","1,377.28","1,673.43",Rs./Quintal
Maharashtra,Vegetables,Onion,27-09-2025,-,"19,717.00",Metric Tonnes,370.86,970.39,"1,463.54",Rs./Quintal
Maharashtra,Vegetables,Potato,27-09-2025,-,"2,616.30",Metric Tonnes,"1,027.89","1,335.52","1,614.71",Rs./Quintal
Maharashtra,Vegetables,Onion,28-09-2025,-,"2,766.00",Metric Tonnes,726.57,"1,166.83","1,545.11",Rs./Quintal
Maharashtra,Vegetables,Potato,28-09-2025,-,"2,138.30",Metric Tonnes,"1,162.26","1,550.89","1,889.76",Rs./Quintal
Maharashtra,Vegetables,Onion,29-09-2025,-,"19,136.26",Metric Tonnes,371.89,"1,071.30","1,601.47",Rs./Quintal
Maharashtra,Vegetables,Potato,29-09-2025,-,"3,156.80",Metric Tonnes,"1,091.47","1,443.55","1,759.17",Rs./Quintal
Maharashtra,Vegetables,Onion,30-09-2025,-,"21,129.81",Metric Tonnes,349.24,"1,095.99","1,675.71",Rs./Quintal
Maharashtra,Vegetables,Potato,30-09-2025,-,"3,466.50",Metric Tonnes,"1,043.49","1,357.93","1,640.38",Rs./Quintal
Maharashtra,Vegetables,Onion,01-10-2025,-,"14,483.20",Metric Tonnes,439.17,"1,117.45","1,601.33",Rs./Quintal
Maharashtra,Vegetables,Potato,01-10-2025,-,"3,266.30",Metric Tonnes,"1,060.00","1,410.33","1,746.87",Rs./Quintal
Maharashtra,Vegetables,Onion,02-10-2025,-,"15,216.00",Metric Tonnes,506.94,"1,060.12","1,488.23",Rs./Quintal
Maharashtra,Vegetables,Potato,02-10-2025,-,949,Metric Tonnes,981.71,"1,461.02","1,918.73",Rs./Quintal
Maharashtra,Vegetables,Onion,03-10-2025,-,"19,792.12",Metric Tonnes,380.24,"1,098.04","1,605.77",Rs./Quintal
Maharashtra,Vegetables,Potato,03-10-2025,-,"2,966.80",Metric Tonnes,969.33,"1,344.09","1,715.67",Rs./Quintal
Maharashtra,Vegetables,Onion,04-10-2025,-,"15,835.48",Metric Tonnes,358.26,"1,079.37","1,691.28",Rs./Quintal
Maharashtra,Vegetables,Potato,04-10-2025,-,"1,097.00",Metric Tonnes,"1,075.89","1,403.99","1,678.36",Rs./Quintal
Maharashtra,Vegetables,Onion,05-10-2025,-,"3,958.11",Metric Tonnes,544.44,"1,161.39","1,717.24",Rs./Quintal
Maharashtra,Vegetables,Potato,05-10-2025,-,"1,306.00",Metric Tonnes,"1,048.00","1,545.23","2,037.54",Rs./Quintal
Maharashtra,Vegetables,Onion,06-10-2025,-,"35,820.07",Metric Tonnes,407.67,"1,101.81","1,604.11",Rs./Quintal
Maharashtra,Vegetables,Potato,06-10-2025,-,"3,050.00",Metric Tonnes,998.89,"1,373.67","1,726.66",Rs./Quintal
Maharashtra,Vegetables,Onion,07-10-2025,-,"31,711.38",Metric Tonnes,380.51,"1,110.52","1,653.85",Rs./Quintal
Maharashtra,Vegetables,Potato,07-10-2025,-,"3,065.90",Metric Tonnes,992.41,"1,374.78","1,728.31",Rs./Quintal
Maharashtra,Vegetables,Onion,08-10-2025,-,"29,374.03",Metric Tonnes,355.55,"1,051.02","1,607.54",Rs./Quintal
Maharashtra,Vegetables,Potato,08-10-2025,-,"2,888.80",Metric Tonnes,990.4,"1,356.47","1,675.63",Rs./Quintal
Maharashtra,Vegetables,Onion,09-10-2025,-,"21,995.20",Metric Tonnes,369.16,"1,011.49","1,556.90",Rs./Quintal
Maharashtra,Vegetables,Potato,09-10-2025,-,"3,032.90",Metric Tonnes,"1,042.43","1,403.01","1,735.60",Rs./Quintal
Maharashtra,Vegetables,Onion,10-10-2025,-,"3,228.40",Metric Tonnes,552.72,"1,140.91","1,655.63",Rs./Quintal
Maharashtra,Vegetables,Potato,10-10-2025,-,"1,360.50",Metric Tonnes,990.15,"1,391.40","1,792.39",Rs./Quintal
Maharashtra,Vegetables,Onion,11-10-2025,-,"11,897.90",Metric Tonnes,326.74,913.95,"1,402.31",Rs./Quintal
Maharashtra,Vegetables,Potato,11-10-2025,-,"1,218.50",Metric Tonnes,871.01,"1,344.86","1,816.54",Rs./Quintal
Maharashtra,Vegetables,Onion,12-10-2025,-,"8,432.39",Metric Tonnes,622.28,"1,127.34","1,577.47",Rs./Quintal
Maharashtra,Vegetables,Potato,12-10-2025,-,"1,561.30",Metric Tonnes,"1,014.38","1,418.58","1,822.83",Rs./Quintal
Maharashtra,Vegetables,Onion,13-10-2025,-,"80,038.12",Metric Tonnes,333.44,985.97,"1,432.92",Rs./Quintal
Maharashtra,Vegetables,Potato,13-10-2025,-,"2,896.70",Metric Tonnes,945.66,"1,363.22","1,746.80",Rs./Quintal
Maharashtra,Vegetables,Onion,14-10-2025,-,"30,915.63",Metric Tonnes,378.07,"1,022.97","1,591.17",Rs./Quintal
Maharashtra,Vegetables,Potato,14-10-2025,-,"2,948.00",Metric Tonnes,979.52,"1,374.36","1,728.92",Rs./Quintal
Maharashtra,Vegetables,Onion,15-10-2025,-,"32,477.49",Metric Tonnes,333.2,988.52,"1,509.94",Rs./Quintal
Maharashtra,Vegetables,Potato,15-10-2025,-,"3,241.90",Metric Tonnes,966.72,"1,364.76","1,723.99",Rs./Quintal
Maharashtra,Vegetables,Onion,16-10-2025,-,"28,265.57",Metric Tonnes,367.34,"1,012.09","1,535.47",Rs./Quintal
Maharashtra,Vegetables,Potato,16-10-2025,-,"2,860.80",Metric Tonnes,"1,011.90","1,405.68","1,776.01",Rs./Quintal
Maharashtra,Vegetables,Onion,17-10-2025,-,"10,779.00",Metric Tonnes,374.87,"1,059.42","1,742.74",Rs./Quintal
Maharashtra,Vegetables,Potato,17-10-2025,-,"1,342.00",Metric Tonnes,904.49,"1,336.32","1,767.71",Rs./Quintal
Maharashtra,Vegetables,Onion,18-10-2025,-,"5,718.90",Metric Tonnes,304.17,939,"1,699.14",Rs./Quintal
Maharashtra,Vegetables,Potato,18-10-2025,-,"1,171.90",Metric Tonnes,"1,027.51","1,452.62","1,754.63",Rs./Quintal
Maharashtra,Vegetables,Onion,19-10-2025,-,"2,168.00",Metric Tonnes,556.85,"1,039.40","1,496.54",Rs./Quintal
Maharashtra,Vegetables,Potato,19-10-2025,-,998.7,Metric Tonnes,"1,047.66","1,539.99","2,031.71",Rs./Quintal
Maharashtra,Vegetables,Onion,20-10-2025,-,870.3,Metric Tonnes,626.62,"1,131.50","1,628.72",Rs./Quintal
Maharashtra,Vegetables,Potato,20-10-2025,-,807,Metric Tonnes,"1,223.57","1,588.39","1,874.57",Rs./Quintal
Maharashtra,Vegetables,Onion,21-10-2025,-,478.7,Metric Tonnes,405.01,944,"1,483.00",Rs./Quintal
Maharashtra,Vegetables,Potato,21-10-2025,-,462.1,Metric Tonnes,"1,384.29","1,680.46","1,976.63",Rs./Quintal
Maharashtra,Vegetables,Onion,22-10-2025,-,"2,363.40",Metric Tonnes,346.49,998.28,"1,537.27",Rs./Quintal
Maharashtra,Vegetables,Potato,22-10-2025,-,578.8,Metric Tonnes,"1,278.44","1,668.31","2,058.19",Rs./Quintal
Maharashtra,Vegetables,Onion,23-10-2025,-,887.8,Metric Tonnes,553.21,874.1,"1,253.40",Rs./Quintal
Maharashtra,Vegetables,Potato,23-10-2025,-,162.2,Metric Tonnes,"1,261.53","1,419.64","1,570.84",Rs./Quintal
Maharashtra,Vegetables,Onion,24-10-2025,-,"2,422.70",Metric Tonnes,582.11,"1,125.80","1,674.92",Rs./Quintal
Maharashtra,Vegetables,Potato,24-10-2025,-,"1,843.30",Metric Tonnes,"1,274.88","1,572.09","1,864.91",Rs./Quintal
Maharashtra,Vegetables,Onion,25-10-2025,-,"3,411.20",Metric Tonnes,611.28,"1,282.04","1,805.17",Rs./Quintal
Maharashtra,Vegetables,Potato,25-10-2025,-,"1,307.20",Metric Tonnes,"1,200.41","1,534.70","1,851.39",Rs./Quintal
Maharashtra,Vegetables,Onion,26-10-2025,-,"4,593.22",Metric Tonnes,649.9,"1,464.51","2,087.05",Rs./Quintal
Maharashtra,Vegetables,Potato,26-10-2025,-,"1,130.90",Metric Tonnes,"1,647.45","1,955.40","2,244.74",Rs./Quintal
Maharashtra,Vegetables,Onion,27-10-2025,-,"19,678.30",Metric Tonnes,405.54,"1,237.35","1,959.63",Rs./Quintal
Maharashtra,Vegetables,Potato,27-10-2025,-,"2,343.40",Metric Tonnes,"1,445.95","1,759.48","2,075.51",Rs./Quintal
Maharashtra,Vegetables,Onion,28-10-2025,-,"24,654.22",Metric Tonnes,508.11,"1,316.13","2,755.92",Rs./Quintal
Maharashtra,Vegetables,Potato,28-10-2025,-,"3,235.30",Metric Tonnes,"1,373.39","1,754.61","2,157.21",Rs./Quintal
Maharashtra,Vegetables,Onion,29-10-2025,-,"24,717.02",Metric Tonnes,454.84,"1,313.94","1,969.40",Rs./Quintal
Maharashtra,Vegetables,Potato,29-10-2025,-,"3,134.40",Metric Tonnes,"1,293.97","1,673.39","2,080.48",Rs./Quintal
Maharashtra,Vegetables,Onion,30-10-2025,-,"25,452.07",Metric Tonnes,572.05,"1,408.77","2,020.19",Rs./Quintal
Maharashtra,Vegetables,Potato,30-10-2025,-,"3,276.20",Metric Tonnes,"1,319.56","1,677.22","2,063.08",Rs./Quintal
Maharashtra,Vegetables,Onion,31-10-2025,-,"23,119.63",Metric Tonnes,392.1,"1,371.97","2,143.07",Rs./Quintal
Maharashtra,Vegetables,Potato,31-10-2025,-,"2,708.10",Metric Tonnes,"1,259.62","1,671.27","2,113.91",Rs./Quintal
Maharashtra,Vegetables,Onion,01-11-2025,-,"29,041.88",Metric Tonnes,474.63,"1,236.05","1,890.65",Rs./Quintal
Maharashtra,Vegetables,Potato,01-11-2025,-,"2,188.70",Metric Tonnes,"1,231.50","1,589.04","1,876.99",Rs./Quintal
Maharashtra,Vegetables,Onion,02-11-2025,-,"10,387.92",Metric Tonnes,693.42,"1,406.68","2,030.04",Rs./Quintal
Maharashtra,Vegetables,Potato,02-11-2025,-,"1,306.60",Metric Tonnes,"1,377.73","1,913.39","2,476.24",Rs./Quintal
Maharashtra,Vegetables,Onion,03-11-2025,-,"34,069.72",Metric Tonnes,423.25,"1,321.83","1,992.04",Rs./Quintal
Maharashtra,Vegetables,Potato,03-11-2025,-,"2,229.10",Metric Tonnes,"1,352.35","1,742.50","2,089.74",Rs./Quintal
Maharashtra,Vegetables,Onion,04-11-2025,-,"15,131.10",Metric Tonnes,463.06,"1,342.42","2,138.93",Rs./Quintal
Maharashtra,Vegetables,Potato,04-11-2025,-,"1,904.50",Metric Tonnes,"1,251.00","1,688.16","2,095.48",Rs./Quintal
Maharashtra,Vegetables,Onion,05-11-2025,-,"14,592.89",Metric Tonnes,414.7,"1,318.94","2,119.02",Rs./Quintal
Maharashtra,Vegetables,Potato,05-11-2025,-,"1,999.00",Metric Tonnes,"1,356.76","1,770.92","2,163.59",Rs./Quintal
Maharashtra,Vegetables,Onion,06-11-2025,-,"11,072.30",Metric Tonnes,607.35,"1,485.42","1,977.18",Rs./Quintal
Maharashtra,Vegetables,Potato,06-11-2025,-,288.7,Metric Tonnes,"1,503.12","1,792.78","2,000.42",Rs./Quintal
Maharashtra,Vegetables,Onion,07-11-2025,-,"19,053.20",Metric Tonnes,400.22,"1,336.23","2,104.01",Rs./Quintal
Maharashtra,Vegetables,Potato,07-11-2025,-,"3,254.50",Metric Tonnes,"1,231.42","1,685.74","2,139.34",Rs./Quintal
Maharashtra,Vegetables,Onion,08-11-2025,-,"12,606.80",Metric Tonnes,429.33,"1,254.66","2,025.07",Rs./Quintal
Maharashtra,Vegetables,Potato,08-11-2025,-,934.8,Metric Tonnes,"1,349.55","1,711.35","1,977.35",Rs./Quintal
Maharashtra,Vegetables,Onion,09-11-2025,-,"4,617.20",Metric Tonnes,521.28,"1,289.47","1,950.14",Rs./Quintal
Maharashtra,Vegetables,Potato,09-11-2025,-,"1,142.00",Metric Tonnes,"1,451.22","1,881.45","2,305.11",Rs./Quintal
Maharashtra,Vegetables,Onion,10-11-2025,-,"14,681.13",Metric Tonnes,417.68,"1,249.01","2,004.72",Rs./Quintal
Maharashtra,Vegetables,Potato,10-11-2025,-,"3,021.00",Metric Tonnes,"1,252.98","1,676.32","2,090.99",Rs./Quintal
Maharashtra,Vegetables,Onion,11-11-2025,-,"13,543.20",Metric Tonnes,492.7,"1,278.86","2,114.82",Rs./Quintal
Maharashtra,Vegetables,Potato,11-11-2025,-,"3,129.00",Metric Tonnes,"1,222.02","1,650.78","2,058.60",Rs./Quintal
Maharashtra,Vegetables,Onion,12-11-2025,-,"13,500.60",Metric Tonnes,410.46,"1,268.64","1,957.59",Rs./Quintal
Maharashtra,Vegetables,Potato,12-11-2025,-,"2,882.50",Metric Tonnes,"1,303.59","1,659.65","1,980.98",Rs./Quintal
Maharashtra,Vegetables,Onion,13-11-2025,-,"14,519.60",Metric Tonnes,509.19,"1,248.52","2,023.67",Rs./Quintal
Maharashtra,Vegetables,Potato,13-11-2025,-,"2,289.20",Metric Tonnes,"1,260.10","1,627.42","1,965.88",Rs./Quintal
Maharashtra,Vegetables,Onion,14-11-2025,-,"13,389.50",Metric Tonnes,459.35,"1,254.04","2,037.17",Rs./Quintal
Maharashtra,Vegetables,Potato,14-11-2025,-,"2,834.20",Metric Tonnes,"1,316.37","1,692.35","2,049.24",Rs./Quintal
Maharashtra,Vegetables,Onion,15-11-2025,-,"9,431.00",Metric Tonnes,387.27,"1,202.62","2,025.74",Rs./Quintal
Maharashtra,Vegetables,Potato,15-11-2025,-,862.9,Metric Tonnes,"1,470.93","1,752.07","1,973.80",Rs./Quintal
Maharashtra,Vegetables,Onion,16-11-2025,-,"4,961.39",Metric Tonnes,538.16,"1,247.62","1,941.96",Rs./Quintal
Maharashtra,Vegetables,Potato,16-11-2025,-,"2,109.00",Metric Tonnes,"1,249.68","1,666.70","2,040.67",Rs./Quintal
Maharashtra,Vegetables,Onion,17-11-2025,-,"21,854.40",Metric Tonnes,461.05,"1,223.80","1,988.34",Rs./Quintal
Maharashtra,Vegetables,Potato,17-11-2025,-,"3,355.90",Metric Tonnes,"1,162.21","1,614.69","1,997.67",Rs./Quintal
Maharashtra,Vegetables,Onion,18-11-2025,-,"16,733.69",Metric Tonnes,552.87,"1,245.86","2,027.56",Rs./Quintal
Maharashtra,Vegetables,Potato,18-11-2025,-,"1,960.70",Metric Tonnes,"1,245.32","1,656.63","2,022.62",Rs./Quintal
Maharashtra,Vegetables,Onion,19-11-2025,-,"16,340.30",Metric Tonnes,393.57,"1,204.10","2,031.41",Rs./Quintal
Maharashtra,Vegetables,Potato,19-11-2025,-,"3,292.30",Metric Tonnes,"1,099.18","1,542.79","1,964.61",Rs./Quintal
Maharashtra,Vegetables,Onion,20-11-2025,-,"21,711.70",Metric Tonnes,440.11,"1,220.08","1,930.21",Rs./Quintal
Maharashtra,Vegetables,Potato,20-11-2025,-,"3,041.20",Metric Tonnes,"1,152.98","1,582.74","2,006.69",Rs./Quintal
Maharashtra,Vegetables,Onion,21-11-2025,-,"16,427.90",Metric Tonnes,347.37,"1,128.14","1,950.10",Rs./Quintal
Maharashtra,Vegetables,Potato,21-11-2025,-,"2,484.40",Metric Tonnes,"1,068.72","1,555.53","2,038.75",Rs./Quintal
Maharashtra,Vegetables,Onion,22-11-2025,-,"16,020.80",Metric Tonnes,312.24,"1,044.58","1,842.55",Rs./Quintal
Maharashtra,Vegetables,Potato,22-11-2025,-,"1,144.10",Metric Tonnes,"1,202.85","1,467.87","1,754.69",Rs./Quintal
Maharashtra,Vegetables,Onion,23-11-2025,-,"7,775.90",Metric Tonnes,586.5,"1,255.17","1,955.89",Rs./Quintal
Maharashtra,Vegetables,Potato,23-11-2025,-,"1,609.70",Metric Tonnes,"1,130.33","1,547.16","1,948.53",Rs./Quintal
Maharashtra,Vegetables,Onion,24-11-2025,-,"24,451.60",Metric Tonnes,349.55,"1,062.72","1,804.56",Rs./Quintal
Maharashtra,Vegetables,Potato,24-11-2025,-,"2,902.70",Metric Tonnes,963.21,"1,466.52","1,985.36",Rs./Quintal
Maharashtra,Vegetables,Onion,25-11-2025,-,"18,931.10",Metric Tonnes,425.27,"1,119.53","1,890.61",Rs./Quintal
Maharashtra,Vegetables,Potato,25-11-2025,-,"2,887.10",Metric Tonnes,979.48,"1,459.89","1,951.40",Rs./Quintal
Maharashtra,Vegetables,Onion,26-11-2025,-,"17,418.30",Metric Tonnes,383.62,"1,086.44","1,883.04",Rs./Quintal
Maharashtra,Vegetables,Potato,26-11-2025,-,"3,263.80",Metric Tonnes,989.93,"1,456.39","1,902.81",Rs./Quintal
Maharashtra,Vegetables,Onion,27-11-2025,-,"21,601.90",Metric Tonnes,385.81,"1,084.67","1,850.88",Rs./Quintal
Maharashtra,Vegetables,Potato,27-11-2025,-,"3,090.00",Metric Tonnes,872.32,"1,415.73","1,937.72",Rs./Quintal
Maharashtra,Vegetables,Onion,28-11-2025,-,"15,788.70",Metric Tonnes,357.78,"1,058.34","1,961.75",Rs./Quintal
Maharashtra,Vegetables,Potato,28-11-2025,-,"2,753.90",Metric Tonnes,766.83,"1,338.16","1,918.04",Rs./Quintal
Maharashtra,Vegetables,Onion,29-11-2025,-,"14,962.20",Metric Tonnes,305.79,"1,007.77","1,894.02",Rs./Quintal
Maharashtra,Vegetables,Potato,29-11-2025,-,"1,263.60",Metric Tonnes,"1,138.94","1,429.70","1,698.23",Rs./Quintal
Maharashtra,Vegetables,Onion,30-11-2025,-,"6,763.80",Metric Tonnes,527.58,"1,177.58","1,867.31",Rs./Quintal
Maharashtra,Vegetables,Potato,30-11-2025,-,"1,702.50",Metric Tonnes,666.76,"1,309.34","1,969.70",Rs./Quintal
Maharashtra,Vegetables,Onion,01-12-2025,-,"19,717.70",Metric Tonnes,349.28,"1,140.74","1,999.07",Rs./Quintal
Maharashtra,Vegetables,Potato,01-12-2025,-,"3,643.30",Metric Tonnes,737.89,"1,313.68","1,874.93",Rs./Quintal
Maharashtra,Vegetables,Onion,02-12-2025,-,"11,900.88",Metric Tonnes,400.69,"1,109.01","2,067.12",Rs./Quintal
Maharashtra,Vegetables,Potato,02-12-2025,-,"3,002.90",Metric Tonnes,753.52,"1,287.35","1,805.92",Rs./Quintal
Maharashtra,Vegetables,Onion,03-12-2025,-,"19,281.00",Metric Tonnes,352.63,"1,151.70","1,990.79",Rs./Quintal
Maharashtra,Vegetables,Potato,03-12-2025,-,"2,825.10",Metric Tonnes,793,"1,327.14","1,839.17",Rs./Quintal
Maharashtra,Vegetables,Onion,04-12-2025,-,"21,486.00",Metric Tonnes,351.07,"1,148.95","1,948.39",Rs./Quintal
Maharashtra,Vegetables,Potato,04-12-2025,-,"2,618.10",Metric Tonnes,751.61,"1,305.68","1,819.67",Rs./Quintal
Maharashtra,Vegetables,Onion,05-12-2025,-,"18,332.70",Metric Tonnes,340.62,"1,261.73","2,304.82",Rs./Quintal
Maharashtra,Vegetables,Potato,05-12-2025,-,"2,417.30",Metric Tonnes,692.18,"1,225.59","1,756.04",Rs./Quintal
Maharashtra,Vegetables,Onion,06-12-2025,-,"11,402.30",Metric Tonnes,354.95,"1,122.64","1,928.58",Rs./Quintal
Maharashtra,Vegetables,Potato,06-12-2025,-,924,Metric Tonnes,"1,035.40","1,372.78","1,688.79",Rs./Quintal
Maharashtra,Vegetables,Onion,07-12-2025,-,"5,854.27",Metric Tonnes,360.35,"1,193.79","2,017.04",Rs./Quintal
Maharashtra,Vegetables,Potato,07-12-2025,-,"1,757.80",Metric Tonnes,759.55,"1,405.20","2,049.86",Rs./Quintal
Maharashtra,Vegetables,Onion,08-12-2025,-,"21,602.00",Metric Tonnes,407.81,"1,460.71","2,361.52",Rs./Quintal
Maharashtra,Vegetables,Potato,08-12-2025,-,"3,641.30",Metric Tonnes,849.74,"1,327.08","1,769.87",Rs./Quintal
Maharashtra,Vegetables,Onion,09-12-2025,-,"12,266.20",Metric Tonnes,457.82,"1,610.90","2,564.25",Rs./Quintal
Maharashtra,Vegetables,Potato,09-12-2025,-,"3,231.50",Metric Tonnes,849.86,"1,338.79","1,823.14",Rs./Quintal
Maharashtra,Vegetables,Onion,10-12-2025,-,"12,836.40",Metric Tonnes,525.13,"1,693.72","2,926.91",Rs./Quintal
Maharashtra,Vegetables,Potato,10-12-2025,-,"2,962.90",Metric Tonnes,803.11,"1,231.78","1,636.25",Rs./Quintal
Maharashtra,Vegetables,Onion,11-12-2025,-,"19,447.70",Metric Tonnes,475.44,"1,673.35","2,768.82",Rs./Quintal
Maharashtra,Vegetables,Potato,11-12-2025,-,"2,202.90",Metric Tonnes,820.86,"1,399.06","1,908.41",Rs./Quintal
Maharashtra,Vegetables,Onion,12-12-2025,-,"17,049.14",Metric Tonnes,487.53,"1,750.76","3,080.07",Rs./Quintal
Maharashtra,Vegetables,Potato,12-12-2025,-,"3,275.70",Metric Tonnes,719.57,"1,291.51","1,833.40",Rs./Quintal
Maharashtra,Vegetables,Onion,13-12-2025,-,"17,398.40",Metric Tonnes,469.55,"1,751.49","2,966.95",Rs./Quintal
Maharashtra,Vegetables,Potato,13-12-2025,-,"1,315.60",Metric Tonnes,960.44,"1,304.80","1,563.69",Rs./Quintal
Maharashtra,Vegetables,Onion,14-12-2025,-,"4,653.68",Metric Tonnes,976.45,"1,877.59","2,821.94",Rs./Quintal
Maharashtra,Vegetables,Potato,14-12-2025,-,"1,898.60",Metric Tonnes,676.18,"1,345.21","1,980.61",Rs./Quintal
Maharashtra,Vegetables,Onion,15-12-2025,-,"29,012.67",Metric Tonnes,497,"1,924.80","3,147.87",Rs./Quintal
Maharashtra,Vegetables,Potato,15-12-2025,-,"3,480.90",Metric Tonnes,734.6,"1,318.76","1,880.94",Rs./Quintal
Maharashtra,Vegetables,Onion,16-12-2025,-,"19,468.44",Metric Tonnes,560.16,"1,975.72","3,262.74",Rs./Quintal
Maharashtra,Vegetables,Potato,16-12-2025,-,"2,801.70",Metric Tonnes,700.73,"1,282.77","1,823.21",Rs./Quintal
Maharashtra,Vegetables,Onion,17-12-2025,-,"26,224.40",Metric Tonnes,552.44,"1,903.48","3,193.92",Rs./Quintal
Maharashtra,Vegetables,Potato,17-12-2025,-,"2,993.70",Metric Tonnes,714.16,"1,267.92","1,786.22",Rs./Quintal
Maharashtra,Vegetables,Onion,18-12-2025,-,"33,065.60",Metric Tonnes,492.34,"1,671.51","2,761.88",Rs./Quintal
Maharashtra,Vegetables,Potato,18-12-2025,-,"2,527.40",Metric Tonnes,672.6,"1,267.49","1,843.02",Rs./Quintal
Maharashtra,Vegetables,Onion,19-12-2025,-,"19,635.36",Metric Tonnes,532.01,"1,757.49","2,638.26",Rs./Quintal
Maharashtra,Vegetables,Potato,19-12-2025,-,"2,441.40",Metric Tonnes,692.54,"1,257.39","1,801.30",Rs./Quintal
Maharashtra,Vegetables,Onion,20-12-2025,-,"15,556.50",Metric Tonnes,349.38,"1,472.38","2,555.70",Rs./Quintal
Maharashtra,Vegetables,Potato,20-12-2025,-,950.4,Metric Tonnes,734.64,"1,131.90","1,403.71",Rs./Quintal
Maharashtra,Vegetables,Onion,21-12-2025,-,"7,582.30",Metric Tonnes,774.62,"1,461.25","2,161.93",Rs./Quintal
Maharashtra,Vegetables,Potato,21-12-2025,-,"1,488.60",Metric Tonnes,637.36,"1,258.67","1,860.88",Rs./Quintal
Maharashtra,Vegetables,Onion,22-12-2025,-,"30,338.60",Metric Tonnes,339.56,"1,324.80","2,298.38",Rs./Quintal
Maharashtra,Vegetables,Potato,22-12-2025,-,"3,138.40",Metric Tonnes,670.96,"1,142.42","1,608.10",Rs./Quintal
Maharashtra,Vegetables,Onion,23-12-2025,-,"21,913.97",Metric Tonnes,409.86,"1,432.90","2,412.92",Rs./Quintal
Maharashtra,Vegetables,Potato,23-12-2025,-,"2,645.50",Metric Tonnes,677.93,"1,184.46","1,698.75",Rs./Quintal
Maharashtra,Vegetables,Onion,24-12-2025,-,"21,590.23",Metric Tonnes,386.18,"1,390.47","2,380.50",Rs./Quintal
Maharashtra,Vegetables,Potato,24-12-2025,-,"2,685.60",Metric Tonnes,647.09,"1,187.77","1,736.29",Rs./Quintal
Maharashtra,Vegetables,Onion,25-12-2025,-,"21,433.60",Metric Tonnes,425.99,"1,346.27","2,290.45",Rs./Quintal
Maharashtra,Vegetables,Potato,25-12-2025,-,"2,528.40",Metric Tonnes,753.07,"1,221.51","1,691.66",Rs./Quintal
Maharashtra,Vegetables,Onion,26-12-2025,-,"34,659.96",Metric Tonnes,322.87,"1,485.45","2,526.77",Rs./Quintal
Maharashtra,Vegetables,Potato,26-12-2025,-,"2,062.00",Metric Tonnes,703.71,"1,060.93","1,433.31",Rs./Quintal
Maharashtra,Vegetables,Onion,27-12-2025,-,"15,093.70",Metric Tonnes,368.46,"1,485.98","2,461.56",Rs./Quintal
Maharashtra,Vegetables,Potato,27-12-2025,-,976.2,Metric Tonnes,744.88,"1,129.99","1,509.75",Rs./Quintal
Maharashtra,Vegetables,Onion,28-12-2025,-,"4,210.20",Metric Tonnes,"1,078.76","1,854.96","2,437.39",Rs./Quintal
Maharashtra,Vegetables,Potato,28-12-2025,-,480,Metric Tonnes,854.97,"1,184.97","1,595.26",Rs./Quintal
Maharashtra,Vegetables,Onion,29-12-2025,-,"29,074.30",Metric Tonnes,454.29,"1,659.87","2,543.47",Rs./Quintal
Maharashtra,Vegetables,Potato,29-12-2025,-,"3,132.10",Metric Tonnes,676.1,"1,086.31","1,471.72",Rs./Quintal
Maharashtra,Vegetables,Onion,30-12-2025,-,"30,888.79",Metric Tonnes,534.4,"1,575.77","2,424.76",Rs./Quintal
Maharashtra,Vegetables,Potato,30-12-2025,-,"2,776.40",Metric Tonnes,658.48,"1,062.44","1,443.73",Rs./Quintal
Maharashtra,Vegetables,Onion,31-12-2025,-,"29,077.80",Metric Tonnes,416.93,"1,563.69","2,381.12",Rs./Quintal
Maharashtra,Vegetables,Potato,31-12-2025,-,"3,009.70",Metric Tonnes,639.85,"1,004.93","1,358.62",Rs./Quintal
Maharashtra,Vegetables,Onion,01-01-2026,-,"31,567.10",Metric Tonnes,467.45,"1,519.15","2,266.65",Rs./Quintal
Maharashtra,Vegetables,Potato,01-01-2026,-,"2,559.20",Metric Tonnes,677.44,"1,027.16","1,341.84",Rs./Quintal
Maharashtra,Vegetables,Onion,02-01-2026,-,"28,294.78",Metric Tonnes,418.75,"1,461.11","2,348.40",Rs./Quintal
Maharashtra,Vegetables,Potato,02-01-2026,-,"2,635.30",Metric Tonnes,691.88,"1,069.85","1,460.96",Rs./Quintal
Maharashtra,Vegetables,Onion,03-01-2026,-,"25,301.20",Metric Tonnes,378.54,"1,384.81","2,236.90",Rs./Quintal
Maharashtra,Vegetables,Potato,03-01-2026,-,"1,195.80",Metric Tonnes,696.27,"1,086.55","1,374.91",Rs./Quintal
Maharashtra,Vegetables,Onion,04-01-2026,-,"12,150.25",Metric Tonnes,484.96,"1,440.53","2,094.50",Rs./Quintal
Maharashtra,Vegetables,Potato,04-01-2026,-,"1,319.60",Metric Tonnes,667.71,"1,103.33","1,538.58",Rs./Quintal
Maharashtra,Vegetables,Onion,05-01-2026,-,"43,443.90",Metric Tonnes,338.89,"1,239.89","2,040.45",Rs./Quintal
Maharashtra,Vegetables,Potato,05-01-2026,-,"3,369.60",Metric Tonnes,640.24,"1,018.71","1,352.49",Rs./Quintal
Maharashtra,Vegetables,Onion,06-01-2026,-,"27,100.01",Metric Tonnes,425.31,"1,311.52","2,074.73",Rs./Quintal
Maharashtra,Vegetables,Potato,06-01-2026,-,"3,104.10",Metric Tonnes,631.47,"1,011.12","1,384.17",Rs./Quintal
Maharashtra,Vegetables,Onion,07-01-2026,-,"35,182.80",Metric Tonnes,389.36,"1,330.57","2,004.80",Rs./Quintal
Maharashtra,Vegetables,Potato,07-01-2026,-,"3,085.00",Metric Tonnes,668.07,"1,030.55","1,381.98",Rs./Quintal
Maharashtra,Vegetables,Onion,08-01-2026,-,"28,331.20",Metric Tonnes,465.29,"1,294.80","1,979.82",Rs./Quintal
Maharashtra,Vegetables,Potato,08-01-2026,-,"2,884.40",Metric Tonnes,711.82,"1,012.68","1,310.49",Rs./Quintal
Maharashtra,Vegetables,Onion,09-01-2026,-,"28,779.09",Metric Tonnes,470.58,"1,310.71","1,990.36",Rs./Quintal
Maharashtra,Vegetables,Potato,09-01-2026,-,"3,367.30",Metric Tonnes,648.55,962.7,"1,274.26",Rs./Quintal
Maharashtra,Vegetables,Onion,10-01-2026,-,"22,079.70",Metric Tonnes,371.3,"1,219.67","2,015.28",Rs./Quintal
Maharashtra,Vegetables,Potato,10-01-2026,-,"1,128.50",Metric Tonnes,638.01,"1,048.65","1,353.80",Rs./Quintal
Maharashtra,Vegetables,Onion,11-01-2026,-,"12,575.20",Metric Tonnes,578.33,"1,439.95","1,960.50",Rs./Quintal
Maharashtra,Vegetables,Potato,11-01-2026,-,"1,277.30",Metric Tonnes,575.16,931.55,"1,293.89",Rs./Quintal
Maharashtra,Vegetables,Onion,12-01-2026,-,"28,761.10",Metric Tonnes,455.66,"1,289.13","1,780.92",Rs./Quintal
Maharashtra,Vegetables,Potato,12-01-2026,-,"2,971.70",Metric Tonnes,627.06,988.86,"1,321.12",Rs./Quintal
Maharashtra,Vegetables,Onion,13-01-2026,-,"26,829.92",Metric Tonnes,610.55,"1,383.89","1,843.54",Rs./Quintal
Maharashtra,Vegetables,Potato,13-01-2026,-,"2,636.60",Metric Tonnes,717.85,"1,057.92","1,372.09",Rs./Quintal
Maharashtra,Vegetables,Onion,14-01-2026,-,"14,549.40",Metric Tonnes,448.82,"1,306.85","1,866.18",Rs./Quintal
Maharashtra,Vegetables,Potato,14-01-2026,-,"2,942.90",Metric Tonnes,643.3,968.02,"1,265.31",Rs./Quintal
Maharashtra,Vegetables,Onion,15-01-2026,-,"2,721.10",Metric Tonnes,553.53,"1,349.52","1,971.02",Rs./Quintal
Maharashtra,Vegetables,Potato,15-01-2026,-,281,Metric Tonnes,918.6,"1,163.89","1,439.92",Rs./Quintal
Maharashtra,Vegetables,Onion,16-01-2026,-,"27,554.65",Metric Tonnes,424.83,"1,303.83","1,875.80",Rs./Quintal
Maharashtra,Vegetables,Potato,16-01-2026,-,"3,907.30",Metric Tonnes,638.31,952.81,"1,289.00",Rs./Quintal
Maharashtra,Vegetables,Onion,17-01-2026,-,"18,235.30",Metric Tonnes,385.67,"1,336.88","1,934.40",Rs./Quintal
Maharashtra,Vegetables,Potato,17-01-2026,-,988,Metric Tonnes,668.53,986.41,"1,380.50",Rs./Quintal
Maharashtra,Vegetables,Onion,18-01-2026,-,"8,401.87",Metric Tonnes,661.04,"1,430.13","2,016.59",Rs./Quintal
Maharashtra,Vegetables,Potato,18-01-2026,-,487.6,Metric Tonnes,804.01,"1,047.71","1,308.46",Rs./Quintal
Maharashtra,Vegetables,Onion,19-01-2026,-,"19,806.70",Metric Tonnes,476.81,"1,368.46","1,805.95",Rs./Quintal
Maharashtra,Vegetables,Potato,19-01-2026,-,"2,453.60",Metric Tonnes,539.36,860.28,"1,190.93",Rs./Quintal
Maharashtra,Vegetables,Onion,20-01-2026,-,"25,512.43",Metric Tonnes,474.05,"1,350.31","1,917.09",Rs./Quintal
Maharashtra,Vegetables,Potato,20-01-2026,-,"2,241.30",Metric Tonnes,564.23,886.1,"1,197.11",Rs./Quintal
Maharashtra,Vegetables,Onion,21-01-2026,-,"41,455.80",Metric Tonnes,418.89,"1,366.12","1,872.17",Rs./Quintal
Maharashtra,Vegetables,Potato,21-01-2026,-,"2,698.80",Metric Tonnes,593.09,900.21,"1,240.98",Rs./Quintal
Maharashtra,Vegetables,Onion,22-01-2026,-,"39,658.90",Metric Tonnes,466.13,"1,351.08","1,912.93",Rs./Quintal
Maharashtra,Vegetables,Potato,22-01-2026,-,"2,664.40",Metric Tonnes,564.37,903.42,"1,243.97",Rs./Quintal
Maharashtra,Vegetables,Onion,23-01-2026,-,"30,917.72",Metric Tonnes,525.36,"1,341.04","1,786.43",Rs./Quintal
Maharashtra,Vegetables,Potato,23-01-2026,-,"2,988.20",Metric Tonnes,564.43,899.7,"1,273.55",Rs./Quintal
Maharashtra,Vegetables,Onion,24-01-2026,-,"27,708.86",Metric Tonnes,347.98,"1,144.20","1,862.71",Rs./Quintal
Maharashtra,Vegetables,Potato,24-01-2026,-,"1,224.60",Metric Tonnes,614.43,933.47,"1,256.77",Rs./Quintal
Maharashtra,Vegetables,Onion,25-01-2026,-,"14,325.79",Metric Tonnes,381.81,"1,295.38","1,865.87",Rs./Quintal
Maharashtra,Vegetables,Potato,25-01-2026,-,"1,006.30",Metric Tonnes,707.61,"1,011.86","1,311.38",Rs./Quintal
Maharashtra,Vegetables,Onion,26-01-2026,-,"10,190.00",Metric Tonnes,273.03,983.95,"1,623.45",Rs./Quintal
Maharashtra,Vegetables,Potato,26-01-2026,-,121.4,Metric Tonnes,771.94,"1,034.88","1,280.84",Rs./Quintal
Maharashtra,Vegetables,Onion,27-01-2026,-,"36,102.00",Metric Tonnes,457.77,"1,180.38","1,739.72",Rs./Quintal
Maharashtra,Vegetables,Potato,27-01-2026,-,"2,323.60",Metric Tonnes,638.55,940.84,"1,270.47",Rs./Quintal
Maharashtra,Vegetables,Onion,28-01-2026,-,"39,496.83",Metric Tonnes,381.02,"1,156.80","1,692.82",Rs./Quintal
Maharashtra,Vegetables,Potato,28-01-2026,-,"2,485.20",Metric Tonnes,660.41,983.63,"1,310.18",Rs./Quintal
Maharashtra,Vegetables,Onion,29-01-2026,-,"24,252.80",Metric Tonnes,336.09,"1,075.39","1,682.22",Rs./Quintal
Maharashtra,Vegetables,Potato,29-01-2026,-,"1,653.10",Metric Tonnes,622.4,970,"1,247.37",Rs./Quintal
Maharashtra,Vegetables,Onion,30-01-2026,-,"41,297.49",Metric Tonnes,362.21,"1,049.95","1,555.86",Rs./Quintal
Maharashtra,Vegetables,Potato,30-01-2026,-,"3,089.40",Metric Tonnes,580.97,917.62,"1,274.84",Rs./Quintal
Maharashtra,Vegetables,Onion,31-01-2026,-,"32,732.43",Metric Tonnes,279.79,927.49,"1,535.70",Rs./Quintal
Maharashtra,Vegetables,Potato,31-01-2026,-,970.9,Metric Tonnes,579.27,974.13,"1,298.91",Rs./Quintal
Maharashtra,Vegetables,Onion,01-02-2026,-,"8,784.32",Metric Tonnes,658.15,"1,131.06","1,574.65",Rs./Quintal
Maharashtra,Vegetables,Potato,01-02-2026,-,"1,234.70",Metric Tonnes,537.57,948.65,"1,340.43",Rs./Quintal
Maharashtra,Vegetables,Onion,02-02-2026,-,"37,340.60",Metric Tonnes,341.41,988.07,"1,497.18",Rs./Quintal
Maharashtra,Vegetables,Potato,02-02-2026,-,"3,162.70",Metric Tonnes,532.24,913.33,"1,265.97",Rs./Quintal
Maharashtra,Vegetables,Onion,03-02-2026,-,"30,680.55",Metric Tonnes,381.7,"1,008.00","1,486.66",Rs./Quintal
Maharashtra,Vegetables,Potato,03-02-2026,-,"2,418.60",Metric Tonnes,587.15,927.45,"1,240.50",Rs./Quintal
Maharashtra,Vegetables,Onion,04-02-2026,-,"35,754.60",Metric Tonnes,360.32,"1,029.61","1,479.62",Rs./Quintal
Maharashtra,Vegetables,Potato,04-02-2026,-,"2,696.90",Metric Tonnes,623.6,945.52,"1,261.33",Rs./Quintal
Maharashtra,Vegetables,Onion,05-02-2026,-,"34,608.10",Metric Tonnes,422,"1,026.92","1,490.18",Rs./Quintal
Maharashtra,Vegetables,Potato,05-02-2026,-,"2,807.30",Metric Tonnes,609.01,905.92,"1,203.06",Rs./Quintal
Maharashtra,Vegetables,Onion,06-02-2026,-,"38,309.54",Metric Tonnes,407.02,"1,024.19","1,527.14",Rs./Quintal
Maharashtra,Vegetables,Potato,06-02-2026,-,"2,392.40",Metric Tonnes,545.71,905.75,"1,269.54",Rs./Quintal
Maharashtra,Vegetables,Onion,07-02-2026,-,"12,499.60",Metric Tonnes,432.46,"1,084.77","1,381.25",Rs./Quintal
Maharashtra,Vegetables,Potato,07-02-2026,-,941.8,Metric Tonnes,761.27,"1,012.36","1,308.89",Rs./Quintal
Maharashtra,Vegetables,Onion,08-02-2026,-,"4,915.04",Metric Tonnes,707.87,"1,179.03","1,592.91",Rs./Quintal
Maharashtra,Vegetables,Potato,08-02-2026,-,"1,277.00",Metric Tonnes,777.13,"1,038.21","1,268.39",Rs./Quintal
Maharashtra,Vegetables,Onion,09-02-2026,-,"42,737.40",Metric Tonnes,345.24,"1,096.00","1,618.61",Rs./Quintal
Maharashtra,Vegetables,Potato,09-02-2026,-,"2,915.50",Metric Tonnes,621.94,921.28,"1,222.56",Rs./Quintal
Maharashtra,Vegetables,Onion,10-02-2026,-,"32,153.02",Metric Tonnes,392.81,"1,098.63","1,538.99",Rs./Quintal
Maharashtra,Vegetables,Potato,10-02-2026,-,"2,500.80",Metric Tonnes,702.78,969.74,"1,236.04",Rs./Quintal
Maharashtra,Vegetables,Onion,11-02-2026,-,"34,971.80",Metric Tonnes,362.11,"1,085.05","1,562.69",Rs./Quintal
Maharashtra,Vegetables,Potato,11-02-2026,-,"2,918.30",Metric Tonnes,720.76,"1,016.22","1,286.65",Rs./Quintal
Maharashtra,Vegetables,Onion,12-02-2026,-,"36,099.60",Metric Tonnes,360.92,"1,038.22","1,542.25",Rs./Quintal
Maharashtra,Vegetables,Potato,12-02-2026,-,"2,955.30",Metric Tonnes,704.3,987.63,"1,267.21",Rs./Quintal
Maharashtra,Vegetables,Onion,13-02-2026,-,"36,567.90",Metric Tonnes,349.39,"1,032.89","1,525.26",Rs./Quintal
Maharashtra,Vegetables,Potato,13-02-2026,-,"3,126.90",Metric Tonnes,606.96,885.47,"1,190.38",Rs./Quintal
Maharashtra,Vegetables,Onion,14-02-2026,-,"29,722.20",Metric Tonnes,311.74,941.34,"1,534.04",Rs./Quintal
Maharashtra,Vegetables,Potato,14-02-2026,-,974.4,Metric Tonnes,707.02,987.61,"1,321.31",Rs./Quintal
Maharashtra,Vegetables,Onion,15-02-2026,-,"9,791.69",Metric Tonnes,614.16,"1,177.22","1,579.74",Rs./Quintal
Maharashtra,Vegetables,Potato,15-02-2026,-,"1,208.90",Metric Tonnes,698.96,998.94,"1,284.60",Rs./Quintal
Maharashtra,Vegetables,Onion,16-02-2026,-,"41,090.77",Metric Tonnes,339.41,938.28,"1,445.09",Rs./Quintal
Maharashtra,Vegetables,Potato,16-02-2026,-,"3,134.70",Metric Tonnes,680.57,973.07,"1,257.65",Rs./Quintal
Maharashtra,Vegetables,Onion,17-02-2026,-,"31,626.87",Metric Tonnes,408.97,"1,030.59","1,478.35",Rs./Quintal
Maharashtra,Vegetables,Potato,17-02-2026,-,"2,405.90",Metric Tonnes,708.55,975.03,"1,256.13",Rs./Quintal
Maharashtra,Vegetables,Onion,18-02-2026,-,"31,474.30",Metric Tonnes,363.73,"1,009.88","1,515.06",Rs./Quintal
Maharashtra,Vegetables,Potato,18-02-2026,-,"2,735.70",Metric Tonnes,662.66,938.28,"1,235.15",Rs./Quintal
Maharashtra,Vegetables,Onion,19-02-2026,-,"17,761.10",Metric Tonnes,457.04,951.38,"1,403.48",Rs./Quintal
Maharashtra,Vegetables,Potato,19-02-2026,-,"1,019.60",Metric Tonnes,714.89,"1,040.53","1,371.68",Rs./Quintal
Maharashtra,Vegetables,Onion,20-02-2026,-,"40,179.99",Metric Tonnes,344.87,986.05,"1,472.08",Rs./Quintal
Maharashtra,Vegetables,Potato,20-02-2026,-,"3,235.60",Metric Tonnes,656.71,956.59,"1,287.15",Rs./Quintal
Maharashtra,Vegetables,Onion,21-02-2026,-,"31,399.81",Metric Tonnes,360.91,969.54,"1,473.66",Rs./Quintal
Maharashtra,Vegetables,Potato,21-02-2026,-,"1,407.50",Metric Tonnes,770.38,979.36,"1,192.84",Rs./Quintal
Maharashtra,Vegetables,Onion,22-02-2026,-,"10,334.20",Metric Tonnes,535.18,"1,032.46","1,455.19",Rs./Quintal
Maharashtra,Vegetables,Potato,22-02-2026,-,"1,167.20",Metric Tonnes,727.03,"1,017.51","1,310.25",Rs./Quintal
Maharashtra,Vegetables,Onion,23-02-2026,-,"39,853.60",Metric Tonnes,316.69,957.34,"1,387.88",Rs./Quintal
Maharashtra,Vegetables,Potato,23-02-2026,-,"2,791.00",Metric Tonnes,654.11,924.55,"1,204.28",Rs./Quintal
Maharashtra,Vegetables,Onion,24-02-2026,-,"37,891.11",Metric Tonnes,377.22,940.01,"1,383.96",Rs./Quintal
Maharashtra,Vegetables,Potato,24-02-2026,-,"3,274.00",Metric Tonnes,632.26,930.57,"1,201.11",Rs./Quintal
Maharashtra,Vegetables,Onion,25-02-2026,-,"35,381.84",Metric Tonnes,295.18,885.46,"1,342.39",Rs./Quintal
Maharashtra,Vegetables,Potato,25-02-2026,-,"2,466.60",Metric Tonnes,629.31,901.86,"1,160.35",Rs./Quintal
Maharashtra,Vegetables,Onion,26-02-2026,-,"40,129.30",Metric Tonnes,318.42,863.79,"1,273.01",Rs./Quintal
Maharashtra,Vegetables,Potato,26-02-2026,-,"3,376.70",Metric Tonnes,607.43,909.39,"1,169.56",Rs./Quintal
Maharashtra,Vegetables,Onion,27-02-2026,-,"33,346.89",Metric Tonnes,277.79,832.37,"1,420.24",Rs./Quintal
Maharashtra,Vegetables,Potato,27-02-2026,-,"2,694.60",Metric Tonnes,632.1,908.71,"1,227.28",Rs./Quintal
Maharashtra,Vegetables,Onion,28-02-2026,-,"23,995.79",Metric Tonnes,243.4,771.27,"1,282.54",Rs./Quintal
Maharashtra,Vegetables,Potato,28-02-2026,-,"1,561.00",Metric Tonnes,634.14,927.4,"1,205.13",Rs./Quintal
Maharashtra,Vegetables,Onion,01-03-2026,-,"8,830.70",Metric Tonnes,441.43,862.25,"1,234.09",Rs./Quintal
Maharashtra,Vegetables,Potato,01-03-2026,-,"1,548.50",Metric Tonnes,615.92,957.12,"1,306.70",Rs./Quintal
Maharashtra,Vegetables,Onion,02-03-2026,-,"17,923.89",Metric Tonnes,260.73,764.05,"1,308.99",Rs./Quintal
Maharashtra,Vegetables,Potato,02-03-2026,-,"1,656.00",Metric Tonnes,563.14,874.29,"1,214.68",Rs./Quintal
Maharashtra,Vegetables,Onion,03-03-2026,-,"3,214.70",Metric Tonnes,483.53,912.27,"1,290.57",Rs./Quintal
Maharashtra,Vegetables,Potato,03-03-2026,-,264.4,Metric Tonnes,693.55,908.74,"1,304.18",Rs./Quintal
Maharashtra,Vegetables,Onion,04-03-2026,-,"23,361.92",Metric Tonnes,272.25,788.94,"1,311.11",Rs./Quintal
Maharashtra,Vegetables,Potato,04-03-2026,-,"2,267.10",Metric Tonnes,678.62,991.2,"1,273.39",Rs./Quintal
Maharashtra,Vegetables,Onion,05-03-2026,-,"30,932.70",Metric Tonnes,323.89,833.88,"1,279.69",Rs./Quintal
Maharashtra,Vegetables,Potato,05-03-2026,-,"1,815.50",Metric Tonnes,671,992.54,"1,265.73",Rs./Quintal
Maharashtra,Vegetables,Onion,06-03-2026,-,"27,933.29",Metric Tonnes,303.04,841.55,"1,351.00",Rs./Quintal
Maharashtra,Vegetables,Potato,06-03-2026,-,"1,725.60",Metric Tonnes,694.37,"1,058.48","1,388.22",Rs./Quintal
Maharashtra,Vegetables,Onion,07-03-2026,-,"18,096.97",Metric Tonnes,301.06,846,"1,401.68",Rs./Quintal
Maharashtra,Vegetables,Potato,07-03-2026,-,"1,044.30",Metric Tonnes,692.84,"1,004.03","1,358.58",Rs./Quintal
Maharashtra,Vegetables,Onion,08-03-2026,-,"8,119.12",Metric Tonnes,480.64,983.22,"1,352.32",Rs./Quintal
Maharashtra,Vegetables,Potato,08-03-2026,-,"1,602.00",Metric Tonnes,639.99,"1,018.71","1,404.78",Rs./Quintal
Maharashtra,Vegetables,Onion,09-03-2026,-,"32,586.00",Metric Tonnes,333.68,871.15,"1,327.22",Rs./Quintal
Maharashtra,Vegetables,Potato,09-03-2026,-,"3,786.60",Metric Tonnes,762.64,"1,072.60","1,356.50",Rs./Quintal
Maharashtra,Vegetables,Onion,10-03-2026,-,"30,089.42",Metric Tonnes,342.69,875.12,"1,340.91",Rs./Quintal
Maharashtra,Vegetables,Potato,10-03-2026,-,"4,048.00",Metric Tonnes,709.97,990.01,"1,575.02",Rs./Quintal
Maharashtra,Vegetables,Onion,11-03-2026,-,"32,135.10",Metric Tonnes,306.49,868.6,"1,337.23",Rs./Quintal
Maharashtra,Vegetables,Potato,11-03-2026,-,"4,158.70",Metric Tonnes,689.78,976.87,"3,388.05",Rs./Quintal
Maharashtra,Vegetables,Onion,12-03-2026,-,"31,689.60",Metric Tonnes,304.07,866.48,"1,333.94",Rs./Quintal
Maharashtra,Vegetables,Potato,12-03-2026,-,"2,312.40",Metric Tonnes,645.22,953.84,"1,227.75",Rs./Quintal
Maharashtra,Vegetables,Onion,13-03-2026,-,"25,268.62",Metric Tonnes,304.93,854.71,"1,352.85",Rs./Quintal
Maharashtra,Vegetables,Potato,13-03-2026,-,"2,250.00",Metric Tonnes,614.61,956.4,"1,329.36",Rs./Quintal
Maharashtra,Vegetables,Onion,14-03-2026,-,"25,696.14",Metric Tonnes,242.45,772.7,"1,413.60",Rs./Quintal
Maharashtra,Vegetables,Potato,14-03-2026,-,"1,612.00",Metric Tonnes,598.95,919.1,"1,189.84",Rs./Quintal
Maharashtra,Vegetables,Onion,15-03-2026,-,"8,819.01",Metric Tonnes,491.74,982.95,"1,393.16",Rs./Quintal
Maharashtra,Vegetables,Potato,15-03-2026,-,"1,727.20",Metric Tonnes,575.47,974.75,"1,369.03",Rs./Quintal
Maharashtra,Vegetables,Onion,16-03-2026,-,"36,289.98",Metric Tonnes,283.99,797.45,"1,269.68",Rs./Quintal
Maharashtra,Vegetables,Potato,16-03-2026,-,"2,710.30",Metric Tonnes,605.45,951.78,"1,286.61",Rs./Quintal
Maharashtra,Vegetables,Onion,17-03-2026,-,"29,548.36",Metric Tonnes,334.09,827.35,"1,260.37",Rs./Quintal
Maharashtra,Vegetables,Potato,17-03-2026,-,"2,460.70",Metric Tonnes,591.18,931.87,"1,249.64",Rs./Quintal
Maharashtra,Vegetables,Onion,18-03-2026,-,"25,126.50",Metric Tonnes,336.63,848.58,"1,278.19",Rs./Quintal
Maharashtra,Vegetables,Potato,18-03-2026,-,"3,589.00",Metric Tonnes,614.33,946.16,"1,228.87",Rs./Quintal
Maharashtra,Vegetables,Onion,19-03-2026,-,"12,505.00",Metric Tonnes,325.14,839.24,"1,248.39",Rs./Quintal
Maharashtra,Vegetables,Potato,19-03-2026,-,"1,129.10",Metric Tonnes,593.14,969.97,"1,343.73",Rs./Quintal
Maharashtra,Vegetables,Onion,20-03-2026,-,"22,274.29",Metric Tonnes,377,843.49,"1,245.29",Rs./Quintal
Maharashtra,Vegetables,Potato,20-03-2026,-,"3,545.60",Metric Tonnes,598.06,948.65,"1,316.81",Rs./Quintal
Maharashtra,Vegetables,Onion,21-03-2026,-,"2,275.51",Metric Tonnes,353.18,920.14,"1,234.95",Rs./Quintal
Maharashtra,Vegetables,Potato,21-03-2026,-,42.2,Metric Tonnes,905.92,"1,117.06","1,398.82",Rs./Quintal
Maharashtra,Vegetables,Onion,22-03-2026,-,"5,746.71",Metric Tonnes,402.29,905.7,"1,287.27",Rs./Quintal
Maharashtra,Vegetables,Potato,22-03-2026,-,"1,730.90",Metric Tonnes,533.57,869.9,"1,157.05",Rs./Quintal
Maharashtra,Vegetables,Onion,23-03-2026,-,"38,757.63",Metric Tonnes,318.85,850.82,"1,242.30",Rs./Quintal
Maharashtra,Vegetables,Potato,23-03-2026,-,"2,226.90",Metric Tonnes,660.08,940.62,"1,237.31",Rs./Quintal
Maharashtra,Vegetables,Onion,24-03-2026,-,"36,854.08",Metric Tonnes,357.92,895.51,"1,255.26",Rs./Quintal
Maharashtra,Vegetables,Potato,24-03-2026,-,"3,668.10",Metric Tonnes,625.76,953.5,"1,928.19",Rs./Quintal
Maharashtra,Vegetables,Onion,25-03-2026,-,"27,346.52",Metric Tonnes,343.54,914.18,"1,263.64",Rs./Quintal
Maharashtra,Vegetables,Potato,25-03-2026,-,"3,310.80",Metric Tonnes,577.99,911.42,"1,197.40",Rs./Quintal
Maharashtra,Vegetables,Onion,26-03-2026,-,"8,253.30",Metric Tonnes,482.87,878.6,"1,275.84",Rs./Quintal
Maharashtra,Vegetables,Potato,26-03-2026,-,"2,295.30",Metric Tonnes,642.34,983.42,"1,354.70",Rs./Quintal
Maharashtra,Vegetables,Onion,27-03-2026,-,"22,242.07",Metric Tonnes,308.25,876.85,"1,272.83",Rs./Quintal
Maharashtra,Vegetables,Potato,27-03-2026,-,"3,741.00",Metric Tonnes,590.63,937.11,"1,278.77",Rs./Quintal
Maharashtra,Vegetables,Onion,28-03-2026,-,"15,835.60",Metric Tonnes,328.96,856.22,"1,279.19",Rs./Quintal
Maharashtra,Vegetables,Potato,28-03-2026,-,"2,783.80",Metric Tonnes,649.49,922.81,"1,160.64",Rs./Quintal
Maharashtra,Vegetables,Onion,29-03-2026,-,"5,591.64",Metric Tonnes,354.47,857.23,"1,245.02",Rs./Quintal
Maharashtra,Vegetables,Potato,29-03-2026,-,"1,784.50",Metric Tonnes,561.49,936.55,"1,251.16",Rs./Quintal
Maharashtra,Vegetables,Onion,30-03-2026,-,"15,123.00",Metric Tonnes,295.19,795.46,"1,284.46",Rs./Quintal
Maharashtra,Vegetables,Potato,30-03-2026,-,"3,150.80",Metric Tonnes,582.36,901.59,"1,214.70",Rs./Quintal
Maharashtra,Vegetables,Onion,31-03-2026,-,"7,347.30",Metric Tonnes,233.62,752.22,"1,338.46",Rs./Quintal
Maharashtra,Vegetables,Potato,31-03-2026,-,"1,577.80",Metric Tonnes,625.02,923.19,"1,245.19",Rs./Quintal
West Bengal,Vegetables,Onion,01-04-2024,-,637.45,Metric Tonnes,"1,616.51","1,693.15","1,762.41",Rs./Quintal
West Bengal,Vegetables,Potato,01-04-2024,-,"1,455.30",Metric Tonnes,"1,401.47","1,429.18","1,444.04",Rs./Quintal
West Bengal,Vegetables,Onion,02-04-2024,-,376.55,Metric Tonnes,"1,750.09","1,856.15","1,950.56",Rs./Quintal
West Bengal,Vegetables,Potato,02-04-2024,-,818.4,Metric Tonnes,"1,381.88","1,411.39","1,441.69",Rs./Quintal
West Bengal,Vegetables,Onion,03-04-2024,-,703.05,Metric Tonnes,"1,698.09","1,789.23","1,878.27",Rs./Quintal
West Bengal,Vegetables,Potato,03-04-2024,-,"1,538.60",Metric Tonnes,"1,390.53","1,423.19","1,453.62",Rs./Quintal
West Bengal,Vegetables,Onion,04-04-2024,-,770.2,Metric Tonnes,"1,631.29","1,719.01","1,807.93",Rs./Quintal
West Bengal,Vegetables,Potato,04-04-2024,-,"1,504.10",Metric Tonnes,"1,411.44","1,441.26","1,471.83",Rs./Quintal
West Bengal,Vegetables,Onion,05-04-2024,-,560.57,Metric Tonnes,"1,730.96","1,818.78","1,923.83",Rs./Quintal
West Bengal,Vegetables,Potato,05-04-2024,-,"1,279.50",Metric Tonnes,"1,430.42","1,461.16","1,491.35",Rs./Quintal
West Bengal,Vegetables,Onion,06-04-2024,-,616.5,Metric Tonnes,"1,747.91","1,846.25","1,937.14",Rs./Quintal
West Bengal,Vegetables,Potato,06-04-2024,-,"1,351.30",Metric Tonnes,"1,440.00","1,469.10","1,499.15",Rs./Quintal
West Bengal,Vegetables,Onion,07-04-2024,-,344.45,Metric Tonnes,"1,735.36","1,849.25","1,961.43",Rs./Quintal
West Bengal,Vegetables,Potato,07-04-2024,-,847.6,Metric Tonnes,"1,431.63","1,463.63","1,491.76",Rs./Quintal
West Bengal,Vegetables,Onion,08-04-2024,-,634.37,Metric Tonnes,"1,823.38","1,916.46","2,003.32",Rs./Quintal
West Bengal,Vegetables,Potato,08-04-2024,-,"1,203.30",Metric Tonnes,"1,449.89","1,479.97","1,510.13",Rs./Quintal
West Bengal,Vegetables,Onion,09-04-2024,-,585.9,Metric Tonnes,"1,804.90","1,895.40","1,978.26",Rs./Quintal
West Bengal,Vegetables,Potato,09-04-2024,-,"1,287.70",Metric Tonnes,"1,457.12","1,495.66","1,532.66",Rs./Quintal
West Bengal,Vegetables,Onion,10-04-2024,-,568.72,Metric Tonnes,"1,712.30","1,787.49","1,872.33",Rs./Quintal
West Bengal,Vegetables,Potato,10-04-2024,-,"1,273.00",Metric Tonnes,"1,450.62","1,488.19","1,520.02",Rs./Quintal
West Bengal,Vegetables,Onion,11-04-2024,-,504.85,Metric Tonnes,"1,753.45","1,842.19","1,930.21",Rs./Quintal
West Bengal,Vegetables,Potato,11-04-2024,-,"1,238.90",Metric Tonnes,"1,486.06","1,519.74","1,552.21",Rs./Quintal
West Bengal,Vegetables,Onion,12-04-2024,-,740.95,Metric Tonnes,"1,814.95","1,909.34","1,989.39",Rs./Quintal
West Bengal,Vegetables,Potato,12-04-2024,-,"1,363.40",Metric Tonnes,"1,523.11","1,558.12","1,594.51",Rs./Quintal
West Bengal,Vegetables,Onion,13-04-2024,-,669.85,Metric Tonnes,"1,778.12","1,870.33","1,943.28",Rs./Quintal
West Bengal,Vegetables,Potato,13-04-2024,-,"1,321.70",Metric Tonnes,"1,622.55","1,662.89","1,699.07",Rs./Quintal
West Bengal,Vegetables,Onion,14-04-2024,-,487.25,Metric Tonnes,"1,776.47","1,870.54","1,954.13",Rs./Quintal
West Bengal,Vegetables,Potato,14-04-2024,-,"1,152.40",Metric Tonnes,"1,744.87","1,783.27","1,815.73",Rs./Quintal
West Bengal,Vegetables,Onion,15-04-2024,-,698.8,Metric Tonnes,"1,817.45","1,909.98","1,984.16",Rs./Quintal
West Bengal,Vegetables,Potato,15-04-2024,-,"1,273.50",Metric Tonnes,"1,843.14","1,880.69","1,918.02",Rs./Quintal
West Bengal,Vegetables,Onion,16-04-2024,-,626.55,Metric Tonnes,"1,741.48","1,832.78","1,912.60",Rs./Quintal
West Bengal,Vegetables,Potato,16-04-2024,-,"1,125.30",Metric Tonnes,"1,837.03","1,872.62","1,907.62",Rs./Quintal
West Bengal,Vegetables,Onion,17-04-2024,-,679.68,Metric Tonnes,"1,689.24","1,776.27","1,855.01",Rs./Quintal
West Bengal,Vegetables,Potato,17-04-2024,-,"1,297.90",Metric Tonnes,"1,871.47","1,910.37","1,945.86",Rs./Quintal
West Bengal,Vegetables,Onion,18-04-2024,-,577.05,Metric Tonnes,"1,570.80","1,661.43","1,733.65",Rs./Quintal
West Bengal,Vegetables,Potato,18-04-2024,-,"1,057.50",Metric Tonnes,"1,986.89","2,022.36","2,059.43",Rs./Quintal
West Bengal,Vegetables,Onion,19-04-2024,-,585.7,Metric Tonnes,"1,706.07","1,791.60","1,871.85",Rs./Quintal
West Bengal,Vegetables,Potato,19-04-2024,-,"1,072.90",Metric Tonnes,"1,998.06","2,036.08","2,073.65",Rs./Quintal
West Bengal,Vegetables,Onion,20-04-2024,-,632.25,Metric Tonnes,"1,659.38","1,740.42","1,823.24",Rs./Quintal
West Bengal,Vegetables,Potato,20-04-2024,-,"1,431.50",Metric Tonnes,"1,964.43","1,999.37","2,034.13",Rs./Quintal
West Bengal,Vegetables,Onion,21-04-2024,-,391.4,Metric Tonnes,"1,821.36","1,905.71","1,980.24",Rs./Quintal
West Bengal,Vegetables,Potato,21-04-2024,-,"1,123.40",Metric Tonnes,"1,979.95","2,010.67","2,043.58",Rs./Quintal
West Bengal,Vegetables,Onion,22-04-2024,-,598.1,Metric Tonnes,"1,875.24","1,963.84","2,053.08",Rs./Quintal
West Bengal,Vegetables,Potato,22-04-2024,-,"1,270.60",Metric Tonnes,"2,004.58","2,038.21","2,068.79",Rs./Quintal
West Bengal,Vegetables,Onion,23-04-2024,-,675.2,Metric Tonnes,"1,880.99","1,973.98","2,046.95",Rs./Quintal
West Bengal,Vegetables,Potato,23-04-2024,-,"1,418.60",Metric Tonnes,"2,036.96","2,072.25","2,105.36",Rs./Quintal
West Bengal,Vegetables,Onion,24-04-2024,-,644.25,Metric Tonnes,"1,862.54","1,942.33","2,022.07",Rs./Quintal
West Bengal,Vegetables,Potato,24-04-2024,-,"1,327.90",Metric Tonnes,"2,061.55","2,095.45","2,124.32",Rs./Quintal
West Bengal,Vegetables,Onion,25-04-2024,-,625.6,Metric Tonnes,"1,910.24","2,003.20","2,086.36",Rs./Quintal
West Bengal,Vegetables,Potato,25-04-2024,-,"1,247.70",Metric Tonnes,"2,031.56","2,068.75","2,103.18",Rs./Quintal
West Bengal,Vegetables,Onion,26-04-2024,-,674.9,Metric Tonnes,"1,936.84","2,032.95","2,117.59",Rs./Quintal
West Bengal,Vegetables,Potato,26-04-2024,-,"1,494.60",Metric Tonnes,"2,046.21","2,075.49","2,106.50",Rs./Quintal
West Bengal,Vegetables,Onion,27-04-2024,-,589.25,Metric Tonnes,"1,943.11","2,050.58","2,143.79",Rs./Quintal
West Bengal,Vegetables,Potato,27-04-2024,-,"1,166.60",Metric Tonnes,"2,032.10","2,068.59","2,102.00",Rs./Quintal
West Bengal,Vegetables,Onion,28-04-2024,-,533.75,Metric Tonnes,"1,921.61","2,010.53","2,115.00",Rs./Quintal
West Bengal,Vegetables,Potato,28-04-2024,-,"1,032.20",Metric Tonnes,"2,081.10","2,116.69","2,149.85",Rs./Quintal
West Bengal,Vegetables,Onion,29-04-2024,-,795.95,Metric Tonnes,"1,837.77","1,937.86","2,021.82",Rs./Quintal
West Bengal,Vegetables,Potato,29-04-2024,-,"1,390.70",Metric Tonnes,"2,035.69","2,072.04","2,103.98",Rs./Quintal
West Bengal,Vegetables,Onion,30-04-2024,-,515.95,Metric Tonnes,"1,872.05","1,986.28","2,099.00",Rs./Quintal
West Bengal,Vegetables,Potato,30-04-2024,-,"1,239.60",Metric Tonnes,"2,043.49","2,077.50","2,111.93",Rs./Quintal
West Bengal,Vegetables,Onion,01-05-2024,-,703.65,Metric Tonnes,"1,951.40","2,053.79","2,162.91",Rs./Quintal
West Bengal,Vegetables,Potato,01-05-2024,-,"1,381.50",Metric Tonnes,"2,052.40","2,085.77","2,119.88",Rs./Quintal
West Bengal,Vegetables,Onion,02-05-2024,-,809.65,Metric Tonnes,"1,849.37","1,939.30","2,022.59",Rs./Quintal
West Bengal,Vegetables,Potato,02-05-2024,-,"1,384.00",Metric Tonnes,"2,038.28","2,066.84","2,097.64",Rs./Quintal
West Bengal,Vegetables,Onion,03-05-2024,-,768.25,Metric Tonnes,"1,900.11","1,991.86","2,083.64",Rs./Quintal
West Bengal,Vegetables,Potato,03-05-2024,-,"1,399.50",Metric Tonnes,"2,056.19","2,084.24","2,116.47",Rs./Quintal
West Bengal,Vegetables,Onion,04-05-2024,-,646.45,Metric Tonnes,"1,897.87","1,981.98","2,068.60",Rs./Quintal
West Bengal,Vegetables,Potato,04-05-2024,-,"1,397.20",Metric Tonnes,"2,071.55","2,103.14","2,134.73",Rs./Quintal
West Bengal,Vegetables,Onion,05-05-2024,-,637.36,Metric Tonnes,"1,903.81","1,986.76","2,093.17",Rs./Quintal
West Bengal,Vegetables,Potato,05-05-2024,-,"1,409.50",Metric Tonnes,"2,057.37","2,089.54","2,122.23",Rs./Quintal
West Bengal,Vegetables,Onion,06-05-2024,-,793.85,Metric Tonnes,"2,016.41","2,113.22","2,202.60",Rs./Quintal
West Bengal,Vegetables,Potato,06-05-2024,-,"1,370.75",Metric Tonnes,"2,066.97","2,099.03","2,130.99",Rs./Quintal
West Bengal,Vegetables,Onion,07-05-2024,-,544.69,Metric Tonnes,"2,076.33","2,172.09","2,261.41",Rs./Quintal
West Bengal,Vegetables,Potato,07-05-2024,-,"1,404.61",Metric Tonnes,"2,014.69","2,043.00","2,073.16",Rs./Quintal
West Bengal,Vegetables,Onion,08-05-2024,-,678.2,Metric Tonnes,"2,016.14","2,100.86","2,186.22",Rs./Quintal
West Bengal,Vegetables,Potato,08-05-2024,-,"1,331.70",Metric Tonnes,"2,052.57","2,081.81","2,113.90",Rs./Quintal
West Bengal,Vegetables,Onion,09-05-2024,-,770.9,Metric Tonnes,"2,089.41","2,176.66","2,265.57",Rs./Quintal
West Bengal,Vegetables,Potato,09-05-2024,-,"1,381.70",Metric Tonnes,"2,087.90","2,119.08","2,152.04",Rs./Quintal
West Bengal,Vegetables,Onion,10-05-2024,-,633.45,Metric Tonnes,"2,094.92","2,177.89","2,253.30",Rs./Quintal
West Bengal,Vegetables,Potato,10-05-2024,-,"1,278.80",Metric Tonnes,"2,130.35","2,163.27","2,195.54",Rs./Quintal
West Bengal,Vegetables,Onion,11-05-2024,-,624.98,Metric Tonnes,"2,031.06","2,127.30","2,224.59",Rs./Quintal
West Bengal,Vegetables,Potato,11-05-2024,-,"1,389.50",Metric Tonnes,"2,106.52","2,137.90","2,169.03",Rs./Quintal
West Bengal,Vegetables,Onion,12-05-2024,-,432.2,Metric Tonnes,"2,101.07","2,176.35","2,277.12",Rs./Quintal
West Bengal,Vegetables,Potato,12-05-2024,-,"1,096.00",Metric Tonnes,"2,141.42","2,176.45","2,207.69",Rs./Quintal
West Bengal,Vegetables,Onion,13-05-2024,-,731.3,Metric Tonnes,"1,929.37","2,068.93","2,174.50",Rs./Quintal
West Bengal,Vegetables,Potato,13-05-2024,-,"1,226.60",Metric Tonnes,"2,199.32","2,232.69","2,265.50",Rs./Quintal
West Bengal,Vegetables,Onion,14-05-2024,-,747.45,Metric Tonnes,"1,982.52","2,099.97","2,199.53",Rs./Quintal
West Bengal,Vegetables,Potato,14-05-2024,-,"1,340.85",Metric Tonnes,"2,173.43","2,210.00","2,247.56",Rs./Quintal
West Bengal,Vegetables,Onion,15-05-2024,-,774.95,Metric Tonnes,"1,977.14","2,091.86","2,199.77",Rs./Quintal
West Bengal,Vegetables,Potato,15-05-2024,-,"1,597.30",Metric Tonnes,"2,160.72","2,192.90","2,223.60",Rs./Quintal
West Bengal,Vegetables,Onion,16-05-2024,-,720.53,Metric Tonnes,"2,005.26","2,121.69","2,217.76",Rs./Quintal
West Bengal,Vegetables,Potato,16-05-2024,-,"1,448.70",Metric Tonnes,"2,170.70","2,205.82","2,239.75",Rs./Quintal
West Bengal,Vegetables,Onion,17-05-2024,-,853.25,Metric Tonnes,"2,162.54","2,269.68","2,417.54",Rs./Quintal
West Bengal,Vegetables,Potato,17-05-2024,-,"1,562.40",Metric Tonnes,"2,148.46","2,179.55","2,232.91",Rs./Quintal
West Bengal,Vegetables,Onion,18-05-2024,-,601.6,Metric Tonnes,"2,022.79","2,110.70","2,202.05",Rs./Quintal
West Bengal,Vegetables,Potato,18-05-2024,-,"1,513.50",Metric Tonnes,"2,150.73","2,181.68","2,213.63",Rs./Quintal
West Bengal,Vegetables,Onion,19-05-2024,-,487.65,Metric Tonnes,"2,055.69","2,136.50","2,250.65",Rs./Quintal
West Bengal,Vegetables,Potato,19-05-2024,-,"1,160.60",Metric Tonnes,"2,189.77","2,225.05","2,276.77",Rs./Quintal
West Bengal,Vegetables,Onion,20-05-2024,-,797.8,Metric Tonnes,"1,990.37","2,081.98","2,170.10",Rs./Quintal
West Bengal,Vegetables,Potato,20-05-2024,-,"1,612.70",Metric Tonnes,"2,120.68","2,166.27","2,214.37",Rs./Quintal
West Bengal,Vegetables,Onion,21-05-2024,-,602.9,Metric Tonnes,"2,041.85","2,123.11","2,202.60",Rs./Quintal
West Bengal,Vegetables,Potato,21-05-2024,-,"1,570.60",Metric Tonnes,"2,122.21","2,158.67","2,194.87",Rs./Quintal
West Bengal,Vegetables,Onion,22-05-2024,-,689.9,Metric Tonnes,"2,014.74","2,103.79","2,218.48",Rs./Quintal
West Bengal,Vegetables,Potato,22-05-2024,-,"1,525.00",Metric Tonnes,"2,140.69","2,176.73","2,209.66",Rs./Quintal
West Bengal,Vegetables,Onion,23-05-2024,-,649.2,Metric Tonnes,"2,017.28","2,103.77","2,178.29",Rs./Quintal
West Bengal,Vegetables,Potato,23-05-2024,-,"1,274.50",Metric Tonnes,"2,150.79","2,187.33","2,223.66",Rs./Quintal
West Bengal,Vegetables,Onion,24-05-2024,-,583.25,Metric Tonnes,"2,031.32","2,119.80","2,194.90",Rs./Quintal
West Bengal,Vegetables,Potato,24-05-2024,-,"1,242.00",Metric Tonnes,"2,170.49","2,204.79","2,240.17",Rs./Quintal
West Bengal,Vegetables,Onion,25-05-2024,-,590.15,Metric Tonnes,"2,021.67","2,108.53","2,195.06",Rs./Quintal
West Bengal,Vegetables,Potato,25-05-2024,-,"1,216.30",Metric Tonnes,"2,172.98","2,206.15","2,245.24",Rs./Quintal
West Bengal,Vegetables,Onion,26-05-2024,-,460.4,Metric Tonnes,"2,073.82","2,152.71","2,230.66",Rs./Quintal
West Bengal,Vegetables,Potato,26-05-2024,-,"1,276.80",Metric Tonnes,"2,151.84","2,185.07","2,222.81",Rs./Quintal
West Bengal,Vegetables,Onion,27-05-2024,-,599.1,Metric Tonnes,"2,168.97","2,241.08","2,323.39",Rs./Quintal
West Bengal,Vegetables,Potato,27-05-2024,-,"1,851.80",Metric Tonnes,"2,095.55","2,131.71","2,166.77",Rs./Quintal
West Bengal,Vegetables,Onion,28-05-2024,-,745.45,Metric Tonnes,"2,094.19","2,188.01","2,290.25",Rs./Quintal
West Bengal,Vegetables,Potato,28-05-2024,-,"1,484.20",Metric Tonnes,"2,150.86","2,186.58","2,222.02",Rs./Quintal
West Bengal,Vegetables,Onion,29-05-2024,-,854.7,Metric Tonnes,"2,129.73","2,216.09","2,299.94",Rs./Quintal
West Bengal,Vegetables,Potato,29-05-2024,-,"1,613.70",Metric Tonnes,"2,160.21","2,203.97","2,253.82",Rs./Quintal
West Bengal,Vegetables,Onion,30-05-2024,-,593.3,Metric Tonnes,"2,143.44","2,237.14","2,332.92",Rs./Quintal
West Bengal,Vegetables,Potato,30-05-2024,-,"1,365.30",Metric Tonnes,"2,105.05","2,145.07","2,184.64",Rs./Quintal
West Bengal,Vegetables,Onion,31-05-2024,-,578.49,Metric Tonnes,"2,133.67","2,223.31","2,319.56",Rs./Quintal
West Bengal,Vegetables,Potato,31-05-2024,-,"1,587.50",Metric Tonnes,"2,105.46","2,143.57","2,185.78",Rs./Quintal
West Bengal,Vegetables,Onion,01-06-2024,-,520.4,Metric Tonnes,"2,195.13","2,266.86","2,344.89",Rs./Quintal
West Bengal,Vegetables,Potato,01-06-2024,-,"1,360.70",Metric Tonnes,"2,130.05","2,165.00","2,204.41",Rs./Quintal
West Bengal,Vegetables,Onion,02-06-2024,-,533.35,Metric Tonnes,"2,204.48","2,273.78","2,357.70",Rs./Quintal
West Bengal,Vegetables,Potato,02-06-2024,-,"1,346.20",Metric Tonnes,"2,141.29","2,175.19","2,213.88",Rs./Quintal
West Bengal,Vegetables,Onion,03-06-2024,-,842.85,Metric Tonnes,"2,337.85","2,431.23","2,527.50",Rs./Quintal
West Bengal,Vegetables,Potato,03-06-2024,-,"1,616.80",Metric Tonnes,"2,152.53","2,191.87","2,231.16",Rs./Quintal
West Bengal,Vegetables,Onion,04-06-2024,-,712,Metric Tonnes,"2,456.08","2,542.20","2,611.68",Rs./Quintal
West Bengal,Vegetables,Potato,04-06-2024,-,"1,319.90",Metric Tonnes,"2,122.04","2,163.29","2,214.90",Rs./Quintal
West Bengal,Vegetables,Onion,05-06-2024,-,742.25,Metric Tonnes,"2,365.11","2,455.83","2,523.35",Rs./Quintal
West Bengal,Vegetables,Potato,05-06-2024,-,"1,600.30",Metric Tonnes,"2,129.79","2,170.56","2,214.14",Rs./Quintal
West Bengal,Vegetables,Onion,06-06-2024,-,745.65,Metric Tonnes,"2,426.55","2,500.56","2,577.99",Rs./Quintal
West Bengal,Vegetables,Potato,06-06-2024,-,"1,775.00",Metric Tonnes,"2,168.03","2,209.37","2,250.89",Rs./Quintal
West Bengal,Vegetables,Onion,07-06-2024,-,747.05,Metric Tonnes,"2,485.18","2,572.66","2,669.64",Rs./Quintal
West Bengal,Vegetables,Potato,07-06-2024,-,"1,419.30",Metric Tonnes,"2,134.55","2,174.70","2,210.51",Rs./Quintal
West Bengal,Vegetables,Onion,08-06-2024,-,710.7,Metric Tonnes,"2,399.55","2,489.75","2,586.22",Rs./Quintal
West Bengal,Vegetables,Potato,08-06-2024,-,"1,612.80",Metric Tonnes,"2,155.73","2,194.06","2,231.84",Rs./Quintal
West Bengal,Vegetables,Onion,09-06-2024,-,579.85,Metric Tonnes,"2,354.91","2,442.47","2,523.09",Rs./Quintal
West Bengal,Vegetables,Potato,09-06-2024,-,"1,568.15",Metric Tonnes,"2,191.87","2,229.62","2,268.01",Rs./Quintal
West Bengal,Vegetables,Onion,10-06-2024,-,834.8,Metric Tonnes,"2,530.49","2,616.64","2,697.67",Rs./Quintal
West Bengal,Vegetables,Potato,10-06-2024,-,"1,747.70",Metric Tonnes,"2,154.50","2,193.90","2,232.74",Rs./Quintal
West Bengal,Vegetables,Onion,11-06-2024,-,728.45,Metric Tonnes,"2,550.60","2,653.19","2,751.79",Rs./Quintal
West Bengal,Vegetables,Potato,11-06-2024,-,"1,648.40",Metric Tonnes,"2,167.26","2,204.24","2,242.28",Rs./Quintal
West Bengal,Vegetables,Onion,12-06-2024,-,638.45,Metric Tonnes,"2,564.55","2,666.63","2,767.62",Rs./Quintal
West Bengal,Vegetables,Potato,12-06-2024,-,"1,524.50",Metric Tonnes,"2,172.92","2,211.43","2,250.52",Rs./Quintal
West Bengal,Vegetables,Onion,13-06-2024,-,653.95,Metric Tonnes,"2,655.22","2,762.67","2,865.83",Rs./Quintal
West Bengal,Vegetables,Potato,13-06-2024,-,"1,634.80",Metric Tonnes,"2,163.76","2,202.53","2,241.43",Rs./Quintal
West Bengal,Vegetables,Onion,14-06-2024,-,740.75,Metric Tonnes,"2,661.12","2,762.20","2,849.85",Rs./Quintal
West Bengal,Vegetables,Potato,14-06-2024,-,"1,578.40",Metric Tonnes,"2,177.01","2,215.27","2,254.35",Rs./Quintal
West Bengal,Vegetables,Onion,15-06-2024,-,543.05,Metric Tonnes,"2,714.05","2,814.81","2,909.47",Rs./Quintal
West Bengal,Vegetables,Potato,15-06-2024,-,"1,283.50",Metric Tonnes,"2,201.94","2,239.08","2,276.62",Rs./Quintal
West Bengal,Vegetables,Onion,16-06-2024,-,433.45,Metric Tonnes,"2,609.19","2,687.22","2,791.42",Rs./Quintal
West Bengal,Vegetables,Potato,16-06-2024,-,"1,081.90",Metric Tonnes,"2,205.70","2,244.54","2,283.20",Rs./Quintal
West Bengal,Vegetables,Onion,17-06-2024,-,417.35,Metric Tonnes,"2,713.75","2,831.38","2,932.70",Rs./Quintal
West Bengal,Vegetables,Potato,17-06-2024,-,"1,027.00",Metric Tonnes,"2,214.90","2,256.75","2,298.91",Rs./Quintal
West Bengal,Vegetables,Onion,18-06-2024,-,726.9,Metric Tonnes,"2,750.91","2,855.61","2,958.23",Rs./Quintal
West Bengal,Vegetables,Potato,18-06-2024,-,"1,510.70",Metric Tonnes,"2,268.94","2,308.98","2,351.69",Rs./Quintal
West Bengal,Vegetables,Onion,19-06-2024,-,667.4,Metric Tonnes,"2,763.46","2,864.61","2,967.66",Rs./Quintal
West Bengal,Vegetables,Potato,19-06-2024,-,"1,511.40",Metric Tonnes,"2,308.87","2,355.45","2,401.41",Rs./Quintal
West Bengal,Vegetables,Onion,20-06-2024,-,674.45,Metric Tonnes,"2,896.08","3,002.83","3,099.97",Rs./Quintal
West Bengal,Vegetables,Potato,20-06-2024,-,"1,414.50",Metric Tonnes,"2,337.91","2,383.35","2,422.61",Rs./Quintal
West Bengal,Vegetables,Onion,21-06-2024,-,615.8,Metric Tonnes,"2,950.62","3,055.81","3,153.82",Rs./Quintal
West Bengal,Vegetables,Potato,21-06-2024,-,"1,334.80",Metric Tonnes,"2,379.07","2,416.04","2,448.98",Rs./Quintal
West Bengal,Vegetables,Onion,22-06-2024,-,541.65,Metric Tonnes,"2,827.04","2,931.82","3,036.32",Rs./Quintal
West Bengal,Vegetables,Potato,22-06-2024,-,"1,471.10",Metric Tonnes,"2,425.72","2,461.89","2,497.16",Rs./Quintal
West Bengal,Vegetables,Onion,23-06-2024,-,541.8,Metric Tonnes,"2,854.99","2,958.66","3,075.10",Rs./Quintal
West Bengal,Vegetables,Potato,23-06-2024,-,"1,419.40",Metric Tonnes,"2,434.15","2,474.69","2,511.77",Rs./Quintal
West Bengal,Vegetables,Onion,24-06-2024,-,673.65,Metric Tonnes,"3,112.95","3,223.84","3,310.58",Rs./Quintal
West Bengal,Vegetables,Potato,24-06-2024,-,"1,344.10",Metric Tonnes,"2,452.24","2,492.13","2,529.73",Rs./Quintal
West Bengal,Vegetables,Onion,25-06-2024,-,763,Metric Tonnes,"3,112.44","3,212.08","3,304.14",Rs./Quintal
West Bengal,Vegetables,Potato,25-06-2024,-,"1,558.92",Metric Tonnes,"2,484.34","2,523.74","2,567.63",Rs./Quintal
West Bengal,Vegetables,Onion,26-06-2024,-,640.7,Metric Tonnes,"3,023.48","3,131.76","3,217.46",Rs./Quintal
West Bengal,Vegetables,Potato,26-06-2024,-,"1,657.10",Metric Tonnes,"2,490.82","2,527.69","2,566.69",Rs./Quintal
West Bengal,Vegetables,Onion,27-06-2024,-,644.88,Metric Tonnes,"3,130.51","3,243.02","3,356.13",Rs./Quintal
West Bengal,Vegetables,Potato,27-06-2024,-,"1,455.65",Metric Tonnes,"2,491.13","2,529.57","2,566.31",Rs./Quintal
West Bengal,Vegetables,Onion,28-06-2024,-,465.35,Metric Tonnes,"3,105.16","3,191.65","3,281.87",Rs./Quintal
West Bengal,Vegetables,Potato,28-06-2024,-,"1,293.70",Metric Tonnes,"2,486.32","2,525.62","2,563.85",Rs./Quintal
West Bengal,Vegetables,Onion,29-06-2024,-,509.75,Metric Tonnes,"2,980.84","3,090.97","3,178.60",Rs./Quintal
West Bengal,Vegetables,Potato,29-06-2024,-,"1,460.80",Metric Tonnes,"2,495.60","2,535.15","2,574.16",Rs./Quintal
West Bengal,Vegetables,Onion,30-06-2024,-,393.55,Metric Tonnes,"3,048.69","3,145.01","3,248.68",Rs./Quintal
West Bengal,Vegetables,Potato,30-06-2024,-,"1,133.00",Metric Tonnes,"2,478.31","2,516.80","2,555.58",Rs./Quintal
West Bengal,Vegetables,Onion,01-07-2024,-,752.9,Metric Tonnes,"3,215.57","3,320.53","3,404.00",Rs./Quintal
West Bengal,Vegetables,Potato,01-07-2024,-,"1,659.70",Metric Tonnes,"2,465.77","2,508.26","2,554.19",Rs./Quintal
West Bengal,Vegetables,Onion,02-07-2024,-,588.3,Metric Tonnes,"3,142.34","3,240.87","3,342.96",Rs./Quintal
West Bengal,Vegetables,Potato,02-07-2024,-,"1,575.35",Metric Tonnes,"2,496.58","2,535.10","2,275.48",Rs./Quintal
West Bengal,Vegetables,Onion,03-07-2024,-,684.05,Metric Tonnes,"3,308.72","3,403.60","3,491.92",Rs./Quintal
West Bengal,Vegetables,Potato,03-07-2024,-,"1,507.90",Metric Tonnes,"2,522.63","2,558.41","2,587.01",Rs./Quintal
West Bengal,Vegetables,Onion,04-07-2024,-,676.6,Metric Tonnes,"3,342.79","3,443.39","3,531.37",Rs./Quintal
West Bengal,Vegetables,Potato,04-07-2024,-,"1,708.50",Metric Tonnes,"2,516.89","2,553.14","2,584.97",Rs./Quintal
West Bengal,Vegetables,Onion,05-07-2024,-,725.9,Metric Tonnes,"3,439.57","3,547.90","3,639.92",Rs./Quintal
West Bengal,Vegetables,Potato,05-07-2024,-,"1,618.10",Metric Tonnes,"2,525.32","2,565.47","2,607.94",Rs./Quintal
West Bengal,Vegetables,Onion,06-07-2024,-,544.3,Metric Tonnes,"3,321.16","3,421.98","3,519.65",Rs./Quintal
West Bengal,Vegetables,Potato,06-07-2024,-,"1,573.60",Metric Tonnes,"2,537.86","2,576.13","2,614.90",Rs./Quintal
West Bengal,Vegetables,Onion,07-07-2024,-,390,Metric Tonnes,"3,343.34","3,445.27","3,567.39",Rs./Quintal
West Bengal,Vegetables,Potato,07-07-2024,-,"1,199.90",Metric Tonnes,"2,551.23","2,587.29","2,626.83",Rs./Quintal
West Bengal,Vegetables,Onion,08-07-2024,-,776.55,Metric Tonnes,"3,482.47","3,577.55","3,676.85",Rs./Quintal
West Bengal,Vegetables,Potato,08-07-2024,-,"1,676.10",Metric Tonnes,"2,558.87","2,600.03","2,639.15",Rs./Quintal
West Bengal,Vegetables,Onion,09-07-2024,-,663.7,Metric Tonnes,"3,528.61","3,624.34","3,725.10",Rs./Quintal
West Bengal,Vegetables,Potato,09-07-2024,-,"1,545.70",Metric Tonnes,"2,558.76","2,594.80","2,629.38",Rs./Quintal
West Bengal,Vegetables,Onion,10-07-2024,-,633.45,Metric Tonnes,"3,437.97","3,555.75","3,660.44",Rs./Quintal
West Bengal,Vegetables,Potato,10-07-2024,-,"1,372.70",Metric Tonnes,"2,545.28","2,582.09","2,613.97",Rs./Quintal
West Bengal,Vegetables,Onion,11-07-2024,-,692.6,Metric Tonnes,"3,507.27","3,613.39","3,711.93",Rs./Quintal
West Bengal,Vegetables,Potato,11-07-2024,-,"1,588.00",Metric Tonnes,"2,515.62","2,551.01","2,586.91",Rs./Quintal
West Bengal,Vegetables,Onion,12-07-2024,-,624.65,Metric Tonnes,"3,443.73","3,540.43","3,657.46",Rs./Quintal
West Bengal,Vegetables,Potato,12-07-2024,-,"1,610.90",Metric Tonnes,"2,508.39","2,544.65","2,575.13",Rs./Quintal
West Bengal,Vegetables,Onion,13-07-2024,-,485.55,Metric Tonnes,"3,449.48","3,546.62","3,650.18",Rs./Quintal
West Bengal,Vegetables,Potato,13-07-2024,-,"1,619.70",Metric Tonnes,"2,527.63","2,557.85","2,586.40",Rs./Quintal
West Bengal,Vegetables,Onion,14-07-2024,-,418.9,Metric Tonnes,"3,380.57","3,473.94","3,555.05",Rs./Quintal
West Bengal,Vegetables,Potato,14-07-2024,-,"1,479.70",Metric Tonnes,"2,519.12","2,548.20","2,577.15",Rs./Quintal
West Bengal,Vegetables,Onion,15-07-2024,-,722.1,Metric Tonnes,"3,385.27","3,494.18","3,592.13",Rs./Quintal
West Bengal,Vegetables,Potato,15-07-2024,-,"1,844.45",Metric Tonnes,"2,521.09","2,551.86","2,580.53",Rs./Quintal
West Bengal,Vegetables,Onion,16-07-2024,-,670.5,Metric Tonnes,"3,299.17","3,412.17","3,522.28",Rs./Quintal
West Bengal,Vegetables,Potato,16-07-2024,-,"1,975.40",Metric Tonnes,"2,491.42","2,524.59","2,552.72",Rs./Quintal
West Bengal,Vegetables,Onion,17-07-2024,-,600.93,Metric Tonnes,"3,314.12","3,417.81","3,509.19",Rs./Quintal
West Bengal,Vegetables,Potato,17-07-2024,-,"1,770.90",Metric Tonnes,"2,508.48","2,543.86","2,575.95",Rs./Quintal
West Bengal,Vegetables,Onion,18-07-2024,-,582.7,Metric Tonnes,"3,309.93","3,406.99","3,491.35",Rs./Quintal
West Bengal,Vegetables,Potato,18-07-2024,-,"1,997.25",Metric Tonnes,"2,483.71","2,516.21","2,547.66",Rs./Quintal
West Bengal,Vegetables,Onion,19-07-2024,-,727.96,Metric Tonnes,"3,228.75","3,350.72","3,454.06",Rs./Quintal
West Bengal,Vegetables,Potato,19-07-2024,-,"2,048.82",Metric Tonnes,"2,472.81","2,511.65","2,549.11",Rs./Quintal
West Bengal,Vegetables,Onion,20-07-2024,-,595.52,Metric Tonnes,"3,194.72","3,298.01","3,402.23",Rs./Quintal
West Bengal,Vegetables,Potato,20-07-2024,-,"2,063.18",Metric Tonnes,"2,464.81","2,505.36","2,541.91",Rs./Quintal
West Bengal,Vegetables,Onion,21-07-2024,-,534.98,Metric Tonnes,"3,164.79","3,285.86","3,389.11",Rs./Quintal
West Bengal,Vegetables,Potato,21-07-2024,-,"1,832.29",Metric Tonnes,"2,462.49","2,503.54","2,539.12",Rs./Quintal
West Bengal,Vegetables,Onion,22-07-2024,-,634.2,Metric Tonnes,"3,320.47","3,433.36","3,528.25",Rs./Quintal
West Bengal,Vegetables,Potato,22-07-2024,-,"1,774.55",Metric Tonnes,"2,513.41","2,546.41","2,580.05",Rs./Quintal
West Bengal,Vegetables,Onion,23-07-2024,-,681,Metric Tonnes,"3,332.80","3,433.83","3,525.24",Rs./Quintal
West Bengal,Vegetables,Potato,23-07-2024,-,"1,676.34",Metric Tonnes,"2,590.59","2,632.80","2,672.67",Rs./Quintal
West Bengal,Vegetables,Onion,24-07-2024,-,658.9,Metric Tonnes,"3,392.72","3,503.11","3,601.23",Rs./Quintal
West Bengal,Vegetables,Potato,24-07-2024,-,"1,005.00",Metric Tonnes,"2,726.75","2,778.50","2,828.55",Rs./Quintal
West Bengal,Vegetables,Onion,25-07-2024,-,645.63,Metric Tonnes,"3,358.67","3,451.68","3,546.92",Rs./Quintal
West Bengal,Vegetables,Potato,25-07-2024,-,"1,589.15",Metric Tonnes,"2,581.15","2,630.07","2,657.54",Rs./Quintal
West Bengal,Vegetables,Onion,26-07-2024,-,594.65,Metric Tonnes,"3,323.74","3,432.05","3,534.05",Rs./Quintal
West Bengal,Vegetables,Potato,26-07-2024,-,"1,771.80",Metric Tonnes,"2,547.32","2,591.15","2,618.91",Rs./Quintal
West Bengal,Vegetables,Onion,27-07-2024,-,641.34,Metric Tonnes,"3,270.60","3,376.13","3,479.14",Rs./Quintal
West Bengal,Vegetables,Potato,27-07-2024,-,"1,945.70",Metric Tonnes,"2,544.64","2,584.53","2,618.37",Rs./Quintal
West Bengal,Vegetables,Onion,28-07-2024,-,640.05,Metric Tonnes,"3,273.97","3,371.93","3,472.05",Rs./Quintal
West Bengal,Vegetables,Potato,28-07-2024,-,"1,923.50",Metric Tonnes,"2,529.42","2,566.96","2,605.52",Rs./Quintal
West Bengal,Vegetables,Onion,29-07-2024,-,876.05,Metric Tonnes,"3,337.56","3,453.88","3,551.18",Rs./Quintal
West Bengal,Vegetables,Potato,29-07-2024,-,"2,095.90",Metric Tonnes,"2,497.70","2,540.67","2,574.34",Rs./Quintal
West Bengal,Vegetables,Onion,30-07-2024,-,689.2,Metric Tonnes,"3,318.09","3,434.37","3,544.04",Rs./Quintal
West Bengal,Vegetables,Potato,30-07-2024,-,"2,450.65",Metric Tonnes,"2,492.11","2,538.09","2,571.50",Rs./Quintal
West Bengal,Vegetables,Onion,31-07-2024,-,745.8,Metric Tonnes,"3,364.65","3,469.16","3,567.75",Rs./Quintal
West Bengal,Vegetables,Potato,31-07-2024,-,"2,323.85",Metric Tonnes,"2,456.44","2,495.34","2,529.69",Rs./Quintal
West Bengal,Vegetables,Onion,01-08-2024,-,769.2,Metric Tonnes,"3,322.69","3,430.70","3,520.75",Rs./Quintal
West Bengal,Vegetables,Potato,01-08-2024,-,"2,525.70",Metric Tonnes,"2,405.17","2,445.81","2,486.33",Rs./Quintal
West Bengal,Vegetables,Onion,02-08-2024,-,697.94,Metric Tonnes,"3,333.24","3,419.68","3,510.28",Rs./Quintal
West Bengal,Vegetables,Potato,02-08-2024,-,"2,425.40",Metric Tonnes,"2,402.38","2,443.57","2,483.26",Rs./Quintal
West Bengal,Vegetables,Onion,03-08-2024,-,583.35,Metric Tonnes,"3,281.43","3,354.91","3,433.99",Rs./Quintal
West Bengal,Vegetables,Potato,03-08-2024,-,"2,042.50",Metric Tonnes,"2,376.17","2,418.44","2,459.40",Rs./Quintal
West Bengal,Vegetables,Onion,04-08-2024,-,583.9,Metric Tonnes,"3,279.71","3,361.60","3,450.92",Rs./Quintal
West Bengal,Vegetables,Potato,04-08-2024,-,"2,055.60",Metric Tonnes,"2,370.45","2,411.98","2,452.45",Rs./Quintal
West Bengal,Vegetables,Onion,05-08-2024,-,657.6,Metric Tonnes,"3,310.19","3,404.75","3,495.48",Rs./Quintal
West Bengal,Vegetables,Potato,05-08-2024,-,"2,396.10",Metric Tonnes,"2,382.98","2,419.01","2,455.73",Rs./Quintal
West Bengal,Vegetables,Onion,06-08-2024,-,682.8,Metric Tonnes,"3,319.66","3,412.35","3,512.65",Rs./Quintal
West Bengal,Vegetables,Potato,06-08-2024,-,"2,376.50",Metric Tonnes,"2,403.85","2,440.05","2,474.61",Rs./Quintal
West Bengal,Vegetables,Onion,07-08-2024,-,675.95,Metric Tonnes,"3,369.76","3,455.27","3,548.24",Rs./Quintal
West Bengal,Vegetables,Potato,07-08-2024,-,"2,371.39",Metric Tonnes,"2,393.65","2,431.18","2,470.22",Rs./Quintal
West Bengal,Vegetables,Onion,08-08-2024,-,708.3,Metric Tonnes,"3,449.12","3,546.35","3,641.72",Rs./Quintal
West Bengal,Vegetables,Potato,08-08-2024,-,"2,282.40",Metric Tonnes,"2,374.59","2,416.75","2,452.22",Rs./Quintal
West Bengal,Vegetables,Onion,09-08-2024,-,758.25,Metric Tonnes,"3,462.15","3,559.36","3,652.90",Rs./Quintal
West Bengal,Vegetables,Potato,09-08-2024,-,"2,399.02",Metric Tonnes,"2,352.34","2,396.20","2,435.06",Rs./Quintal
West Bengal,Vegetables,Onion,10-08-2024,-,681.8,Metric Tonnes,"3,458.97","3,552.40","3,637.28",Rs./Quintal
West Bengal,Vegetables,Potato,10-08-2024,-,"2,290.90",Metric Tonnes,"2,363.94","2,401.90","2,435.11",Rs./Quintal
West Bengal,Vegetables,Onion,11-08-2024,-,629.4,Metric Tonnes,"3,432.30","3,531.66","3,628.90",Rs./Quintal
West Bengal,Vegetables,Potato,11-08-2024,-,"2,358.90",Metric Tonnes,"2,355.86","2,392.71","2,429.09",Rs./Quintal
West Bengal,Vegetables,Onion,12-08-2024,-,651.6,Metric Tonnes,"3,576.83","3,682.51","3,780.28",Rs./Quintal
West Bengal,Vegetables,Potato,12-08-2024,-,"3,536.90",Metric Tonnes,"2,403.82","2,438.43","2,468.80",Rs./Quintal
West Bengal,Vegetables,Onion,13-08-2024,-,840.75,Metric Tonnes,"3,766.63","3,874.28","3,970.25",Rs./Quintal
West Bengal,Vegetables,Potato,13-08-2024,-,"2,182.30",Metric Tonnes,"2,352.95","2,390.49","2,421.60",Rs./Quintal
West Bengal,Vegetables,Onion,14-08-2024,-,673.85,Metric Tonnes,"3,785.93","3,887.76","3,984.19",Rs./Quintal
West Bengal,Vegetables,Potato,14-08-2024,-,"2,288.10",Metric Tonnes,"2,347.18","2,384.16","2,415.58",Rs./Quintal
West Bengal,Vegetables,Onion,15-08-2024,-,491.65,Metric Tonnes,"3,637.62","3,734.10","3,836.97",Rs./Quintal
West Bengal,Vegetables,Potato,15-08-2024,-,"1,994.40",Metric Tonnes,"2,344.33","2,382.62","2,414.38",Rs./Quintal
West Bengal,Vegetables,Onion,16-08-2024,-,697.2,Metric Tonnes,"3,767.70","3,877.04","3,980.57",Rs./Quintal
West Bengal,Vegetables,Potato,16-08-2024,-,"2,299.20",Metric Tonnes,"2,339.86","2,378.74","2,410.20",Rs./Quintal
West Bengal,Vegetables,Onion,17-08-2024,-,699.05,Metric Tonnes,"3,769.21","3,873.69","3,971.93",Rs./Quintal
West Bengal,Vegetables,Potato,17-08-2024,-,"2,321.30",Metric Tonnes,"2,344.07","2,381.30","2,410.66",Rs./Quintal
West Bengal,Vegetables,Onion,18-08-2024,-,504.78,Metric Tonnes,"3,735.69","3,819.96","3,918.59",Rs./Quintal
West Bengal,Vegetables,Potato,18-08-2024,-,"2,000.70",Metric Tonnes,"2,355.46","2,393.97","2,426.32",Rs./Quintal
West Bengal,Vegetables,Onion,19-08-2024,-,718.82,Metric Tonnes,"3,744.30","3,846.46","3,962.73",Rs./Quintal
West Bengal,Vegetables,Potato,19-08-2024,-,"2,249.50",Metric Tonnes,"2,338.35","2,379.19","2,411.69",Rs./Quintal
West Bengal,Vegetables,Onion,20-08-2024,-,672.6,Metric Tonnes,"3,765.92","3,869.19","3,968.61",Rs./Quintal
West Bengal,Vegetables,Potato,20-08-2024,-,"2,002.80",Metric Tonnes,"2,343.94","2,383.77","2,416.59",Rs./Quintal
West Bengal,Vegetables,Onion,21-08-2024,-,650.1,Metric Tonnes,"3,808.04","3,925.58","4,026.47",Rs./Quintal
West Bengal,Vegetables,Potato,21-08-2024,-,"2,180.40",Metric Tonnes,"2,360.88","2,395.58","2,428.08",Rs./Quintal
West Bengal,Vegetables,Onion,22-08-2024,-,703.45,Metric Tonnes,"3,772.12","3,887.95","3,994.98",Rs./Quintal
West Bengal,Vegetables,Potato,22-08-2024,-,"2,348.30",Metric Tonnes,"2,352.05","2,389.71","2,422.96",Rs./Quintal
West Bengal,Vegetables,Onion,23-08-2024,-,674.3,Metric Tonnes,"3,783.78","3,898.31","4,009.02",Rs./Quintal
West Bengal,Vegetables,Potato,23-08-2024,-,"2,374.10",Metric Tonnes,"2,339.26","2,375.32","2,407.78",Rs./Quintal
West Bengal,Vegetables,Onion,24-08-2024,-,696.7,Metric Tonnes,"3,808.99","3,912.43","4,002.98",Rs./Quintal
West Bengal,Vegetables,Potato,24-08-2024,-,"2,253.70",Metric Tonnes,"2,341.48","2,378.59","2,409.04",Rs./Quintal
West Bengal,Vegetables,Onion,25-08-2024,-,591.65,Metric Tonnes,"3,764.27","3,851.45","3,949.44",Rs./Quintal
West Bengal,Vegetables,Potato,25-08-2024,-,"2,100.50",Metric Tonnes,"2,444.62","2,481.78","2,515.24",Rs./Quintal
West Bengal,Vegetables,Onion,26-08-2024,-,673.4,Metric Tonnes,"3,860.09","3,957.40","4,059.49",Rs./Quintal
West Bengal,Vegetables,Potato,26-08-2024,-,"2,184.90",Metric Tonnes,"2,334.97","2,371.42","2,402.04",Rs./Quintal
West Bengal,Vegetables,Onion,27-08-2024,-,754.15,Metric Tonnes,"3,947.90","4,065.63","4,164.85",Rs./Quintal
West Bengal,Vegetables,Potato,27-08-2024,-,"2,196.20",Metric Tonnes,"2,334.45","2,369.59","2,399.38",Rs./Quintal
West Bengal,Vegetables,Onion,28-08-2024,-,730.08,Metric Tonnes,"3,946.92","4,068.92","4,176.15",Rs./Quintal
West Bengal,Vegetables,Potato,28-08-2024,-,"2,299.10",Metric Tonnes,"2,349.14","2,384.84","2,416.37",Rs./Quintal
West Bengal,Vegetables,Onion,29-08-2024,-,735.28,Metric Tonnes,"3,984.03","4,085.76","4,191.52",Rs./Quintal
West Bengal,Vegetables,Potato,29-08-2024,-,"2,242.90",Metric Tonnes,"2,344.98","2,379.76","2,410.02",Rs./Quintal
West Bengal,Vegetables,Onion,30-08-2024,-,648.7,Metric Tonnes,"3,929.14","4,025.43","4,139.49",Rs./Quintal
West Bengal,Vegetables,Potato,30-08-2024,-,"2,308.40",Metric Tonnes,"2,340.62","2,375.45","2,405.82",Rs./Quintal
West Bengal,Vegetables,Onion,31-08-2024,-,501.2,Metric Tonnes,"3,838.55","3,945.71","4,065.51",Rs./Quintal
West Bengal,Vegetables,Potato,31-08-2024,-,"2,139.40",Metric Tonnes,"2,335.06","2,369.86","2,403.66",Rs./Quintal
West Bengal,Vegetables,Onion,01-09-2024,-,528.92,Metric Tonnes,"3,947.53","4,047.14","4,180.07",Rs./Quintal
West Bengal,Vegetables,Potato,01-09-2024,-,"2,097.90",Metric Tonnes,"2,346.28","2,378.16","2,410.62",Rs./Quintal
West Bengal,Vegetables,Onion,02-09-2024,-,795,Metric Tonnes,"3,954.16","4,056.34","4,172.82",Rs./Quintal
West Bengal,Vegetables,Potato,02-09-2024,-,"2,130.50",Metric Tonnes,"2,334.27","2,372.48","2,402.48",Rs./Quintal
West Bengal,Vegetables,Onion,03-09-2024,-,709.1,Metric Tonnes,"4,080.97","4,185.28","4,315.03",Rs./Quintal
West Bengal,Vegetables,Potato,03-09-2024,-,"2,340.30",Metric Tonnes,"2,339.71","2,371.82","2,402.02",Rs./Quintal
West Bengal,Vegetables,Onion,04-09-2024,-,709.25,Metric Tonnes,"4,095.15","4,207.75","4,331.87",Rs./Quintal
West Bengal,Vegetables,Potato,04-09-2024,-,"2,395.50",Metric Tonnes,"2,333.55","2,370.84","2,401.41",Rs./Quintal
West Bengal,Vegetables,Onion,05-09-2024,-,701.3,Metric Tonnes,"4,062.28","4,159.37","4,275.09",Rs./Quintal
West Bengal,Vegetables,Potato,05-09-2024,-,"2,370.90",Metric Tonnes,"2,326.13","2,364.37","2,396.01",Rs./Quintal
West Bengal,Vegetables,Onion,06-09-2024,-,744.35,Metric Tonnes,"4,174.59","4,284.77","4,396.85",Rs./Quintal
West Bengal,Vegetables,Potato,06-09-2024,-,"2,469.20",Metric Tonnes,"2,316.36","2,350.45","2,379.27",Rs./Quintal
West Bengal,Vegetables,Onion,07-09-2024,-,589.25,Metric Tonnes,"4,295.15","4,398.69","4,505.58",Rs./Quintal
West Bengal,Vegetables,Potato,07-09-2024,-,"1,944.40",Metric Tonnes,"2,312.17","2,346.97","2,377.32",Rs./Quintal
West Bengal,Vegetables,Onion,08-09-2024,-,505.27,Metric Tonnes,"4,273.46","4,363.62","4,448.78",Rs./Quintal
West Bengal,Vegetables,Potato,08-09-2024,-,"2,006.70",Metric Tonnes,"2,335.03","2,368.42","2,398.20",Rs./Quintal
West Bengal,Vegetables,Onion,09-09-2024,-,724.95,Metric Tonnes,"4,287.16","4,408.09","4,529.02",Rs./Quintal
West Bengal,Vegetables,Potato,09-09-2024,-,"2,212.50",Metric Tonnes,"2,310.32","2,344.59","2,372.95",Rs./Quintal
West Bengal,Vegetables,Onion,10-09-2024,-,695.3,Metric Tonnes,"4,296.81","4,406.55","4,519.80",Rs./Quintal
West Bengal,Vegetables,Potato,10-09-2024,-,"2,313.10",Metric Tonnes,"2,314.94","2,342.97","2,374.02",Rs./Quintal
West Bengal,Vegetables,Onion,11-09-2024,-,724.9,Metric Tonnes,"4,242.98","4,345.07","4,451.95",Rs./Quintal
West Bengal,Vegetables,Potato,11-09-2024,-,"2,441.00",Metric Tonnes,"2,305.26","2,331.43","2,361.23",Rs./Quintal
West Bengal,Vegetables,Onion,12-09-2024,-,708.97,Metric Tonnes,"4,226.94","4,333.71","4,446.30",Rs./Quintal
West Bengal,Vegetables,Potato,12-09-2024,-,"2,351.39",Metric Tonnes,"2,289.41","2,322.43","2,348.55",Rs./Quintal
West Bengal,Vegetables,Onion,13-09-2024,-,707.6,Metric Tonnes,"4,208.95","4,336.31","4,444.56",Rs./Quintal
West Bengal,Vegetables,Potato,13-09-2024,-,"2,416.90",Metric Tonnes,"2,286.34","2,320.01","2,347.24",Rs./Quintal
West Bengal,Vegetables,Onion,14-09-2024,-,669.42,Metric Tonnes,"4,213.54","4,359.22","4,465.16",Rs./Quintal
West Bengal,Vegetables,Potato,14-09-2024,-,"2,233.70",Metric Tonnes,"2,299.94","2,332.45","2,362.95",Rs./Quintal
West Bengal,Vegetables,Onion,15-09-2024,-,580,Metric Tonnes,"4,205.59","4,344.98","4,444.21",Rs./Quintal
West Bengal,Vegetables,Potato,15-09-2024,-,"1,846.60",Metric Tonnes,"2,302.53","2,336.19","2,368.75",Rs./Quintal
West Bengal,Vegetables,Onion,16-09-2024,-,640.3,Metric Tonnes,"4,247.11","4,384.07","4,498.41",Rs./Quintal
West Bengal,Vegetables,Potato,16-09-2024,-,"2,093.90",Metric Tonnes,"2,300.20","2,333.04","2,360.97",Rs./Quintal
West Bengal,Vegetables,Onion,17-09-2024,-,764.33,Metric Tonnes,"4,370.35","4,494.28","4,606.97",Rs./Quintal
West Bengal,Vegetables,Potato,17-09-2024,-,"2,350.60",Metric Tonnes,"2,300.62","2,331.05","2,357.14",Rs./Quintal
West Bengal,Vegetables,Onion,18-09-2024,-,758.68,Metric Tonnes,"4,407.18","4,527.48","4,634.72",Rs./Quintal
West Bengal,Vegetables,Potato,18-09-2024,-,"2,163.90",Metric Tonnes,"2,300.61","2,333.68","2,360.14",Rs./Quintal
West Bengal,Vegetables,Onion,19-09-2024,-,660.58,Metric Tonnes,"4,355.44","4,474.46","4,583.49",Rs./Quintal
West Bengal,Vegetables,Potato,19-09-2024,-,"2,299.90",Metric Tonnes,"2,297.66","2,325.87","2,353.89",Rs./Quintal
West Bengal,Vegetables,Onion,20-09-2024,-,684.65,Metric Tonnes,"4,421.11","4,556.39","4,664.97",Rs./Quintal
West Bengal,Vegetables,Potato,20-09-2024,-,"2,368.70",Metric Tonnes,"2,304.81","2,338.18","2,370.61",Rs./Quintal
West Bengal,Vegetables,Onion,21-09-2024,-,638.17,Metric Tonnes,"4,417.48","4,538.23","4,643.86",Rs./Quintal
West Bengal,Vegetables,Potato,21-09-2024,-,"2,215.20",Metric Tonnes,"2,316.87","2,353.85","2,388.30",Rs./Quintal
West Bengal,Vegetables,Onion,22-09-2024,-,680.18,Metric Tonnes,"4,415.52","4,541.59","4,648.70",Rs./Quintal
West Bengal,Vegetables,Potato,22-09-2024,-,"2,200.35",Metric Tonnes,"2,316.70","2,354.22","2,385.85",Rs./Quintal
West Bengal,Vegetables,Onion,23-09-2024,-,743.4,Metric Tonnes,"4,438.30","4,559.51","4,670.51",Rs./Quintal
West Bengal,Vegetables,Potato,23-09-2024,-,"2,204.00",Metric Tonnes,"2,320.05","2,353.32","2,397.30",Rs./Quintal
West Bengal,Vegetables,Onion,24-09-2024,-,801.7,Metric Tonnes,"4,579.03","4,691.51","4,794.67",Rs./Quintal
West Bengal,Vegetables,Potato,24-09-2024,-,"2,330.50",Metric Tonnes,"2,330.69","2,371.07","2,400.40",Rs./Quintal
West Bengal,Vegetables,Onion,25-09-2024,-,794.15,Metric Tonnes,"4,495.54","4,624.36","4,724.66",Rs./Quintal
West Bengal,Vegetables,Potato,25-09-2024,-,"2,285.30",Metric Tonnes,"2,329.84","2,377.19","2,415.58",Rs./Quintal
West Bengal,Vegetables,Onion,26-09-2024,-,700.65,Metric Tonnes,"4,488.58","4,600.70","4,709.29",Rs./Quintal
West Bengal,Vegetables,Potato,26-09-2024,-,"2,231.60",Metric Tonnes,"2,349.76","2,396.43","2,431.62",Rs./Quintal
West Bengal,Vegetables,Onion,27-09-2024,-,740.35,Metric Tonnes,"4,540.09","4,653.04","4,758.86",Rs./Quintal
West Bengal,Vegetables,Potato,27-09-2024,-,"2,239.80",Metric Tonnes,"2,346.90","2,389.52","2,425.37",Rs./Quintal
West Bengal,Vegetables,Onion,28-09-2024,-,521.3,Metric Tonnes,"4,402.07","4,511.06","4,632.65",Rs./Quintal
West Bengal,Vegetables,Potato,28-09-2024,-,"1,951.80",Metric Tonnes,"2,340.35","2,382.14","2,418.33",Rs./Quintal
West Bengal,Vegetables,Onion,29-09-2024,-,560.52,Metric Tonnes,"4,466.15","4,584.50","4,707.66",Rs./Quintal
West Bengal,Vegetables,Potato,29-09-2024,-,"2,019.40",Metric Tonnes,"2,368.33","2,411.27","2,449.02",Rs./Quintal
West Bengal,Vegetables,Onion,30-09-2024,-,611.7,Metric Tonnes,"4,488.27","4,625.92","4,738.12",Rs./Quintal
West Bengal,Vegetables,Potato,30-09-2024,-,"2,002.70",Metric Tonnes,"2,352.32","2,399.26","2,429.88",Rs./Quintal
West Bengal,Vegetables,Onion,01-10-2024,-,722.6,Metric Tonnes,"4,501.74","4,626.82","4,733.47",Rs./Quintal
West Bengal,Vegetables,Potato,01-10-2024,-,"2,233.70",Metric Tonnes,"2,377.96","2,420.15","2,455.36",Rs./Quintal
West Bengal,Vegetables,Onion,02-10-2024,-,545.61,Metric Tonnes,"4,437.86","4,565.81","4,682.62",Rs./Quintal
West Bengal,Vegetables,Potato,02-10-2024,-,"2,087.50",Metric Tonnes,"2,381.88","2,420.38","2,459.68",Rs./Quintal
West Bengal,Vegetables,Onion,03-10-2024,-,830.5,Metric Tonnes,"4,451.36","4,571.72","4,717.86",Rs./Quintal
West Bengal,Vegetables,Potato,03-10-2024,-,"2,131.70",Metric Tonnes,"2,384.03","2,422.25","2,461.49",Rs./Quintal
West Bengal,Vegetables,Onion,04-10-2024,-,761.3,Metric Tonnes,"4,398.60","4,531.91","4,638.19",Rs./Quintal
West Bengal,Vegetables,Potato,04-10-2024,-,"2,121.90",Metric Tonnes,"2,383.56","2,422.21","2,458.62",Rs./Quintal
West Bengal,Vegetables,Onion,05-10-2024,-,686.9,Metric Tonnes,"4,378.34","4,496.19","4,602.10",Rs./Quintal
West Bengal,Vegetables,Potato,05-10-2024,-,"1,963.50",Metric Tonnes,"2,387.11","2,429.44","2,467.06",Rs./Quintal
West Bengal,Vegetables,Onion,06-10-2024,-,553.75,Metric Tonnes,"4,379.56","4,497.25","4,607.24",Rs./Quintal
West Bengal,Vegetables,Potato,06-10-2024,-,"1,987.70",Metric Tonnes,"2,379.16","2,419.93","2,463.10",Rs./Quintal
West Bengal,Vegetables,Onion,07-10-2024,-,744.6,Metric Tonnes,"4,329.62","4,438.98","4,548.45",Rs./Quintal
West Bengal,Vegetables,Potato,07-10-2024,-,"1,980.70",Metric Tonnes,"2,375.29","2,416.30","2,449.86",Rs./Quintal
West Bengal,Vegetables,Onion,08-10-2024,-,587.75,Metric Tonnes,"4,351.44","4,469.56","4,603.59",Rs./Quintal
West Bengal,Vegetables,Potato,08-10-2024,-,"1,929.30",Metric Tonnes,"2,375.09","2,416.19","2,451.20",Rs./Quintal
West Bengal,Vegetables,Onion,09-10-2024,-,625.76,Metric Tonnes,"4,367.79","4,489.96","4,617.44",Rs./Quintal
West Bengal,Vegetables,Potato,09-10-2024,-,"2,093.90",Metric Tonnes,"2,377.48","2,422.50","2,459.10",Rs./Quintal
West Bengal,Vegetables,Onion,10-10-2024,-,615.65,Metric Tonnes,"4,426.39","4,547.10","4,663.09",Rs./Quintal
West Bengal,Vegetables,Potato,10-10-2024,-,"2,075.70",Metric Tonnes,"2,375.60","2,419.62","2,456.25",Rs./Quintal
West Bengal,Vegetables,Onion,11-10-2024,-,542.1,Metric Tonnes,"4,340.96","4,452.52","4,566.34",Rs./Quintal
West Bengal,Vegetables,Potato,11-10-2024,-,"1,887.10",Metric Tonnes,"2,365.08","2,409.89","2,446.00",Rs./Quintal
West Bengal,Vegetables,Onion,12-10-2024,-,513.9,Metric Tonnes,"4,364.93","4,469.28","4,560.55",Rs./Quintal
West Bengal,Vegetables,Potato,12-10-2024,-,"1,831.90",Metric Tonnes,"2,366.80","2,410.17","2,445.76",Rs./Quintal
West Bengal,Vegetables,Onion,13-10-2024,-,544.8,Metric Tonnes,"4,371.70","4,482.34","4,586.64",Rs./Quintal
West Bengal,Vegetables,Potato,13-10-2024,-,"1,996.10",Metric Tonnes,"2,365.16","2,409.59","2,446.19",Rs./Quintal
West Bengal,Vegetables,Onion,14-10-2024,-,670.05,Metric Tonnes,"4,454.05","4,555.88","4,654.29",Rs./Quintal
West Bengal,Vegetables,Potato,14-10-2024,-,"1,705.60",Metric Tonnes,"2,362.73","2,405.85","2,438.02",Rs./Quintal
West Bengal,Vegetables,Onion,15-10-2024,-,576.15,Metric Tonnes,"4,382.98","4,481.60","4,582.18",Rs./Quintal
West Bengal,Vegetables,Potato,15-10-2024,-,"1,788.00",Metric Tonnes,"2,370.62","2,414.77","2,450.79",Rs./Quintal
West Bengal,Vegetables,Onion,16-10-2024,-,637.8,Metric Tonnes,"4,349.37","4,462.84","4,583.70",Rs./Quintal
West Bengal,Vegetables,Potato,16-10-2024,-,"1,867.00",Metric Tonnes,"2,377.96","2,421.45","2,456.29",Rs./Quintal
West Bengal,Vegetables,Onion,17-10-2024,-,640.85,Metric Tonnes,"4,386.32","4,496.39","4,599.55",Rs./Quintal
West Bengal,Vegetables,Potato,17-10-2024,-,"2,005.20",Metric Tonnes,"2,381.71","2,421.35","2,456.23",Rs./Quintal
West Bengal,Vegetables,Onion,18-10-2024,-,620.6,Metric Tonnes,"4,362.92","4,483.20","4,589.37",Rs./Quintal
West Bengal,Vegetables,Potato,18-10-2024,-,"1,921.10",Metric Tonnes,"2,369.14","2,411.45","2,443.53",Rs./Quintal
West Bengal,Vegetables,Onion,19-10-2024,-,695.35,Metric Tonnes,"4,376.75","4,494.79","4,608.84",Rs./Quintal
West Bengal,Vegetables,Potato,19-10-2024,-,"2,197.40",Metric Tonnes,"2,370.38","2,409.07","2,441.32",Rs./Quintal
West Bengal,Vegetables,Onion,20-10-2024,-,537.65,Metric Tonnes,"4,364.79","4,469.46","4,577.16",Rs./Quintal
West Bengal,Vegetables,Potato,20-10-2024,-,"2,122.00",Metric Tonnes,"2,371.32","2,409.82","2,440.71",Rs./Quintal
West Bengal,Vegetables,Onion,21-10-2024,-,700.3,Metric Tonnes,"4,375.02","4,497.53","4,619.28",Rs./Quintal
West Bengal,Vegetables,Potato,21-10-2024,-,"2,168.60",Metric Tonnes,"2,376.46","2,411.66","2,441.51",Rs./Quintal
West Bengal,Vegetables,Onion,22-10-2024,-,730.4,Metric Tonnes,"4,391.61","4,513.45","4,634.54",Rs./Quintal
West Bengal,Vegetables,Potato,22-10-2024,-,"2,298.40",Metric Tonnes,"2,373.56","2,411.19","2,440.12",Rs./Quintal
West Bengal,Vegetables,Onion,23-10-2024,-,654.65,Metric Tonnes,"4,510.88","4,627.91","4,744.57",Rs./Quintal
West Bengal,Vegetables,Potato,23-10-2024,-,"2,258.20",Metric Tonnes,"2,356.29","2,399.23","2,448.81",Rs./Quintal
West Bengal,Vegetables,Onion,24-10-2024,-,722.93,Metric Tonnes,"4,546.72","4,663.42","4,785.40",Rs./Quintal
West Bengal,Vegetables,Potato,24-10-2024,-,"2,306.90",Metric Tonnes,"2,373.17","2,416.70","2,459.45",Rs./Quintal
West Bengal,Vegetables,Onion,25-10-2024,-,710.5,Metric Tonnes,"4,532.49","4,652.33","4,768.16",Rs./Quintal
West Bengal,Vegetables,Potato,25-10-2024,-,"2,279.10",Metric Tonnes,"2,372.44","2,412.72","2,462.68",Rs./Quintal
West Bengal,Vegetables,Onion,26-10-2024,-,638.2,Metric Tonnes,"4,567.87","4,701.54","4,833.12",Rs./Quintal
West Bengal,Vegetables,Potato,26-10-2024,-,"2,014.40",Metric Tonnes,"2,379.62","2,421.25","2,471.02",Rs./Quintal
West Bengal,Vegetables,Onion,27-10-2024,-,539.8,Metric Tonnes,"4,495.41","4,615.63","4,728.01",Rs./Quintal
West Bengal,Vegetables,Potato,27-10-2024,-,"2,172.10",Metric Tonnes,"2,391.78","2,434.16","2,477.58",Rs./Quintal
West Bengal,Vegetables,Onion,28-10-2024,-,842.5,Metric Tonnes,"4,616.23","4,824.59","4,974.78",Rs./Quintal
West Bengal,Vegetables,Potato,28-10-2024,-,"2,220.20",Metric Tonnes,"2,400.19","2,441.94","2,479.94",Rs./Quintal
West Bengal,Vegetables,Onion,29-10-2024,-,735.9,Metric Tonnes,"4,620.91","4,741.42","4,860.61",Rs./Quintal
West Bengal,Vegetables,Potato,29-10-2024,-,"2,314.80",Metric Tonnes,"2,435.07","2,484.86","2,531.82",Rs./Quintal
West Bengal,Vegetables,Onion,30-10-2024,-,645.05,Metric Tonnes,"4,653.93","4,782.89","4,896.04",Rs./Quintal
West Bengal,Vegetables,Potato,30-10-2024,-,"1,788.00",Metric Tonnes,"2,450.88","2,497.11","2,550.84",Rs./Quintal
West Bengal,Vegetables,Onion,31-10-2024,-,388.05,Metric Tonnes,"4,489.32","4,598.87","4,700.24",Rs./Quintal
West Bengal,Vegetables,Potato,31-10-2024,-,"1,482.20",Metric Tonnes,"2,421.13","2,471.03","2,532.47",Rs./Quintal
West Bengal,Vegetables,Onion,01-11-2024,-,510.5,Metric Tonnes,"4,555.62","4,680.32","4,793.95",Rs./Quintal
West Bengal,Vegetables,Potato,01-11-2024,-,"1,544.70",Metric Tonnes,"2,415.50","2,462.59","2,516.33",Rs./Quintal
West Bengal,Vegetables,Onion,02-11-2024,-,605.35,Metric Tonnes,"4,586.69","4,711.85","4,816.54",Rs./Quintal
West Bengal,Vegetables,Potato,02-11-2024,-,"1,809.60",Metric Tonnes,"2,436.31","2,482.26","2,531.58",Rs./Quintal
West Bengal,Vegetables,Onion,03-11-2024,-,488.75,Metric Tonnes,"4,533.74","4,652.40","4,760.84",Rs./Quintal
West Bengal,Vegetables,Potato,03-11-2024,-,"1,728.60",Metric Tonnes,"2,431.08","2,479.78","2,624.28",Rs./Quintal
West Bengal,Vegetables,Onion,04-11-2024,-,587.25,Metric Tonnes,"4,542.16","4,660.89","4,781.37",Rs./Quintal
West Bengal,Vegetables,Potato,04-11-2024,-,"1,924.00",Metric Tonnes,"2,425.03","2,472.36","2,511.80",Rs./Quintal
West Bengal,Vegetables,Onion,05-11-2024,-,714.55,Metric Tonnes,"4,551.11","4,673.31","4,786.08",Rs./Quintal
West Bengal,Vegetables,Potato,05-11-2024,-,"2,317.80",Metric Tonnes,"2,444.56","2,489.09","2,529.95",Rs./Quintal
West Bengal,Vegetables,Onion,06-11-2024,-,709.3,Metric Tonnes,"4,546.42","4,671.55","4,795.48",Rs./Quintal
West Bengal,Vegetables,Potato,06-11-2024,-,"2,378.70",Metric Tonnes,"2,435.43","2,485.17","2,526.23",Rs./Quintal
West Bengal,Vegetables,Onion,07-11-2024,-,566.35,Metric Tonnes,"4,557.36","4,678.42","4,804.26",Rs./Quintal
West Bengal,Vegetables,Potato,07-11-2024,-,"1,770.60",Metric Tonnes,"2,446.27","2,493.41","2,531.64",Rs./Quintal
West Bengal,Vegetables,Onion,08-11-2024,-,593.2,Metric Tonnes,"4,633.91","4,763.17","4,892.39",Rs./Quintal
West Bengal,Vegetables,Potato,08-11-2024,-,"1,814.10",Metric Tonnes,"2,445.75","2,509.96","2,560.80",Rs./Quintal
West Bengal,Vegetables,Onion,09-11-2024,-,600.05,Metric Tonnes,"4,837.34","4,956.15","5,058.82",Rs./Quintal
West Bengal,Vegetables,Potato,09-11-2024,-,"1,858.50",Metric Tonnes,"2,443.02","2,494.87","2,544.41",Rs./Quintal
West Bengal,Vegetables,Onion,10-11-2024,-,615.8,Metric Tonnes,"4,911.62","5,035.84","5,178.08",Rs./Quintal
West Bengal,Vegetables,Potato,10-11-2024,-,"2,041.80",Metric Tonnes,"2,465.83","2,514.95","2,550.80",Rs./Quintal
West Bengal,Vegetables,Onion,11-11-2024,-,793.25,Metric Tonnes,"5,288.95","5,446.15","5,604.46",Rs./Quintal
West Bengal,Vegetables,Potato,11-11-2024,-,"2,290.00",Metric Tonnes,"2,470.23","2,518.44","2,555.76",Rs./Quintal
West Bengal,Vegetables,Onion,12-11-2024,-,654.9,Metric Tonnes,"5,181.69","5,321.11","5,468.12",Rs./Quintal
West Bengal,Vegetables,Potato,12-11-2024,-,"2,266.40",Metric Tonnes,"2,485.07","2,531.16","2,568.08",Rs./Quintal
West Bengal,Vegetables,Onion,13-11-2024,-,656.4,Metric Tonnes,"5,224.48","5,390.43","5,547.15",Rs./Quintal
West Bengal,Vegetables,Potato,13-11-2024,-,"1,928.50",Metric Tonnes,"2,466.41","2,509.55","2,550.26",Rs./Quintal
West Bengal,Vegetables,Onion,14-11-2024,-,535.5,Metric Tonnes,"5,384.58","5,533.57","5,685.12",Rs./Quintal
West Bengal,Vegetables,Potato,14-11-2024,-,"1,440.60",Metric Tonnes,"2,495.90","2,532.90","2,676.42",Rs./Quintal
West Bengal,Vegetables,Onion,15-11-2024,-,806.05,Metric Tonnes,"4,634.98","4,757.30","4,879.15",Rs./Quintal
West Bengal,Vegetables,Potato,15-11-2024,-,"1,710.70",Metric Tonnes,"2,491.63","2,528.87","2,567.43",Rs./Quintal
West Bengal,Vegetables,Onion,16-11-2024,-,618.6,Metric Tonnes,"5,133.09","5,285.57","5,438.76",Rs./Quintal
West Bengal,Vegetables,Potato,16-11-2024,-,"1,703.20",Metric Tonnes,"2,497.43","2,539.63","2,581.12",Rs./Quintal
West Bengal,Vegetables,Onion,17-11-2024,-,518.65,Metric Tonnes,"5,117.40","5,248.69","5,374.29",Rs./Quintal
West Bengal,Vegetables,Potato,17-11-2024,-,"1,791.10",Metric Tonnes,"2,498.98","2,537.06","2,576.46",Rs./Quintal
West Bengal,Vegetables,Onion,18-11-2024,-,751,Metric Tonnes,"5,211.03","5,358.07","5,486.29",Rs./Quintal
West Bengal,Vegetables,Potato,18-11-2024,-,"2,014.30",Metric Tonnes,"2,492.06","2,529.79","2,563.54",Rs./Quintal
West Bengal,Vegetables,Onion,19-11-2024,-,782.7,Metric Tonnes,"5,223.14","5,386.92","5,542.40",Rs./Quintal
West Bengal,Vegetables,Potato,19-11-2024,-,"1,863.40",Metric Tonnes,"2,515.35","2,550.39","2,585.31",Rs./Quintal
West Bengal,Vegetables,Onion,20-11-2024,-,695.85,Metric Tonnes,"5,038.38","5,203.96","5,372.66",Rs./Quintal
West Bengal,Vegetables,Potato,20-11-2024,-,"1,941.90",Metric Tonnes,"2,523.98","2,559.09","2,591.18",Rs./Quintal
West Bengal,Vegetables,Onion,21-11-2024,-,676.85,Metric Tonnes,"4,972.78","5,138.42","5,302.50",Rs./Quintal
West Bengal,Vegetables,Potato,21-11-2024,-,"2,030.70",Metric Tonnes,"2,520.54","2,556.58","2,588.78",Rs./Quintal
West Bengal,Vegetables,Onion,22-11-2024,-,759.21,Metric Tonnes,"4,808.14","4,960.20","5,094.18",Rs./Quintal
West Bengal,Vegetables,Potato,22-11-2024,-,"2,190.50",Metric Tonnes,"2,508.82","2,550.25","2,590.90",Rs./Quintal
West Bengal,Vegetables,Onion,23-11-2024,-,690.72,Metric Tonnes,"4,649.69","4,780.39","4,906.98",Rs./Quintal
West Bengal,Vegetables,Potato,23-11-2024,-,"1,936.40",Metric Tonnes,"2,508.17","2,555.67","2,603.85",Rs./Quintal
West Bengal,Vegetables,Onion,24-11-2024,-,615.6,Metric Tonnes,"4,558.52","4,677.12","4,789.91",Rs./Quintal
West Bengal,Vegetables,Potato,24-11-2024,-,"1,980.00",Metric Tonnes,"2,510.92","2,560.87","2,609.14",Rs./Quintal
West Bengal,Vegetables,Onion,25-11-2024,-,799.4,Metric Tonnes,"4,574.12","4,706.15","4,826.64",Rs./Quintal
West Bengal,Vegetables,Potato,25-11-2024,-,"2,017.50",Metric Tonnes,"2,506.17","2,550.60","2,600.06",Rs./Quintal
West Bengal,Vegetables,Onion,26-11-2024,-,690.35,Metric Tonnes,"4,465.71","4,589.35","4,698.61",Rs./Quintal
West Bengal,Vegetables,Potato,26-11-2024,-,"1,967.70",Metric Tonnes,"2,533.99","2,575.76","2,621.87",Rs./Quintal
West Bengal,Vegetables,Onion,27-11-2024,-,730.05,Metric Tonnes,"4,398.72","4,517.42","4,633.66",Rs./Quintal
West Bengal,Vegetables,Potato,27-11-2024,-,"2,188.85",Metric Tonnes,"2,511.57","2,556.92","2,598.58",Rs./Quintal
West Bengal,Vegetables,Onion,28-11-2024,-,780.2,Metric Tonnes,"4,422.24","4,557.22","4,671.26",Rs./Quintal
West Bengal,Vegetables,Potato,28-11-2024,-,"2,179.60",Metric Tonnes,"2,512.85","2,555.41","2,592.85",Rs./Quintal
West Bengal,Vegetables,Onion,29-11-2024,-,738.8,Metric Tonnes,"4,339.27","4,478.84","4,610.50",Rs./Quintal
West Bengal,Vegetables,Potato,29-11-2024,-,"1,791.82",Metric Tonnes,"2,495.45","2,535.64","2,576.22",Rs./Quintal
West Bengal,Vegetables,Onion,30-11-2024,-,477.15,Metric Tonnes,"4,269.95","4,404.18","4,520.14",Rs./Quintal
West Bengal,Vegetables,Potato,30-11-2024,-,"1,614.30",Metric Tonnes,"2,492.23","2,533.12","2,579.72",Rs./Quintal
West Bengal,Vegetables,Onion,01-12-2024,-,"1,845.40",Metric Tonnes,"4,627.40","4,802.26","4,839.82",Rs./Quintal
West Bengal,Vegetables,Potato,01-12-2024,-,"3,051.00",Metric Tonnes,"2,684.71","2,725.15","2,753.56",Rs./Quintal
West Bengal,Vegetables,Onion,02-12-2024,-,761.94,Metric Tonnes,"4,279.80","4,425.90","4,574.18",Rs./Quintal
West Bengal,Vegetables,Potato,02-12-2024,-,"1,969.20",Metric Tonnes,"2,493.00","2,534.69","2,582.95",Rs./Quintal
West Bengal,Vegetables,Onion,03-12-2024,-,754.38,Metric Tonnes,"4,318.65","4,463.78","4,607.58",Rs./Quintal
West Bengal,Vegetables,Potato,03-12-2024,-,"2,050.00",Metric Tonnes,"2,515.06","2,558.29","2,604.33",Rs./Quintal
West Bengal,Vegetables,Onion,04-12-2024,-,722.55,Metric Tonnes,"4,306.09","4,431.72","4,537.30",Rs./Quintal
West Bengal,Vegetables,Potato,04-12-2024,-,"1,938.30",Metric Tonnes,"2,531.31","2,571.91","2,612.00",Rs./Quintal
West Bengal,Vegetables,Onion,05-12-2024,-,750.6,Metric Tonnes,"4,309.22","4,433.61","4,556.10",Rs./Quintal
West Bengal,Vegetables,Potato,05-12-2024,-,"2,301.20",Metric Tonnes,"2,524.04","2,564.48","2,599.33",Rs./Quintal
West Bengal,Vegetables,Onion,06-12-2024,-,850.16,Metric Tonnes,"4,299.81","4,414.87","4,524.53",Rs./Quintal
West Bengal,Vegetables,Potato,06-12-2024,-,"2,004.85",Metric Tonnes,"2,547.00","2,593.67","2,636.00",Rs./Quintal
West Bengal,Vegetables,Onion,07-12-2024,-,879.65,Metric Tonnes,"4,243.54","4,416.34","4,553.67",Rs./Quintal
West Bengal,Vegetables,Potato,07-12-2024,-,"2,120.30",Metric Tonnes,"2,582.43","2,623.19","2,659.05",Rs./Quintal
West Bengal,Vegetables,Onion,08-12-2024,-,525.35,Metric Tonnes,"4,229.81","4,346.69","4,454.67",Rs./Quintal
West Bengal,Vegetables,Potato,08-12-2024,-,"1,781.20",Metric Tonnes,"2,530.97","2,572.68","2,609.78",Rs./Quintal
West Bengal,Vegetables,Onion,09-12-2024,-,848.5,Metric Tonnes,"4,266.19","4,418.41","4,571.65",Rs./Quintal
West Bengal,Vegetables,Potato,09-12-2024,-,"2,048.20",Metric Tonnes,"2,549.61","2,591.95","2,628.07",Rs./Quintal
West Bengal,Vegetables,Onion,10-12-2024,-,773.1,Metric Tonnes,"4,219.82","4,348.88","4,470.66",Rs./Quintal
West Bengal,Vegetables,Potato,10-12-2024,-,"2,185.10",Metric Tonnes,"2,523.03","2,564.17","2,602.47",Rs./Quintal
West Bengal,Vegetables,Onion,11-12-2024,-,759.2,Metric Tonnes,"4,177.27","4,326.46","4,470.92",Rs./Quintal
West Bengal,Vegetables,Potato,11-12-2024,-,"2,140.70",Metric Tonnes,"2,506.94","2,548.19","2,585.10",Rs./Quintal
West Bengal,Vegetables,Onion,12-12-2024,-,822.2,Metric Tonnes,"4,145.24","4,308.34","4,428.72",Rs./Quintal
West Bengal,Vegetables,Potato,12-12-2024,-,"2,203.00",Metric Tonnes,"2,512.83","2,561.53","2,604.20",Rs./Quintal
West Bengal,Vegetables,Onion,13-12-2024,-,820.45,Metric Tonnes,"4,096.11","4,269.18","4,401.32",Rs./Quintal
West Bengal,Vegetables,Potato,13-12-2024,-,"2,146.50",Metric Tonnes,"2,504.76","2,549.30","2,589.86",Rs./Quintal
West Bengal,Vegetables,Onion,14-12-2024,-,750.95,Metric Tonnes,"4,059.98","4,207.98","4,320.95",Rs./Quintal
West Bengal,Vegetables,Potato,14-12-2024,-,"2,017.05",Metric Tonnes,"2,468.30","2,522.79","2,564.70",Rs./Quintal
West Bengal,Vegetables,Onion,15-12-2024,-,728.7,Metric Tonnes,"3,940.60","4,087.55","4,196.35",Rs./Quintal
West Bengal,Vegetables,Potato,15-12-2024,-,"1,965.40",Metric Tonnes,"2,464.13","2,519.11","2,560.59",Rs./Quintal
West Bengal,Vegetables,Onion,16-12-2024,-,921.65,Metric Tonnes,"3,940.41","4,074.61","4,216.90",Rs./Quintal
West Bengal,Vegetables,Potato,16-12-2024,-,"2,074.30",Metric Tonnes,"2,440.31","2,497.64","2,539.19",Rs./Quintal
West Bengal,Vegetables,Onion,17-12-2024,-,842.2,Metric Tonnes,"3,931.05","4,052.93","4,159.18",Rs./Quintal
West Bengal,Vegetables,Potato,17-12-2024,-,"2,162.40",Metric Tonnes,"2,429.16","2,483.89","2,523.38",Rs./Quintal
West Bengal,Vegetables,Onion,18-12-2024,-,811.05,Metric Tonnes,"3,854.23","3,965.07","4,082.53",Rs./Quintal
West Bengal,Vegetables,Potato,18-12-2024,-,"2,201.10",Metric Tonnes,"2,417.32","2,474.75","2,520.73",Rs./Quintal
West Bengal,Vegetables,Onion,19-12-2024,-,864.3,Metric Tonnes,"3,728.57","3,840.07","3,948.00",Rs./Quintal
West Bengal,Vegetables,Potato,19-12-2024,-,"2,220.30",Metric Tonnes,"2,519.16","2,580.20","2,625.81",Rs./Quintal
West Bengal,Vegetables,Onion,20-12-2024,-,831.45,Metric Tonnes,"3,763.85","3,886.67","4,005.30",Rs./Quintal
West Bengal,Vegetables,Potato,20-12-2024,-,"2,209.30",Metric Tonnes,"2,442.35","2,492.86","2,544.37",Rs./Quintal
West Bengal,Vegetables,Onion,21-12-2024,-,802.2,Metric Tonnes,"3,633.26","3,776.63","3,869.40",Rs./Quintal
West Bengal,Vegetables,Potato,21-12-2024,-,"2,224.60",Metric Tonnes,"2,362.03","2,410.85","2,457.47",Rs./Quintal
West Bengal,Vegetables,Onion,22-12-2024,-,669.9,Metric Tonnes,"3,589.55","3,731.96","3,820.23",Rs./Quintal
West Bengal,Vegetables,Potato,22-12-2024,-,"2,106.80",Metric Tonnes,"2,335.25","2,388.31","2,436.69",Rs./Quintal
West Bengal,Vegetables,Onion,23-12-2024,-,873.1,Metric Tonnes,"3,233.02","3,366.07","3,465.06",Rs./Quintal
West Bengal,Vegetables,Potato,23-12-2024,-,"2,206.90",Metric Tonnes,"2,303.42","2,363.58","2,416.92",Rs./Quintal
West Bengal,Vegetables,Onion,24-12-2024,-,945.35,Metric Tonnes,"3,008.32","3,125.79","3,223.48",Rs./Quintal
West Bengal,Vegetables,Potato,24-12-2024,-,"2,244.00",Metric Tonnes,"2,270.11","2,322.74","2,368.49",Rs./Quintal
West Bengal,Vegetables,Onion,25-12-2024,-,808,Metric Tonnes,"2,884.21","3,001.09","3,101.54",Rs./Quintal
West Bengal,Vegetables,Potato,25-12-2024,-,"1,640.50",Metric Tonnes,"2,207.77","2,262.89","2,320.38",Rs./Quintal
West Bengal,Vegetables,Onion,26-12-2024,-,766.3,Metric Tonnes,"2,766.40","2,879.41","3,058.89",Rs./Quintal
West Bengal,Vegetables,Potato,26-12-2024,-,"1,736.10",Metric Tonnes,"2,180.48","2,244.28","2,302.54",Rs./Quintal
West Bengal,Vegetables,Onion,27-12-2024,-,909.5,Metric Tonnes,"2,639.08","2,745.47","2,847.59",Rs./Quintal
West Bengal,Vegetables,Potato,27-12-2024,-,"2,215.60",Metric Tonnes,"2,141.22","2,198.36","2,250.21",Rs./Quintal
West Bengal,Vegetables,Onion,28-12-2024,-,799.65,Metric Tonnes,"2,650.08","2,756.95","2,865.75",Rs./Quintal
West Bengal,Vegetables,Potato,28-12-2024,-,"1,952.95",Metric Tonnes,"2,077.55","2,129.34","2,180.17",Rs./Quintal
West Bengal,Vegetables,Onion,29-12-2024,-,730.2,Metric Tonnes,"2,650.24","2,751.48","2,846.33",Rs./Quintal
West Bengal,Vegetables,Potato,29-12-2024,-,"1,973.00",Metric Tonnes,"2,069.57","2,124.84","2,174.39",Rs./Quintal
West Bengal,Vegetables,Onion,30-12-2024,-,946.7,Metric Tonnes,"2,559.78","2,678.35","2,768.43",Rs./Quintal
West Bengal,Vegetables,Potato,30-12-2024,-,"1,977.00",Metric Tonnes,"2,022.46","2,074.17","2,120.76",Rs./Quintal
West Bengal,Vegetables,Onion,31-12-2024,-,671.9,Metric Tonnes,"2,712.19","2,837.16","2,927.32",Rs./Quintal
West Bengal,Vegetables,Potato,31-12-2024,-,"1,983.00",Metric Tonnes,"2,041.31","2,100.20","2,152.83",Rs./Quintal
West Bengal,Vegetables,Onion,01-01-2025,-,652.55,Metric Tonnes,"2,746.53","2,873.50","2,972.62",Rs./Quintal
West Bengal,Vegetables,Potato,01-01-2025,-,"1,562.40",Metric Tonnes,"2,058.54","2,110.49","2,154.33",Rs./Quintal
West Bengal,Vegetables,Onion,02-01-2025,-,761.15,Metric Tonnes,"2,775.22","2,902.65","3,011.79",Rs./Quintal
West Bengal,Vegetables,Potato,02-01-2025,-,"2,076.00",Metric Tonnes,"2,032.88","2,089.20","2,138.98",Rs./Quintal
West Bengal,Vegetables,Onion,03-01-2025,-,803.75,Metric Tonnes,"2,701.64","2,803.49","2,915.54",Rs./Quintal
West Bengal,Vegetables,Potato,03-01-2025,-,"2,242.80",Metric Tonnes,"2,008.41","2,059.09","2,107.19",Rs./Quintal
West Bengal,Vegetables,Onion,04-01-2025,-,823,Metric Tonnes,"2,767.24","2,896.13","3,018.81",Rs./Quintal
West Bengal,Vegetables,Potato,04-01-2025,-,"2,117.60",Metric Tonnes,"1,968.97","2,022.84","2,068.20",Rs./Quintal
West Bengal,Vegetables,Onion,05-01-2025,-,739.35,Metric Tonnes,"2,694.00","2,797.78","2,902.80",Rs./Quintal
West Bengal,Vegetables,Potato,05-01-2025,-,"2,124.50",Metric Tonnes,"2,002.32","2,063.80","2,106.00",Rs./Quintal
West Bengal,Vegetables,Onion,06-01-2025,-,866.2,Metric Tonnes,"2,793.47","2,924.30","3,012.62",Rs./Quintal
West Bengal,Vegetables,Potato,06-01-2025,-,"2,078.00",Metric Tonnes,"1,943.55","1,996.33","2,038.31",Rs./Quintal
West Bengal,Vegetables,Onion,07-01-2025,-,888.25,Metric Tonnes,"2,821.47","2,960.05","3,069.22",Rs./Quintal
West Bengal,Vegetables,Potato,07-01-2025,-,"2,242.70",Metric Tonnes,"1,912.50","1,961.24","2,005.21",Rs./Quintal
West Bengal,Vegetables,Onion,08-01-2025,-,903.15,Metric Tonnes,"2,784.03","2,927.80","3,036.66",Rs./Quintal
West Bengal,Vegetables,Potato,08-01-2025,-,"2,215.70",Metric Tonnes,"1,905.55","1,957.44","2,002.81",Rs./Quintal
West Bengal,Vegetables,Onion,09-01-2025,-,935.55,Metric Tonnes,"2,770.65","2,903.79","3,024.11",Rs./Quintal
West Bengal,Vegetables,Potato,09-01-2025,-,"2,284.10",Metric Tonnes,"1,873.15","1,918.03","1,957.99",Rs./Quintal
West Bengal,Vegetables,Onion,10-01-2025,-,962.45,Metric Tonnes,"2,767.84","2,918.71","3,025.84",Rs./Quintal
West Bengal,Vegetables,Potato,10-01-2025,-,"2,220.30",Metric Tonnes,"1,853.03","1,901.59","1,944.97",Rs./Quintal
West Bengal,Vegetables,Onion,11-01-2025,-,828.85,Metric Tonnes,"2,774.63","2,919.49","3,030.70",Rs./Quintal
West Bengal,Vegetables,Potato,11-01-2025,-,"2,077.10",Metric Tonnes,"1,821.82","1,871.90","1,916.75",Rs./Quintal
West Bengal,Vegetables,Onion,12-01-2025,-,767.1,Metric Tonnes,"2,777.50","2,933.96","3,055.76",Rs./Quintal
West Bengal,Vegetables,Potato,12-01-2025,-,"2,161.00",Metric Tonnes,"1,789.47","1,842.60","1,889.45",Rs./Quintal
West Bengal,Vegetables,Onion,13-01-2025,-,935.35,Metric Tonnes,"2,760.74","2,903.40","3,007.11",Rs./Quintal
West Bengal,Vegetables,Potato,13-01-2025,-,"2,111.10",Metric Tonnes,"1,780.51","1,839.12","1,891.96",Rs./Quintal
West Bengal,Vegetables,Onion,14-01-2025,-,842.65,Metric Tonnes,"2,648.95","2,780.92","2,915.77",Rs./Quintal
West Bengal,Vegetables,Potato,14-01-2025,-,"2,167.20",Metric Tonnes,"1,732.70","1,790.88","1,844.62",Rs./Quintal
West Bengal,Vegetables,Onion,15-01-2025,-,707.95,Metric Tonnes,"2,579.30","2,738.54","2,871.56",Rs./Quintal
West Bengal,Vegetables,Potato,15-01-2025,-,"2,093.20",Metric Tonnes,"1,662.84","1,719.06","1,771.30",Rs./Quintal
West Bengal,Vegetables,Onion,16-01-2025,-,828.65,Metric Tonnes,"2,620.46","2,754.89","2,886.82",Rs./Quintal
West Bengal,Vegetables,Potato,16-01-2025,-,"2,238.10",Metric Tonnes,"1,542.04","1,599.19","1,656.94",Rs./Quintal
West Bengal,Vegetables,Onion,17-01-2025,-,789.5,Metric Tonnes,"2,616.75","2,747.86","2,870.56",Rs./Quintal
West Bengal,Vegetables,Potato,17-01-2025,-,"1,855.33",Metric Tonnes,"1,468.84","1,527.48","1,578.78",Rs./Quintal
West Bengal,Vegetables,Onion,18-01-2025,-,879.8,Metric Tonnes,"2,619.92","2,751.32","2,876.27",Rs./Quintal
West Bengal,Vegetables,Potato,18-01-2025,-,"2,203.30",Metric Tonnes,"1,437.33","1,496.98","1,549.85",Rs./Quintal
West Bengal,Vegetables,Onion,19-01-2025,-,806.25,Metric Tonnes,"2,572.11","2,715.73","2,833.56",Rs./Quintal
West Bengal,Vegetables,Potato,19-01-2025,-,"2,121.10",Metric Tonnes,"1,408.03","1,463.89","1,514.07",Rs./Quintal
West Bengal,Vegetables,Onion,20-01-2025,-,980.2,Metric Tonnes,"2,618.69","2,769.53","2,870.95",Rs./Quintal
West Bengal,Vegetables,Potato,20-01-2025,-,"2,128.60",Metric Tonnes,"1,375.43","1,443.29","1,493.20",Rs./Quintal
West Bengal,Vegetables,Onion,21-01-2025,-,942.8,Metric Tonnes,"2,613.21","2,768.26","2,865.09",Rs./Quintal
West Bengal,Vegetables,Potato,21-01-2025,-,"2,273.90",Metric Tonnes,"1,308.05","1,374.20","1,422.54",Rs./Quintal
West Bengal,Vegetables,Onion,22-01-2025,-,890.2,Metric Tonnes,"2,604.62","2,770.84","2,874.01",Rs./Quintal
West Bengal,Vegetables,Potato,22-01-2025,-,"2,335.90",Metric Tonnes,"1,278.58","1,345.93","1,392.15",Rs./Quintal
West Bengal,Vegetables,Onion,23-01-2025,-,742.95,Metric Tonnes,"2,594.70","2,758.26","2,864.99",Rs./Quintal
West Bengal,Vegetables,Potato,23-01-2025,-,"1,768.00",Metric Tonnes,"1,166.79","1,236.78","1,282.96",Rs./Quintal
West Bengal,Vegetables,Onion,24-01-2025,-,809.55,Metric Tonnes,"2,671.27","2,812.01","2,932.67",Rs./Quintal
West Bengal,Vegetables,Potato,24-01-2025,-,"2,176.40",Metric Tonnes,"1,205.12","1,266.91","1,312.97",Rs./Quintal
West Bengal,Vegetables,Onion,25-01-2025,-,734.3,Metric Tonnes,"2,695.49","2,830.10","2,924.61",Rs./Quintal
West Bengal,Vegetables,Potato,25-01-2025,-,"1,888.40",Metric Tonnes,"1,184.86","1,240.17","1,288.17",Rs./Quintal
West Bengal,Vegetables,Onion,26-01-2025,-,709.43,Metric Tonnes,"2,717.69","2,847.57","2,940.90",Rs./Quintal
West Bengal,Vegetables,Potato,26-01-2025,-,"1,850.70",Metric Tonnes,"1,174.54","1,236.41","1,283.53",Rs./Quintal
West Bengal,Vegetables,Onion,27-01-2025,-,972.55,Metric Tonnes,"2,751.35","2,896.90","3,002.49",Rs./Quintal
West Bengal,Vegetables,Potato,27-01-2025,-,"2,175.00",Metric Tonnes,"1,124.89","1,190.16","1,241.05",Rs./Quintal
West Bengal,Vegetables,Onion,28-01-2025,-,800.6,Metric Tonnes,"2,747.02","2,882.20","2,982.14",Rs./Quintal
West Bengal,Vegetables,Potato,28-01-2025,-,"1,943.95",Metric Tonnes,"1,174.21","1,232.66","1,282.61",Rs./Quintal
West Bengal,Vegetables,Onion,29-01-2025,-,994.45,Metric Tonnes,"2,679.86","2,802.57","2,902.98",Rs./Quintal
West Bengal,Vegetables,Potato,29-01-2025,-,"2,230.70",Metric Tonnes,"1,146.58","1,202.22","1,250.03",Rs./Quintal
West Bengal,Vegetables,Onion,30-01-2025,-,831.1,Metric Tonnes,"2,724.74","2,865.71","2,968.77",Rs./Quintal
West Bengal,Vegetables,Potato,30-01-2025,-,"1,961.50",Metric Tonnes,"1,143.54","1,195.39","1,240.29",Rs./Quintal
West Bengal,Vegetables,Onion,31-01-2025,-,709.45,Metric Tonnes,"2,657.23","2,810.41","2,918.14",Rs./Quintal
West Bengal,Vegetables,Potato,31-01-2025,-,"1,909.40",Metric Tonnes,"1,129.66","1,183.50","1,233.06",Rs./Quintal
West Bengal,Vegetables,Onion,01-02-2025,-,624.45,Metric Tonnes,"2,660.09","2,806.59","2,919.78",Rs./Quintal
West Bengal,Vegetables,Potato,01-02-2025,-,"1,433.30",Metric Tonnes,"1,196.11","1,256.67","1,309.80",Rs./Quintal
West Bengal,Vegetables,Onion,02-02-2025,-,591.55,Metric Tonnes,"2,683.29","2,816.94","2,928.53",Rs./Quintal
West Bengal,Vegetables,Potato,02-02-2025,-,"1,462.70",Metric Tonnes,"1,101.78","1,162.47","1,209.84",Rs./Quintal
West Bengal,Vegetables,Onion,03-02-2025,-,713.25,Metric Tonnes,"2,678.72","2,820.09","2,923.09",Rs./Quintal
West Bengal,Vegetables,Potato,03-02-2025,-,"1,817.45",Metric Tonnes,"1,094.09","1,156.92","1,206.85",Rs./Quintal
West Bengal,Vegetables,Onion,04-02-2025,-,884.65,Metric Tonnes,"2,640.56","2,759.47","2,876.69",Rs./Quintal
West Bengal,Vegetables,Potato,04-02-2025,-,"1,849.20",Metric Tonnes,"1,112.73","1,173.13","1,224.74",Rs./Quintal
West Bengal,Vegetables,Onion,05-02-2025,-,792.9,Metric Tonnes,"2,643.08","2,768.68","2,896.37",Rs./Quintal
West Bengal,Vegetables,Potato,05-02-2025,-,"2,017.60",Metric Tonnes,"1,068.01","1,112.18","1,146.79",Rs./Quintal
West Bengal,Vegetables,Onion,06-02-2025,-,830.85,Metric Tonnes,"2,624.05","2,745.61","2,873.46",Rs./Quintal
West Bengal,Vegetables,Potato,06-02-2025,-,"2,077.20",Metric Tonnes,"1,049.78","1,092.32","1,130.01",Rs./Quintal
West Bengal,Vegetables,Onion,07-02-2025,-,775,Metric Tonnes,"2,553.84","2,703.47","2,822.57",Rs./Quintal
West Bengal,Vegetables,Potato,07-02-2025,-,"1,944.65",Metric Tonnes,"1,020.19","1,062.08","1,100.52",Rs./Quintal
West Bengal,Vegetables,Onion,08-02-2025,-,767.55,Metric Tonnes,"2,558.99","2,687.39","2,810.22",Rs./Quintal
West Bengal,Vegetables,Potato,08-02-2025,-,"1,910.15",Metric Tonnes,"1,005.40","1,046.97","1,081.51",Rs./Quintal
West Bengal,Vegetables,Onion,09-02-2025,-,779.1,Metric Tonnes,"2,465.43","2,589.09","2,696.71",Rs./Quintal
West Bengal,Vegetables,Potato,09-02-2025,-,"1,876.00",Metric Tonnes,"1,001.47","1,040.06","1,074.17",Rs./Quintal
West Bengal,Vegetables,Onion,10-02-2025,-,828.2,Metric Tonnes,"2,519.18","2,634.18","2,734.17",Rs./Quintal
West Bengal,Vegetables,Potato,10-02-2025,-,"2,037.55",Metric Tonnes,990.35,"1,032.32","1,066.38",Rs./Quintal
West Bengal,Vegetables,Onion,11-02-2025,-,796.45,Metric Tonnes,"2,671.52","2,798.99","2,894.14",Rs./Quintal
West Bengal,Vegetables,Potato,11-02-2025,-,"2,130.15",Metric Tonnes,"1,079.11","1,121.50","1,158.07",Rs./Quintal
West Bengal,Vegetables,Onion,12-02-2025,-,930.15,Metric Tonnes,"2,579.33","2,702.61","2,814.70",Rs./Quintal
West Bengal,Vegetables,Potato,12-02-2025,-,"2,058.50",Metric Tonnes,972.79,"1,021.56","1,055.35",Rs./Quintal
West Bengal,Vegetables,Onion,13-02-2025,-,833,Metric Tonnes,"2,726.09","2,867.13","2,987.52",Rs./Quintal
West Bengal,Vegetables,Potato,13-02-2025,-,"1,872.10",Metric Tonnes,956.8,995.91,"1,028.45",Rs./Quintal
West Bengal,Vegetables,Onion,14-02-2025,-,907.55,Metric Tonnes,"2,632.20","2,771.55","2,907.95",Rs./Quintal
West Bengal,Vegetables,Potato,14-02-2025,-,"2,030.40",Metric Tonnes,960.88,"1,002.78","1,033.63",Rs./Quintal
West Bengal,Vegetables,Onion,15-02-2025,-,818.2,Metric Tonnes,"2,822.80","2,951.81","3,054.33",Rs./Quintal
West Bengal,Vegetables,Potato,15-02-2025,-,"1,911.10",Metric Tonnes,958.16,"1,001.79","1,038.58",Rs./Quintal
West Bengal,Vegetables,Onion,16-02-2025,-,883.55,Metric Tonnes,"2,729.27","2,859.96","2,996.88",Rs./Quintal
West Bengal,Vegetables,Potato,16-02-2025,-,"1,953.10",Metric Tonnes,966.23,"1,001.48","1,034.00",Rs./Quintal
West Bengal,Vegetables,Onion,17-02-2025,-,921.92,Metric Tonnes,"2,857.01","2,982.70","3,096.10",Rs./Quintal
West Bengal,Vegetables,Potato,17-02-2025,-,"2,135.30",Metric Tonnes,919.01,956.38,995.88,Rs./Quintal
West Bengal,Vegetables,Onion,18-02-2025,-,900.6,Metric Tonnes,"2,914.29","3,053.35","3,174.58",Rs./Quintal
West Bengal,Vegetables,Potato,18-02-2025,-,"2,050.15",Metric Tonnes,909.52,947.48,981.51,Rs./Quintal
West Bengal,Vegetables,Onion,19-02-2025,-,851.8,Metric Tonnes,"2,881.94","3,020.11","3,140.81",Rs./Quintal
West Bengal,Vegetables,Potato,19-02-2025,-,"2,038.60",Metric Tonnes,898.45,933.4,963.82,Rs./Quintal
West Bengal,Vegetables,Onion,20-02-2025,-,861.4,Metric Tonnes,"2,688.12","2,825.01","2,950.61",Rs./Quintal
West Bengal,Vegetables,Potato,20-02-2025,-,"2,083.30",Metric Tonnes,881.94,916.42,950.33,Rs./Quintal
West Bengal,Vegetables,Onion,21-02-2025,-,906,Metric Tonnes,"2,746.05","2,885.77","3,012.95",Rs./Quintal
West Bengal,Vegetables,Potato,21-02-2025,-,"2,116.10",Metric Tonnes,880.77,915.3,941.86,Rs./Quintal
West Bengal,Vegetables,Onion,22-02-2025,-,837.6,Metric Tonnes,"2,667.99","2,804.33","2,943.55",Rs./Quintal
West Bengal,Vegetables,Potato,22-02-2025,-,"2,063.60",Metric Tonnes,874.29,909.33,941.9,Rs./Quintal
West Bengal,Vegetables,Onion,23-02-2025,-,756.03,Metric Tonnes,"2,721.99","2,832.48","2,925.28",Rs./Quintal
West Bengal,Vegetables,Potato,23-02-2025,-,"1,946.50",Metric Tonnes,881.12,917.26,954.65,Rs./Quintal
West Bengal,Vegetables,Onion,24-02-2025,-,977.4,Metric Tonnes,"2,765.55","2,906.99","3,016.75",Rs./Quintal
West Bengal,Vegetables,Potato,24-02-2025,-,"2,105.65",Metric Tonnes,867.04,904.01,941.92,Rs./Quintal
West Bengal,Vegetables,Onion,25-02-2025,-,853.2,Metric Tonnes,"2,660.57","2,775.22","2,871.84",Rs./Quintal
West Bengal,Vegetables,Potato,25-02-2025,-,"1,926.60",Metric Tonnes,882.78,914.34,943.88,Rs./Quintal
West Bengal,Vegetables,Onion,26-02-2025,-,771.45,Metric Tonnes,"2,615.00","2,763.55","2,898.92",Rs./Quintal
West Bengal,Vegetables,Potato,26-02-2025,-,"1,628.30",Metric Tonnes,880.88,909.54,937.3,Rs./Quintal
West Bengal,Vegetables,Onion,27-02-2025,-,884.75,Metric Tonnes,"2,553.77","2,712.31","2,837.56",Rs./Quintal
West Bengal,Vegetables,Potato,27-02-2025,-,"2,077.10",Metric Tonnes,872.01,918.5,951.11,Rs./Quintal
West Bengal,Vegetables,Onion,28-02-2025,-,806.35,Metric Tonnes,"2,624.02","2,741.01","2,843.10",Rs./Quintal
West Bengal,Vegetables,Potato,28-02-2025,-,"1,903.70",Metric Tonnes,895.43,929.18,951.73,Rs./Quintal
West Bengal,Vegetables,Onion,01-03-2025,-,807.25,Metric Tonnes,"2,587.90","2,721.29","2,829.95",Rs./Quintal
West Bengal,Vegetables,Potato,01-03-2025,-,"2,070.80",Metric Tonnes,888.22,918.72,945.53,Rs./Quintal
West Bengal,Vegetables,Onion,02-03-2025,-,781,Metric Tonnes,"2,597.32","2,714.28","2,825.55",Rs./Quintal
West Bengal,Vegetables,Potato,02-03-2025,-,"1,879.95",Metric Tonnes,921.32,955.69,984.72,Rs./Quintal
West Bengal,Vegetables,Onion,03-03-2025,-,898.88,Metric Tonnes,"2,590.58","2,713.56","2,813.73",Rs./Quintal
West Bengal,Vegetables,Potato,03-03-2025,-,"2,036.00",Metric Tonnes,919.2,955.3,986.44,Rs./Quintal
West Bengal,Vegetables,Onion,04-03-2025,-,773.5,Metric Tonnes,"2,569.28","2,682.39","2,798.11",Rs./Quintal
West Bengal,Vegetables,Potato,04-03-2025,-,"1,867.50",Metric Tonnes,938.87,974.76,"1,003.16",Rs./Quintal
West Bengal,Vegetables,Onion,05-03-2025,-,850.28,Metric Tonnes,"2,596.13","2,729.20","2,846.21",Rs./Quintal
West Bengal,Vegetables,Potato,05-03-2025,-,"2,048.50",Metric Tonnes,949.71,990.94,"1,022.28",Rs./Quintal
West Bengal,Vegetables,Onion,06-03-2025,-,632.1,Metric Tonnes,"2,519.30","2,652.82","2,788.57",Rs./Quintal
West Bengal,Vegetables,Potato,06-03-2025,-,"1,744.80",Metric Tonnes,934.2,974.14,"1,007.43",Rs./Quintal
West Bengal,Vegetables,Onion,07-03-2025,-,880.95,Metric Tonnes,"2,499.72","2,620.04","2,729.13",Rs./Quintal
West Bengal,Vegetables,Potato,07-03-2025,-,"2,125.70",Metric Tonnes,949.08,995.45,"1,027.67",Rs./Quintal
West Bengal,Vegetables,Onion,08-03-2025,-,802.1,Metric Tonnes,"2,341.88","2,470.98","2,570.03",Rs./Quintal
West Bengal,Vegetables,Potato,08-03-2025,-,"1,967.60",Metric Tonnes,945.86,987.92,"1,018.87",Rs./Quintal
West Bengal,Vegetables,Onion,09-03-2025,-,770.83,Metric Tonnes,"2,427.62","2,536.36","2,643.87",Rs./Quintal
West Bengal,Vegetables,Potato,09-03-2025,-,"2,015.80",Metric Tonnes,941.77,980.78,"1,013.04",Rs./Quintal
West Bengal,Vegetables,Onion,10-03-2025,-,821.48,Metric Tonnes,"2,430.60","2,551.80","2,662.51",Rs./Quintal
West Bengal,Vegetables,Potato,10-03-2025,-,"2,199.50",Metric Tonnes,957.64,991.27,"1,023.32",Rs./Quintal
West Bengal,Vegetables,Onion,11-03-2025,-,777.36,Metric Tonnes,"2,353.56","2,481.37","2,599.17",Rs./Quintal
West Bengal,Vegetables,Potato,11-03-2025,-,"1,970.40",Metric Tonnes,951.76,986.14,"1,016.96",Rs./Quintal
West Bengal,Vegetables,Onion,12-03-2025,-,822.78,Metric Tonnes,"2,366.38","2,503.62","2,618.17",Rs./Quintal
West Bengal,Vegetables,Potato,12-03-2025,-,"2,023.70",Metric Tonnes,970.15,"1,003.36","1,033.13",Rs./Quintal
West Bengal,Vegetables,Onion,13-03-2025,-,857.48,Metric Tonnes,"2,389.89","2,513.76","2,620.40",Rs./Quintal
West Bengal,Vegetables,Potato,13-03-2025,-,"1,982.70",Metric Tonnes,956.52,991.37,"1,019.70",Rs./Quintal
West Bengal,Vegetables,Onion,14-03-2025,-,632.6,Metric Tonnes,"2,344.04","2,457.53","2,569.93",Rs./Quintal
West Bengal,Vegetables,Potato,14-03-2025,-,"1,506.30",Metric Tonnes,976.94,"1,011.14","1,044.70",Rs./Quintal
West Bengal,Vegetables,Onion,15-03-2025,-,605.75,Metric Tonnes,"2,170.07","2,314.15","2,427.27",Rs./Quintal
West Bengal,Vegetables,Potato,15-03-2025,-,"1,670.80",Metric Tonnes,963.43,998.62,"1,036.13",Rs./Quintal
West Bengal,Vegetables,Onion,16-03-2025,-,802.95,Metric Tonnes,"2,281.92","2,422.20","2,538.72",Rs./Quintal
West Bengal,Vegetables,Potato,16-03-2025,-,"1,884.40",Metric Tonnes,977.8,"1,008.12","1,033.84",Rs./Quintal
West Bengal,Vegetables,Onion,17-03-2025,-,798.63,Metric Tonnes,"2,248.59","2,373.37","2,477.26",Rs./Quintal
West Bengal,Vegetables,Potato,17-03-2025,-,"2,118.60",Metric Tonnes,986.36,"1,018.77","1,049.68",Rs./Quintal
West Bengal,Vegetables,Onion,18-03-2025,-,901.45,Metric Tonnes,"2,143.64","2,267.59","2,360.30",Rs./Quintal
West Bengal,Vegetables,Potato,18-03-2025,-,"2,033.80",Metric Tonnes,977.5,"1,008.83","1,036.38",Rs./Quintal
West Bengal,Vegetables,Onion,19-03-2025,-,883.26,Metric Tonnes,"2,153.13","2,270.44","2,363.27",Rs./Quintal
West Bengal,Vegetables,Potato,19-03-2025,-,"1,922.90",Metric Tonnes,"1,002.77","1,036.56","1,064.35",Rs./Quintal
West Bengal,Vegetables,Onion,20-03-2025,-,757.4,Metric Tonnes,"2,187.61","2,303.38","2,427.54",Rs./Quintal
West Bengal,Vegetables,Potato,20-03-2025,-,"1,819.90",Metric Tonnes,999.57,"1,032.31","1,064.98",Rs./Quintal
West Bengal,Vegetables,Onion,21-03-2025,-,888.81,Metric Tonnes,"2,111.90","2,244.77","2,359.48",Rs./Quintal
West Bengal,Vegetables,Potato,21-03-2025,-,"2,071.20",Metric Tonnes,"1,003.16","1,033.38","1,062.47",Rs./Quintal
West Bengal,Vegetables,Onion,22-03-2025,-,841.36,Metric Tonnes,"2,125.34","2,237.37","2,347.55",Rs./Quintal
West Bengal,Vegetables,Potato,22-03-2025,-,"1,985.90",Metric Tonnes,"1,000.87","1,042.02","1,071.27",Rs./Quintal
West Bengal,Vegetables,Onion,23-03-2025,-,776.86,Metric Tonnes,"2,104.92","2,225.41","2,325.84",Rs./Quintal
West Bengal,Vegetables,Potato,23-03-2025,-,"1,913.20",Metric Tonnes,989.29,"1,025.68","1,052.72",Rs./Quintal
West Bengal,Vegetables,Onion,24-03-2025,-,893.27,Metric Tonnes,"1,963.96","2,074.55","2,183.56",Rs./Quintal
West Bengal,Vegetables,Potato,24-03-2025,-,"1,964.20",Metric Tonnes,989.71,"1,020.66","1,046.83",Rs./Quintal
West Bengal,Vegetables,Onion,25-03-2025,-,884.87,Metric Tonnes,"2,007.99","2,131.89","2,236.88",Rs./Quintal
West Bengal,Vegetables,Potato,25-03-2025,-,"1,684.90",Metric Tonnes,"1,000.15","1,031.11","1,057.42",Rs./Quintal
West Bengal,Vegetables,Onion,26-03-2025,-,756,Metric Tonnes,"1,983.15","2,093.44","2,218.20",Rs./Quintal
West Bengal,Vegetables,Potato,26-03-2025,-,"1,812.10",Metric Tonnes,998.61,"1,028.01","1,055.03",Rs./Quintal
West Bengal,Vegetables,Onion,27-03-2025,-,648.61,Metric Tonnes,"1,947.05","2,062.23","2,146.20",Rs./Quintal
West Bengal,Vegetables,Potato,27-03-2025,-,"1,540.70",Metric Tonnes,"1,061.68","1,102.36","1,133.74",Rs./Quintal
West Bengal,Vegetables,Onion,28-03-2025,-,800.02,Metric Tonnes,"1,932.84","2,029.92","2,120.38",Rs./Quintal
West Bengal,Vegetables,Potato,28-03-2025,-,"1,810.50",Metric Tonnes,993.47,"1,027.08","1,054.19",Rs./Quintal
West Bengal,Vegetables,Onion,29-03-2025,-,670.56,Metric Tonnes,"1,923.31","2,040.24","2,136.55",Rs./Quintal
West Bengal,Vegetables,Potato,29-03-2025,-,"1,678.30",Metric Tonnes,974.16,"1,010.06","1,038.41",Rs./Quintal
West Bengal,Vegetables,Onion,30-03-2025,-,557.4,Metric Tonnes,"1,877.67","1,971.17","2,053.53",Rs./Quintal
West Bengal,Vegetables,Potato,30-03-2025,-,"1,399.40",Metric Tonnes,983.04,"1,017.92","1,047.58",Rs./Quintal
West Bengal,Vegetables,Onion,31-03-2025,-,517.03,Metric Tonnes,"1,892.52","2,003.33","2,094.93",Rs./Quintal
West Bengal,Vegetables,Potato,31-03-2025,-,"1,190.10",Metric Tonnes,963.38,997.55,"1,024.55",Rs./Quintal
West Bengal,Vegetables,Onion,01-04-2025,-,725.36,Metric Tonnes,"1,917.09","2,046.80","2,136.05",Rs./Quintal
West Bengal,Vegetables,Potato,01-04-2025,-,"1,666.40",Metric Tonnes,993.67,"1,029.03","1,056.50",Rs./Quintal
West Bengal,Vegetables,Onion,02-04-2025,-,750.83,Metric Tonnes,"1,876.90","1,997.83","2,078.80",Rs./Quintal
West Bengal,Vegetables,Potato,02-04-2025,-,"1,704.80",Metric Tonnes,"1,013.77","1,050.23","1,077.91",Rs./Quintal
West Bengal,Vegetables,Onion,03-04-2025,-,911.05,Metric Tonnes,"1,889.81","2,048.99","2,162.12",Rs./Quintal
West Bengal,Vegetables,Potato,03-04-2025,-,"1,983.90",Metric Tonnes,"1,014.90","1,050.66","1,081.49",Rs./Quintal
West Bengal,Vegetables,Onion,04-04-2025,-,826.38,Metric Tonnes,"1,838.57","2,002.25","2,115.62",Rs./Quintal
West Bengal,Vegetables,Potato,04-04-2025,-,"1,959.10",Metric Tonnes,"1,048.37","1,079.33","1,108.30",Rs./Quintal
West Bengal,Vegetables,Onion,05-04-2025,-,785.9,Metric Tonnes,"1,835.47","2,006.41","2,117.16",Rs./Quintal
West Bengal,Vegetables,Potato,05-04-2025,-,"1,785.10",Metric Tonnes,"1,062.26","1,095.48","1,124.42",Rs./Quintal
West Bengal,Vegetables,Onion,06-04-2025,-,791.05,Metric Tonnes,"1,867.63","2,024.82","2,124.02",Rs./Quintal
West Bengal,Vegetables,Potato,06-04-2025,-,"1,735.60",Metric Tonnes,"1,058.30","1,092.37","1,124.33",Rs./Quintal
West Bengal,Vegetables,Onion,07-04-2025,-,924.84,Metric Tonnes,"1,876.58","2,011.46","2,111.85",Rs./Quintal
West Bengal,Vegetables,Potato,07-04-2025,-,"1,994.00",Metric Tonnes,"1,068.90","1,101.96","1,134.53",Rs./Quintal
West Bengal,Vegetables,Onion,08-04-2025,-,925.75,Metric Tonnes,"1,875.72","1,996.28","2,111.71",Rs./Quintal
West Bengal,Vegetables,Potato,08-04-2025,-,"1,812.10",Metric Tonnes,"1,066.98","1,101.71","1,132.71",Rs./Quintal
West Bengal,Vegetables,Onion,09-04-2025,-,819.78,Metric Tonnes,"1,923.26","2,057.82","2,168.21",Rs./Quintal
West Bengal,Vegetables,Potato,09-04-2025,-,"1,727.10",Metric Tonnes,"1,099.08","1,132.52","1,172.82",Rs./Quintal
West Bengal,Vegetables,Onion,10-04-2025,-,707.77,Metric Tonnes,"1,908.38","2,050.90","2,164.47",Rs./Quintal
West Bengal,Vegetables,Potato,10-04-2025,-,"1,526.18",Metric Tonnes,"1,086.89","1,123.19","1,164.34",Rs./Quintal
West Bengal,Vegetables,Onion,11-04-2025,-,788.17,Metric Tonnes,"1,864.17","1,972.40","2,087.73",Rs./Quintal
West Bengal,Vegetables,Potato,11-04-2025,-,"1,620.70",Metric Tonnes,"1,096.64","1,129.30","1,167.57",Rs./Quintal
West Bengal,Vegetables,Onion,12-04-2025,-,797.9,Metric Tonnes,"1,879.19","1,983.70","2,107.15",Rs./Quintal
West Bengal,Vegetables,Potato,12-04-2025,-,"1,685.10",Metric Tonnes,"1,100.13","1,133.00","1,172.21",Rs./Quintal
West Bengal,Vegetables,Onion,13-04-2025,-,727.77,Metric Tonnes,"1,878.76","2,007.83","2,115.83",Rs./Quintal
West Bengal,Vegetables,Potato,13-04-2025,-,"1,546.00",Metric Tonnes,"1,107.18","1,140.09","1,180.80",Rs./Quintal
West Bengal,Vegetables,Onion,14-04-2025,-,890.85,Metric Tonnes,"1,827.13","1,963.14","2,062.67",Rs./Quintal
West Bengal,Vegetables,Potato,14-04-2025,-,"1,513.00",Metric Tonnes,"1,082.88","1,113.95","1,152.53",Rs./Quintal
West Bengal,Vegetables,Onion,15-04-2025,-,819.2,Metric Tonnes,"1,956.70","2,069.20","2,169.41",Rs./Quintal
West Bengal,Vegetables,Potato,15-04-2025,-,"1,751.90",Metric Tonnes,"1,107.12","1,142.28","1,182.90",Rs./Quintal
West Bengal,Vegetables,Onion,16-04-2025,-,859.13,Metric Tonnes,"1,838.53","1,953.28","2,062.69",Rs./Quintal
West Bengal,Vegetables,Potato,16-04-2025,-,"1,713.20",Metric Tonnes,"1,088.41","1,125.25","1,165.82",Rs./Quintal
West Bengal,Vegetables,Onion,17-04-2025,-,851.06,Metric Tonnes,"1,853.64","1,957.42","2,061.05",Rs./Quintal
West Bengal,Vegetables,Potato,17-04-2025,-,"1,734.80",Metric Tonnes,"1,092.96","1,131.19","1,171.15",Rs./Quintal
West Bengal,Vegetables,Onion,18-04-2025,-,752.55,Metric Tonnes,"1,842.46","1,950.95","2,037.61",Rs./Quintal
West Bengal,Vegetables,Potato,18-04-2025,-,"1,446.50",Metric Tonnes,"1,088.47","1,126.30","1,168.58",Rs./Quintal
West Bengal,Vegetables,Onion,19-04-2025,-,732.05,Metric Tonnes,"1,791.52","1,885.77","1,973.94",Rs./Quintal
West Bengal,Vegetables,Potato,19-04-2025,-,"1,618.60",Metric Tonnes,"1,141.32","1,174.51","1,213.06",Rs./Quintal
West Bengal,Vegetables,Onion,20-04-2025,-,734.1,Metric Tonnes,"1,817.87","1,913.66","2,023.00",Rs./Quintal
West Bengal,Vegetables,Potato,20-04-2025,-,"1,711.80",Metric Tonnes,"1,139.28","1,172.75","1,209.18",Rs./Quintal
West Bengal,Vegetables,Onion,21-04-2025,-,922.76,Metric Tonnes,"1,742.22","1,834.56","1,926.46",Rs./Quintal
West Bengal,Vegetables,Potato,21-04-2025,-,"1,832.10",Metric Tonnes,"1,141.95","1,177.38","1,215.62",Rs./Quintal
West Bengal,Vegetables,Onion,22-04-2025,-,873.39,Metric Tonnes,"1,750.63","1,852.28","1,968.30",Rs./Quintal
West Bengal,Vegetables,Potato,22-04-2025,-,"1,929.80",Metric Tonnes,"1,140.14","1,183.15","1,219.42",Rs./Quintal
West Bengal,Vegetables,Onion,23-04-2025,-,880.37,Metric Tonnes,"1,734.53","1,849.43","1,959.96",Rs./Quintal
West Bengal,Vegetables,Potato,23-04-2025,-,"1,905.10",Metric Tonnes,"1,153.01","1,193.25","1,231.70",Rs./Quintal
West Bengal,Vegetables,Onion,24-04-2025,-,876.01,Metric Tonnes,"1,716.61","1,824.00","1,937.15",Rs./Quintal
West Bengal,Vegetables,Potato,24-04-2025,-,"1,951.80",Metric Tonnes,"1,177.92","1,217.58","1,256.84",Rs./Quintal
West Bengal,Vegetables,Onion,25-04-2025,-,866.51,Metric Tonnes,"1,721.01","1,825.64","1,915.53",Rs./Quintal
West Bengal,Vegetables,Potato,25-04-2025,-,"1,878.30",Metric Tonnes,"1,153.32","1,193.53","1,232.83",Rs./Quintal
West Bengal,Vegetables,Onion,26-04-2025,-,799.09,Metric Tonnes,"1,711.38","1,816.65","1,909.45",Rs./Quintal
West Bengal,Vegetables,Potato,26-04-2025,-,"1,747.40",Metric Tonnes,"1,148.42","1,198.44","1,239.64",Rs./Quintal
West Bengal,Vegetables,Onion,27-04-2025,-,780.22,Metric Tonnes,"1,713.87","1,825.51","1,934.44",Rs./Quintal
West Bengal,Vegetables,Potato,27-04-2025,-,"1,716.40",Metric Tonnes,"1,165.37","1,204.18","1,245.88",Rs./Quintal
West Bengal,Vegetables,Onion,28-04-2025,-,953.5,Metric Tonnes,"1,679.51","1,790.13","1,884.50",Rs./Quintal
West Bengal,Vegetables,Potato,28-04-2025,-,"1,815.25",Metric Tonnes,"1,176.32","1,218.21","1,255.58",Rs./Quintal
West Bengal,Vegetables,Onion,29-04-2025,-,963.52,Metric Tonnes,"1,636.88","1,755.44","1,860.07",Rs./Quintal
West Bengal,Vegetables,Potato,29-04-2025,-,"1,702.30",Metric Tonnes,"1,155.57","1,197.85","1,234.10",Rs./Quintal
West Bengal,Vegetables,Onion,30-04-2025,-,697.15,Metric Tonnes,"1,665.61","1,777.59","1,892.19",Rs./Quintal
West Bengal,Vegetables,Potato,30-04-2025,-,"1,623.00",Metric Tonnes,"1,209.53","1,249.22","1,285.48",Rs./Quintal
West Bengal,Vegetables,Onion,01-05-2025,-,691.15,Metric Tonnes,"1,652.63","1,767.79","1,889.24",Rs./Quintal
West Bengal,Vegetables,Potato,01-05-2025,-,"1,685.10",Metric Tonnes,"1,171.65","1,216.92","1,254.73",Rs./Quintal
West Bengal,Vegetables,Onion,02-05-2025,-,887.8,Metric Tonnes,"1,646.17","1,765.05","1,863.71",Rs./Quintal
West Bengal,Vegetables,Potato,02-05-2025,-,"1,620.70",Metric Tonnes,"1,196.29","1,240.31","1,277.17",Rs./Quintal
West Bengal,Vegetables,Onion,03-05-2025,-,866.9,Metric Tonnes,"1,643.47","1,761.60","1,858.77",Rs./Quintal
West Bengal,Vegetables,Potato,03-05-2025,-,"1,952.80",Metric Tonnes,"1,186.80","1,227.48","1,264.27",Rs./Quintal
West Bengal,Vegetables,Onion,04-05-2025,-,723.85,Metric Tonnes,"1,651.71","1,756.16","1,849.81",Rs./Quintal
West Bengal,Vegetables,Potato,04-05-2025,-,"1,671.30",Metric Tonnes,"1,221.73","1,265.78","1,304.48",Rs./Quintal
West Bengal,Vegetables,Onion,05-05-2025,-,963.02,Metric Tonnes,"1,639.46","1,746.29","1,844.08",Rs./Quintal
West Bengal,Vegetables,Potato,05-05-2025,-,"1,837.20",Metric Tonnes,"1,246.16","1,288.88","1,328.61",Rs./Quintal
West Bengal,Vegetables,Onion,06-05-2025,-,849.85,Metric Tonnes,"1,638.37","1,755.09","1,852.90",Rs./Quintal
West Bengal,Vegetables,Potato,06-05-2025,-,"1,836.70",Metric Tonnes,"1,247.27","1,293.74","1,331.31",Rs./Quintal
West Bengal,Vegetables,Onion,07-05-2025,-,935.37,Metric Tonnes,"1,616.27","1,731.63","1,823.68",Rs./Quintal
West Bengal,Vegetables,Potato,07-05-2025,-,"1,788.60",Metric Tonnes,"1,238.91","1,287.70","1,324.98",Rs./Quintal
West Bengal,Vegetables,Onion,08-05-2025,-,862.87,Metric Tonnes,"1,661.47","1,779.66","1,879.38",Rs./Quintal
West Bengal,Vegetables,Potato,08-05-2025,-,"1,645.20",Metric Tonnes,"1,286.57","1,331.04","1,369.06",Rs./Quintal
West Bengal,Vegetables,Onion,09-05-2025,-,742.12,Metric Tonnes,"1,672.73","1,789.57","1,892.87",Rs./Quintal
West Bengal,Vegetables,Potato,09-05-2025,-,"1,689.20",Metric Tonnes,"1,281.59","1,325.76","1,366.90",Rs./Quintal
West Bengal,Vegetables,Onion,10-05-2025,-,723.18,Metric Tonnes,"1,601.75","1,699.32","1,778.24",Rs./Quintal
West Bengal,Vegetables,Potato,10-05-2025,-,"1,605.20",Metric Tonnes,"1,292.11","1,339.53","1,383.55",Rs./Quintal
West Bengal,Vegetables,Onion,11-05-2025,-,704.84,Metric Tonnes,"1,619.45","1,727.16","1,823.71",Rs./Quintal
West Bengal,Vegetables,Potato,11-05-2025,-,"1,598.00",Metric Tonnes,"1,284.69","1,330.50","1,369.16",Rs./Quintal
West Bengal,Vegetables,Onion,12-05-2025,-,893.88,Metric Tonnes,"1,582.13","1,691.57","1,786.33",Rs./Quintal
West Bengal,Vegetables,Potato,12-05-2025,-,"1,733.60",Metric Tonnes,"1,285.78","1,328.39","1,415.22",Rs./Quintal
West Bengal,Vegetables,Onion,13-05-2025,-,786.39,Metric Tonnes,"1,577.58","1,677.86","1,752.95",Rs./Quintal
West Bengal,Vegetables,Potato,13-05-2025,-,"1,585.80",Metric Tonnes,"1,284.69","1,320.82","1,352.28",Rs./Quintal
West Bengal,Vegetables,Onion,14-05-2025,-,851.31,Metric Tonnes,"1,631.32","1,731.31","1,825.85",Rs./Quintal
West Bengal,Vegetables,Potato,14-05-2025,-,"1,791.00",Metric Tonnes,"1,291.71","1,332.53","1,369.54",Rs./Quintal
West Bengal,Vegetables,Onion,15-05-2025,-,"1,003.35",Metric Tonnes,"1,627.44","1,732.22","1,828.94",Rs./Quintal
West Bengal,Vegetables,Potato,15-05-2025,-,"1,875.50",Metric Tonnes,"1,334.39","1,377.75","1,417.20",Rs./Quintal
West Bengal,Vegetables,Onion,16-05-2025,-,938.49,Metric Tonnes,"1,633.23","1,725.67","1,808.27",Rs./Quintal
West Bengal,Vegetables,Potato,16-05-2025,-,"1,775.45",Metric Tonnes,"1,298.23","1,342.02","1,380.42",Rs./Quintal
West Bengal,Vegetables,Onion,17-05-2025,-,997.53,Metric Tonnes,"1,605.67","1,708.89","1,786.18",Rs./Quintal
West Bengal,Vegetables,Potato,17-05-2025,-,"2,840.10",Metric Tonnes,"1,376.00","1,439.09","1,540.75",Rs./Quintal
West Bengal,Vegetables,Onion,18-05-2025,-,715.31,Metric Tonnes,"1,612.77","1,713.15","1,810.97",Rs./Quintal
West Bengal,Vegetables,Potato,18-05-2025,-,"1,659.40",Metric Tonnes,"1,314.98","1,363.47","1,405.83",Rs./Quintal
West Bengal,Vegetables,Onion,19-05-2025,-,826.03,Metric Tonnes,"1,629.44","1,755.55","1,832.60",Rs./Quintal
West Bengal,Vegetables,Potato,19-05-2025,-,"1,813.55",Metric Tonnes,"1,319.92","1,367.83","1,406.82",Rs./Quintal
West Bengal,Vegetables,Onion,20-05-2025,-,"1,026.13",Metric Tonnes,"1,597.93","1,717.04","1,787.38",Rs./Quintal
West Bengal,Vegetables,Potato,20-05-2025,-,"1,902.70",Metric Tonnes,"1,354.51","1,398.22","1,436.91",Rs./Quintal
West Bengal,Vegetables,Onion,21-05-2025,-,851.01,Metric Tonnes,"1,625.71","1,735.25","1,825.97",Rs./Quintal
West Bengal,Vegetables,Potato,21-05-2025,-,"1,863.10",Metric Tonnes,"1,322.94","1,366.15","1,403.19",Rs./Quintal
West Bengal,Vegetables,Onion,22-05-2025,-,856.23,Metric Tonnes,"1,610.30","1,730.69","1,814.38",Rs./Quintal
West Bengal,Vegetables,Potato,22-05-2025,-,"1,868.40",Metric Tonnes,"1,329.50","1,371.94","1,408.02",Rs./Quintal
West Bengal,Vegetables,Onion,23-05-2025,-,930.11,Metric Tonnes,"1,598.57","1,684.59","1,775.52",Rs./Quintal
West Bengal,Vegetables,Potato,23-05-2025,-,"1,840.60",Metric Tonnes,"1,311.01","1,346.65","1,374.26",Rs./Quintal
West Bengal,Vegetables,Onion,24-05-2025,-,861.94,Metric Tonnes,"1,610.75","1,704.99","1,792.20",Rs./Quintal
West Bengal,Vegetables,Potato,24-05-2025,-,"1,597.00",Metric Tonnes,"1,318.58","1,353.58","1,380.24",Rs./Quintal
West Bengal,Vegetables,Onion,25-05-2025,-,752.9,Metric Tonnes,"1,616.43","1,709.27","1,778.20",Rs./Quintal
West Bengal,Vegetables,Potato,25-05-2025,-,"1,534.20",Metric Tonnes,"1,321.87","1,360.23","1,390.38",Rs./Quintal
West Bengal,Vegetables,Onion,26-05-2025,-,769.04,Metric Tonnes,"1,587.02","1,707.96","1,791.68",Rs./Quintal
West Bengal,Vegetables,Potato,26-05-2025,-,"1,681.60",Metric Tonnes,"1,312.30","1,345.62","1,374.84",Rs./Quintal
West Bengal,Vegetables,Onion,27-05-2025,-,909.08,Metric Tonnes,"1,557.63","1,658.29","1,728.31",Rs./Quintal
West Bengal,Vegetables,Potato,27-05-2025,-,"1,761.20",Metric Tonnes,"1,330.09","1,359.71","1,386.35",Rs./Quintal
West Bengal,Vegetables,Onion,28-05-2025,-,845.62,Metric Tonnes,"1,566.19","1,677.67","1,750.15",Rs./Quintal
West Bengal,Vegetables,Potato,28-05-2025,-,"1,718.20",Metric Tonnes,"1,352.33","1,387.30","1,415.45",Rs./Quintal
West Bengal,Vegetables,Onion,29-05-2025,-,834.74,Metric Tonnes,"1,561.40","1,657.32","1,744.75",Rs./Quintal
West Bengal,Vegetables,Potato,29-05-2025,-,"1,550.20",Metric Tonnes,"1,313.58","1,343.34","1,369.87",Rs./Quintal
West Bengal,Vegetables,Onion,30-05-2025,-,841.71,Metric Tonnes,"1,567.05","1,686.81","1,758.14",Rs./Quintal
West Bengal,Vegetables,Potato,30-05-2025,-,"1,530.10",Metric Tonnes,"1,313.17","1,344.43","1,372.27",Rs./Quintal
West Bengal,Vegetables,Onion,31-05-2025,-,641.52,Metric Tonnes,"1,630.00","1,750.05","1,861.07",Rs./Quintal
West Bengal,Vegetables,Potato,31-05-2025,-,924.6,Metric Tonnes,"1,287.93","1,318.56","1,350.83",Rs./Quintal
West Bengal,Vegetables,Onion,01-06-2025,-,704.61,Metric Tonnes,"1,613.21","1,729.20","1,798.48",Rs./Quintal
West Bengal,Vegetables,Potato,01-06-2025,-,"1,436.60",Metric Tonnes,"1,332.88","1,366.82","1,396.85",Rs./Quintal
West Bengal,Vegetables,Onion,02-06-2025,-,930.25,Metric Tonnes,"1,618.13","1,725.45","1,799.59",Rs./Quintal
West Bengal,Vegetables,Potato,02-06-2025,-,"1,781.30",Metric Tonnes,"1,325.35","1,356.79","1,390.34",Rs./Quintal
West Bengal,Vegetables,Onion,03-06-2025,-,837.39,Metric Tonnes,"1,639.84","1,756.16","1,827.53",Rs./Quintal
West Bengal,Vegetables,Potato,03-06-2025,-,"1,657.90",Metric Tonnes,"1,342.56","1,376.04","1,403.03",Rs./Quintal
West Bengal,Vegetables,Onion,04-06-2025,-,960.7,Metric Tonnes,"1,576.11","1,683.27","1,771.77",Rs./Quintal
West Bengal,Vegetables,Potato,04-06-2025,-,"1,759.00",Metric Tonnes,"1,326.90","1,358.62","1,386.61",Rs./Quintal
West Bengal,Vegetables,Onion,05-06-2025,-,794.55,Metric Tonnes,"1,578.90","1,689.60","1,753.09",Rs./Quintal
West Bengal,Vegetables,Potato,05-06-2025,-,"1,686.00",Metric Tonnes,"1,340.74","1,372.34","1,397.50",Rs./Quintal
West Bengal,Vegetables,Onion,06-06-2025,-,852.47,Metric Tonnes,"1,564.78","1,690.87","1,775.06",Rs./Quintal
West Bengal,Vegetables,Potato,06-06-2025,-,"1,515.70",Metric Tonnes,"1,300.95","1,331.15","1,363.75",Rs./Quintal
West Bengal,Vegetables,Onion,07-06-2025,-,696,Metric Tonnes,"1,557.14","1,689.65","1,777.85",Rs./Quintal
West Bengal,Vegetables,Potato,07-06-2025,-,"1,491.90",Metric Tonnes,"1,312.16","1,340.32","1,365.46",Rs./Quintal
West Bengal,Vegetables,Onion,08-06-2025,-,743.15,Metric Tonnes,"1,564.12","1,665.41","1,735.14",Rs./Quintal
West Bengal,Vegetables,Potato,08-06-2025,-,"1,530.20",Metric Tonnes,"1,324.13","1,355.86","1,380.76",Rs./Quintal
West Bengal,Vegetables,Onion,09-06-2025,-,880.05,Metric Tonnes,"1,581.86","1,684.69","1,762.63",Rs./Quintal
West Bengal,Vegetables,Potato,09-06-2025,-,"1,629.50",Metric Tonnes,"1,324.45","1,352.71","1,377.87",Rs./Quintal
West Bengal,Vegetables,Onion,10-06-2025,-,843.08,Metric Tonnes,"1,569.74","1,679.51","1,764.27",Rs./Quintal
West Bengal,Vegetables,Potato,10-06-2025,-,"1,755.60",Metric Tonnes,"1,316.66","1,346.25","1,374.47",Rs./Quintal
West Bengal,Vegetables,Onion,11-06-2025,-,779.41,Metric Tonnes,"1,566.72","1,679.42","1,753.69",Rs./Quintal
West Bengal,Vegetables,Potato,11-06-2025,-,"1,510.95",Metric Tonnes,"1,318.25","1,346.88","1,373.14",Rs./Quintal
West Bengal,Vegetables,Onion,12-06-2025,-,807.48,Metric Tonnes,"1,626.28","1,744.48","1,819.79",Rs./Quintal
West Bengal,Vegetables,Potato,12-06-2025,-,"1,513.90",Metric Tonnes,"1,325.04","1,358.07","1,385.74",Rs./Quintal
West Bengal,Vegetables,Onion,13-06-2025,-,908.09,Metric Tonnes,"1,621.23","1,752.75","1,848.81",Rs./Quintal
West Bengal,Vegetables,Potato,13-06-2025,-,"1,762.30",Metric Tonnes,"1,347.54","1,382.29","1,407.98",Rs./Quintal
West Bengal,Vegetables,Onion,14-06-2025,-,838.18,Metric Tonnes,"1,630.27","1,767.55","1,874.28",Rs./Quintal
West Bengal,Vegetables,Potato,14-06-2025,-,"1,631.40",Metric Tonnes,"1,305.95","1,338.30","1,363.82",Rs./Quintal
West Bengal,Vegetables,Onion,15-06-2025,-,533.1,Metric Tonnes,"1,656.14","1,742.22","1,822.17",Rs./Quintal
West Bengal,Vegetables,Potato,15-06-2025,-,"1,325.50",Metric Tonnes,"1,294.83","1,327.09","1,356.30",Rs./Quintal
West Bengal,Vegetables,Onion,16-06-2025,-,838.57,Metric Tonnes,"1,692.82","1,821.87","1,906.04",Rs./Quintal
West Bengal,Vegetables,Potato,16-06-2025,-,"1,717.10",Metric Tonnes,"1,308.77","1,339.68","1,367.32",Rs./Quintal
West Bengal,Vegetables,Onion,17-06-2025,-,863.63,Metric Tonnes,"1,684.63","1,819.44","1,910.61",Rs./Quintal
West Bengal,Vegetables,Potato,17-06-2025,-,"1,672.40",Metric Tonnes,"1,342.61","1,441.81","1,465.77",Rs./Quintal
West Bengal,Vegetables,Onion,18-06-2025,-,676.01,Metric Tonnes,"1,803.83","1,920.03","2,009.17",Rs./Quintal
West Bengal,Vegetables,Potato,18-06-2025,-,"1,464.60",Metric Tonnes,"1,298.13","1,329.19","1,354.14",Rs./Quintal
West Bengal,Vegetables,Onion,19-06-2025,-,840,Metric Tonnes,"1,730.77","1,847.58","1,934.71",Rs./Quintal
West Bengal,Vegetables,Potato,19-06-2025,-,"1,698.40",Metric Tonnes,"1,309.38","1,340.31","1,368.15",Rs./Quintal
West Bengal,Vegetables,Onion,20-06-2025,-,831.4,Metric Tonnes,"1,736.23","1,841.82","1,935.21",Rs./Quintal
West Bengal,Vegetables,Potato,20-06-2025,-,"1,674.90",Metric Tonnes,"1,308.26","1,340.70","1,369.77",Rs./Quintal
West Bengal,Vegetables,Onion,21-06-2025,-,753.97,Metric Tonnes,"1,766.66","1,880.38","1,959.75",Rs./Quintal
West Bengal,Vegetables,Potato,21-06-2025,-,"1,535.30",Metric Tonnes,"1,324.36","1,352.06","1,374.32",Rs./Quintal
West Bengal,Vegetables,Onion,22-06-2025,-,664.27,Metric Tonnes,"1,759.42","1,865.62","1,934.98",Rs./Quintal
West Bengal,Vegetables,Potato,22-06-2025,-,"1,495.30",Metric Tonnes,"1,321.86","1,351.17","1,376.83",Rs./Quintal
West Bengal,Vegetables,Onion,23-06-2025,-,759.33,Metric Tonnes,"1,841.77","1,956.70","2,036.66",Rs./Quintal
West Bengal,Vegetables,Potato,23-06-2025,-,"1,593.40",Metric Tonnes,"1,310.85","1,341.56","1,368.15",Rs./Quintal
West Bengal,Vegetables,Onion,24-06-2025,-,833.99,Metric Tonnes,"1,798.04","1,921.84","2,004.59",Rs./Quintal
West Bengal,Vegetables,Potato,24-06-2025,-,"1,667.80",Metric Tonnes,"1,284.17","1,312.77","1,344.96",Rs./Quintal
West Bengal,Vegetables,Onion,25-06-2025,-,659.27,Metric Tonnes,"1,671.60","1,812.22","1,878.81",Rs./Quintal
West Bengal,Vegetables,Potato,25-06-2025,-,"1,448.20",Metric Tonnes,"1,284.92","1,316.69","1,348.93",Rs./Quintal
West Bengal,Vegetables,Onion,26-06-2025,-,772.78,Metric Tonnes,"1,793.13","1,920.37","1,995.34",Rs./Quintal
West Bengal,Vegetables,Potato,26-06-2025,-,"1,528.80",Metric Tonnes,"1,330.44","1,367.17","1,400.73",Rs./Quintal
West Bengal,Vegetables,Onion,27-06-2025,-,568.31,Metric Tonnes,"1,829.45","1,943.74","2,018.46",Rs./Quintal
West Bengal,Vegetables,Potato,27-06-2025,-,"1,318.90",Metric Tonnes,"1,321.99","1,354.07","1,379.92",Rs./Quintal
West Bengal,Vegetables,Onion,28-06-2025,-,555.11,Metric Tonnes,"1,732.66","1,887.17","1,964.48",Rs./Quintal
West Bengal,Vegetables,Potato,28-06-2025,-,"1,349.85",Metric Tonnes,"1,284.89","1,312.23","1,343.13",Rs./Quintal
West Bengal,Vegetables,Onion,29-06-2025,-,514.1,Metric Tonnes,"1,725.48","1,886.96","1,969.66",Rs./Quintal
West Bengal,Vegetables,Potato,29-06-2025,-,"1,264.20",Metric Tonnes,"1,335.18","1,370.61","1,401.77",Rs./Quintal
West Bengal,Vegetables,Onion,30-06-2025,-,703.05,Metric Tonnes,"1,847.03","1,954.53","2,017.52",Rs./Quintal
West Bengal,Vegetables,Potato,30-06-2025,-,"1,644.80",Metric Tonnes,"1,296.80","1,328.77","1,359.38",Rs./Quintal
West Bengal,Vegetables,Onion,01-07-2025,-,755.45,Metric Tonnes,"1,872.11","1,978.48","2,055.90",Rs./Quintal
West Bengal,Vegetables,Potato,01-07-2025,-,"1,790.00",Metric Tonnes,"1,290.26","1,324.50","1,357.81",Rs./Quintal
West Bengal,Vegetables,Onion,02-07-2025,-,609.2,Metric Tonnes,"1,876.96","1,992.12","2,096.46",Rs./Quintal
West Bengal,Vegetables,Potato,02-07-2025,-,"1,386.30",Metric Tonnes,"1,270.15","1,300.67","1,332.37",Rs./Quintal
West Bengal,Vegetables,Onion,03-07-2025,-,780.07,Metric Tonnes,"1,881.40","1,993.53","2,077.90",Rs./Quintal
West Bengal,Vegetables,Potato,03-07-2025,-,"1,851.10",Metric Tonnes,"1,280.65","1,310.94","1,343.80",Rs./Quintal
West Bengal,Vegetables,Onion,04-07-2025,-,819.91,Metric Tonnes,"1,815.12","1,946.53","2,034.43",Rs./Quintal
West Bengal,Vegetables,Potato,04-07-2025,-,"1,812.20",Metric Tonnes,"1,321.30","1,358.31","1,391.59",Rs./Quintal
West Bengal,Vegetables,Onion,05-07-2025,-,567.72,Metric Tonnes,"1,863.86","2,013.86","2,092.01",Rs./Quintal
West Bengal,Vegetables,Potato,05-07-2025,-,"1,462.10",Metric Tonnes,"1,274.73","1,305.69","1,337.65",Rs./Quintal
West Bengal,Vegetables,Onion,06-07-2025,-,555.82,Metric Tonnes,"1,888.42","2,037.46","2,127.50",Rs./Quintal
West Bengal,Vegetables,Potato,06-07-2025,-,"1,456.80",Metric Tonnes,"1,320.12","1,357.13","1,390.55",Rs./Quintal
West Bengal,Vegetables,Onion,07-07-2025,-,698.19,Metric Tonnes,"1,955.09","2,048.01","2,134.80",Rs./Quintal
West Bengal,Vegetables,Potato,07-07-2025,-,"1,664.60",Metric Tonnes,"1,283.47","1,312.26","1,346.96",Rs./Quintal
West Bengal,Vegetables,Onion,08-07-2025,-,769.19,Metric Tonnes,"1,864.33","1,958.58","2,037.04",Rs./Quintal
West Bengal,Vegetables,Potato,08-07-2025,-,"1,717.60",Metric Tonnes,"1,320.21","1,350.70","1,377.43",Rs./Quintal
West Bengal,Vegetables,Onion,09-07-2025,-,793.13,Metric Tonnes,"1,914.93","2,009.90","2,101.26",Rs./Quintal
West Bengal,Vegetables,Potato,09-07-2025,-,"1,765.55",Metric Tonnes,"1,281.69","1,309.10","1,340.66",Rs./Quintal
West Bengal,Vegetables,Onion,10-07-2025,-,836.95,Metric Tonnes,"1,878.35","1,990.97","2,081.04",Rs./Quintal
West Bengal,Vegetables,Potato,10-07-2025,-,"1,709.40",Metric Tonnes,"1,269.63","1,300.97","1,332.46",Rs./Quintal
West Bengal,Vegetables,Onion,11-07-2025,-,708.74,Metric Tonnes,"1,942.13","2,035.55","2,119.69",Rs./Quintal
West Bengal,Vegetables,Potato,11-07-2025,-,"1,740.40",Metric Tonnes,"1,271.01","1,299.46","1,327.93",Rs./Quintal
West Bengal,Vegetables,Onion,12-07-2025,-,759.94,Metric Tonnes,"1,897.65","1,992.57","2,071.74",Rs./Quintal
West Bengal,Vegetables,Potato,12-07-2025,-,"1,891.20",Metric Tonnes,"1,289.63","1,318.54","1,347.23",Rs./Quintal
West Bengal,Vegetables,Onion,13-07-2025,-,658.45,Metric Tonnes,"1,924.68","2,015.84","2,092.86",Rs./Quintal
West Bengal,Vegetables,Potato,13-07-2025,-,"1,695.45",Metric Tonnes,"1,264.25","1,292.24","1,322.18",Rs./Quintal
West Bengal,Vegetables,Onion,14-07-2025,-,792.22,Metric Tonnes,"1,880.01","1,978.85","2,068.27",Rs./Quintal
West Bengal,Vegetables,Potato,14-07-2025,-,"1,846.20",Metric Tonnes,"1,238.89","1,266.85","1,297.28",Rs./Quintal
West Bengal,Vegetables,Onion,15-07-2025,-,743.65,Metric Tonnes,"1,930.74","2,022.64","2,102.69",Rs./Quintal
West Bengal,Vegetables,Potato,15-07-2025,-,"1,920.45",Metric Tonnes,"1,288.88","1,319.12","1,349.22",Rs./Quintal
West Bengal,Vegetables,Onion,16-07-2025,-,679.59,Metric Tonnes,"1,939.13","2,030.72","2,110.40",Rs./Quintal
West Bengal,Vegetables,Potato,16-07-2025,-,"1,761.10",Metric Tonnes,"1,241.76","1,268.68","1,295.26",Rs./Quintal
West Bengal,Vegetables,Onion,17-07-2025,-,785.26,Metric Tonnes,"1,920.68","2,012.49","2,089.73",Rs./Quintal
West Bengal,Vegetables,Potato,17-07-2025,-,"1,811.05",Metric Tonnes,"1,354.98","1,387.93","1,415.83",Rs./Quintal
West Bengal,Vegetables,Onion,18-07-2025,-,729.96,Metric Tonnes,"1,837.39","1,968.29","2,048.00",Rs./Quintal
West Bengal,Vegetables,Potato,18-07-2025,-,"1,823.40",Metric Tonnes,"1,272.17","1,300.81","1,326.98",Rs./Quintal
West Bengal,Vegetables,Onion,19-07-2025,-,585.64,Metric Tonnes,"1,902.20","1,992.93","2,092.91",Rs./Quintal
West Bengal,Vegetables,Potato,19-07-2025,-,"1,363.20",Metric Tonnes,"1,199.31","1,225.65","1,250.31",Rs./Quintal
West Bengal,Vegetables,Onion,20-07-2025,-,631.78,Metric Tonnes,"1,956.42","2,050.30","2,127.90",Rs./Quintal
West Bengal,Vegetables,Potato,20-07-2025,-,"1,504.30",Metric Tonnes,"1,223.57","1,248.43","1,272.24",Rs./Quintal
West Bengal,Vegetables,Onion,21-07-2025,-,861.6,Metric Tonnes,"1,826.83","1,955.80","2,040.61",Rs./Quintal
West Bengal,Vegetables,Potato,21-07-2025,-,"1,821.60",Metric Tonnes,"1,237.39","1,261.15","1,284.36",Rs./Quintal
West Bengal,Vegetables,Onion,22-07-2025,-,710.24,Metric Tonnes,"1,893.36","1,992.10","2,071.08",Rs./Quintal
West Bengal,Vegetables,Potato,22-07-2025,-,"1,627.80",Metric Tonnes,"1,231.12","1,257.34","1,283.98",Rs./Quintal
West Bengal,Vegetables,Onion,23-07-2025,-,924.71,Metric Tonnes,"1,897.57","1,988.08","2,068.44",Rs./Quintal
West Bengal,Vegetables,Potato,23-07-2025,-,"1,797.10",Metric Tonnes,"1,205.20","1,230.38","1,256.03",Rs./Quintal
West Bengal,Vegetables,Onion,24-07-2025,-,839.58,Metric Tonnes,"1,821.16","1,913.97","1,989.97",Rs./Quintal
West Bengal,Vegetables,Potato,24-07-2025,-,"1,814.70",Metric Tonnes,"1,212.58","1,238.98","1,263.09",Rs./Quintal
West Bengal,Vegetables,Onion,25-07-2025,-,700.73,Metric Tonnes,"1,924.50","2,015.98","2,094.44",Rs./Quintal
West Bengal,Vegetables,Potato,25-07-2025,-,"1,664.90",Metric Tonnes,"1,238.42","1,270.15","1,301.57",Rs./Quintal
West Bengal,Vegetables,Onion,26-07-2025,-,784.98,Metric Tonnes,"1,886.69","1,976.02","2,053.68",Rs./Quintal
West Bengal,Vegetables,Potato,26-07-2025,-,"1,582.70",Metric Tonnes,"1,191.91","1,219.76","1,244.55",Rs./Quintal
West Bengal,Vegetables,Onion,27-07-2025,-,707.02,Metric Tonnes,"1,805.51","1,933.10","2,023.24",Rs./Quintal
West Bengal,Vegetables,Potato,27-07-2025,-,"1,452.80",Metric Tonnes,"1,199.32","1,228.40","1,257.47",Rs./Quintal
West Bengal,Vegetables,Onion,28-07-2025,-,714.21,Metric Tonnes,"1,804.70","1,923.42","2,019.85",Rs./Quintal
West Bengal,Vegetables,Potato,28-07-2025,-,"1,583.40",Metric Tonnes,"1,167.40","1,200.11","1,226.83",Rs./Quintal
West Bengal,Vegetables,Onion,29-07-2025,-,926.1,Metric Tonnes,"1,774.17","1,896.29","1,982.83",Rs./Quintal
West Bengal,Vegetables,Potato,29-07-2025,-,"1,740.00",Metric Tonnes,"1,161.28","1,189.70","1,215.36",Rs./Quintal
West Bengal,Vegetables,Onion,30-07-2025,-,767.57,Metric Tonnes,"1,764.21","1,896.01","1,982.62",Rs./Quintal
West Bengal,Vegetables,Potato,30-07-2025,-,"1,731.10",Metric Tonnes,"1,149.08","1,178.47","1,205.11",Rs./Quintal
West Bengal,Vegetables,Onion,31-07-2025,-,633.72,Metric Tonnes,"1,761.46","1,869.24","1,974.41",Rs./Quintal
West Bengal,Vegetables,Potato,31-07-2025,-,"1,461.60",Metric Tonnes,"1,144.72","1,178.69","1,214.87",Rs./Quintal
West Bengal,Vegetables,Onion,01-08-2025,-,675.49,Metric Tonnes,"1,827.78","1,916.95","1,993.40",Rs./Quintal
West Bengal,Vegetables,Potato,01-08-2025,-,"1,550.20",Metric Tonnes,"1,163.37","1,201.71","1,234.80",Rs./Quintal
West Bengal,Vegetables,Onion,02-08-2025,-,735.37,Metric Tonnes,"1,739.10","1,849.28","1,952.25",Rs./Quintal
West Bengal,Vegetables,Potato,02-08-2025,-,"1,404.60",Metric Tonnes,"1,157.80","1,192.51","1,220.02",Rs./Quintal
West Bengal,Vegetables,Onion,03-08-2025,-,740.81,Metric Tonnes,"1,748.32","1,853.65","1,962.90",Rs./Quintal
West Bengal,Vegetables,Potato,03-08-2025,-,"1,364.45",Metric Tonnes,"1,163.97","1,197.96","1,224.46",Rs./Quintal
West Bengal,Vegetables,Onion,04-08-2025,-,880.77,Metric Tonnes,"1,754.34","1,857.35","1,969.80",Rs./Quintal
West Bengal,Vegetables,Potato,04-08-2025,-,"1,705.80",Metric Tonnes,"1,181.90","1,210.83","1,238.69",Rs./Quintal
West Bengal,Vegetables,Onion,05-08-2025,-,738.19,Metric Tonnes,"1,811.92","1,901.47","1,987.47",Rs./Quintal
West Bengal,Vegetables,Potato,05-08-2025,-,"1,587.60",Metric Tonnes,"1,176.42","1,210.91","1,242.40",Rs./Quintal
West Bengal,Vegetables,Onion,06-08-2025,-,782.95,Metric Tonnes,"1,809.90","1,909.55","1,987.06",Rs./Quintal
West Bengal,Vegetables,Potato,06-08-2025,-,"1,641.00",Metric Tonnes,"1,177.51","1,210.45","1,241.41",Rs./Quintal
West Bengal,Vegetables,Onion,07-08-2025,-,721.46,Metric Tonnes,"1,815.05","1,909.05","1,990.54",Rs./Quintal
West Bengal,Vegetables,Potato,07-08-2025,-,"1,463.50",Metric Tonnes,"1,170.79","1,206.85","1,237.15",Rs./Quintal
West Bengal,Vegetables,Onion,08-08-2025,-,886.42,Metric Tonnes,"1,799.16","1,904.86","2,012.39",Rs./Quintal
West Bengal,Vegetables,Potato,08-08-2025,-,"1,549.90",Metric Tonnes,"1,178.04","1,210.14","1,239.53",Rs./Quintal
West Bengal,Vegetables,Onion,09-08-2025,-,653.03,Metric Tonnes,"1,827.27","1,926.66","2,006.69",Rs./Quintal
West Bengal,Vegetables,Potato,09-08-2025,-,"1,597.20",Metric Tonnes,"1,173.91","1,205.04","1,231.70",Rs./Quintal
West Bengal,Vegetables,Onion,10-08-2025,-,672.8,Metric Tonnes,"1,798.19","1,905.37","2,016.47",Rs./Quintal
West Bengal,Vegetables,Potato,10-08-2025,-,"1,469.35",Metric Tonnes,"1,198.67","1,231.49","1,267.65",Rs./Quintal
West Bengal,Vegetables,Onion,11-08-2025,-,932.96,Metric Tonnes,"1,813.80","1,905.89","2,012.38",Rs./Quintal
West Bengal,Vegetables,Potato,11-08-2025,-,"1,575.10",Metric Tonnes,"1,177.91","1,205.48","1,231.07",Rs./Quintal
West Bengal,Vegetables,Onion,12-08-2025,-,836.89,Metric Tonnes,"1,787.61","1,888.35","1,990.64",Rs./Quintal
West Bengal,Vegetables,Potato,12-08-2025,-,"1,593.20",Metric Tonnes,"1,212.10","1,245.87","1,275.43",Rs./Quintal
West Bengal,Vegetables,Onion,13-08-2025,-,928.1,Metric Tonnes,"1,811.56","1,893.61","1,991.87",Rs./Quintal
West Bengal,Vegetables,Potato,13-08-2025,-,"1,636.50",Metric Tonnes,"1,231.34","1,266.24","1,293.18",Rs./Quintal
West Bengal,Vegetables,Onion,14-08-2025,-,828.53,Metric Tonnes,"1,863.82","1,971.33","2,075.56",Rs./Quintal
West Bengal,Vegetables,Potato,14-08-2025,-,"1,580.90",Metric Tonnes,"1,204.06","1,241.97","1,271.58",Rs./Quintal
West Bengal,Vegetables,Onion,15-08-2025,-,626.32,Metric Tonnes,"1,823.13","1,934.47","2,042.53",Rs./Quintal
West Bengal,Vegetables,Potato,15-08-2025,-,"1,272.20",Metric Tonnes,"1,215.09","1,246.54","1,276.36",Rs./Quintal
West Bengal,Vegetables,Onion,16-08-2025,-,823.11,Metric Tonnes,"1,899.83","2,012.97","2,115.43",Rs./Quintal
West Bengal,Vegetables,Potato,16-08-2025,-,"1,600.20",Metric Tonnes,"1,236.07","1,269.87","1,276.42",Rs./Quintal
West Bengal,Vegetables,Onion,17-08-2025,-,741.26,Metric Tonnes,"1,872.96","1,979.10","2,091.18",Rs./Quintal
West Bengal,Vegetables,Potato,17-08-2025,-,"1,544.00",Metric Tonnes,"1,236.50","1,266.20","1,291.65",Rs./Quintal
West Bengal,Vegetables,Onion,18-08-2025,-,930.79,Metric Tonnes,"1,994.44","2,107.27","2,213.98",Rs./Quintal
West Bengal,Vegetables,Potato,18-08-2025,-,"1,589.40",Metric Tonnes,"1,243.18","1,271.40","1,295.76",Rs./Quintal
West Bengal,Vegetables,Onion,19-08-2025,-,902.76,Metric Tonnes,"2,014.90","2,125.46","2,230.15",Rs./Quintal
West Bengal,Vegetables,Potato,19-08-2025,-,"1,769.90",Metric Tonnes,"1,218.70","1,246.18","1,272.94",Rs./Quintal
West Bengal,Vegetables,Onion,20-08-2025,-,708.52,Metric Tonnes,"2,017.35","2,113.51","2,193.15",Rs./Quintal
West Bengal,Vegetables,Potato,20-08-2025,-,"1,747.70",Metric Tonnes,"1,222.29","1,250.89","1,276.63",Rs./Quintal
West Bengal,Vegetables,Onion,21-08-2025,-,740.76,Metric Tonnes,"2,026.92","2,116.92","2,199.53",Rs./Quintal
West Bengal,Vegetables,Potato,21-08-2025,-,"1,715.20",Metric Tonnes,"1,210.70","1,240.22","1,265.47",Rs./Quintal
West Bengal,Vegetables,Onion,22-08-2025,-,680.38,Metric Tonnes,"2,013.00","2,107.00","2,192.41",Rs./Quintal
West Bengal,Vegetables,Potato,22-08-2025,-,"1,778.10",Metric Tonnes,"1,205.27","1,236.45","1,261.74",Rs./Quintal
West Bengal,Vegetables,Onion,23-08-2025,-,761.94,Metric Tonnes,"2,030.06","2,119.74","2,203.41",Rs./Quintal
West Bengal,Vegetables,Potato,23-08-2025,-,"1,491.70",Metric Tonnes,"1,214.69","1,243.30","1,271.28",Rs./Quintal
West Bengal,Vegetables,Onion,24-08-2025,-,613.49,Metric Tonnes,"2,043.60","2,133.59","2,225.19",Rs./Quintal
West Bengal,Vegetables,Potato,24-08-2025,-,"1,581.60",Metric Tonnes,"1,231.86","1,258.14","1,278.92",Rs./Quintal
West Bengal,Vegetables,Onion,25-08-2025,-,778.92,Metric Tonnes,"2,047.13","2,130.56","2,218.93",Rs./Quintal
West Bengal,Vegetables,Potato,25-08-2025,-,"1,762.70",Metric Tonnes,"1,201.41","1,230.56","1,251.76",Rs./Quintal
West Bengal,Vegetables,Onion,26-08-2025,-,806.72,Metric Tonnes,"1,999.52","2,108.62","2,218.46",Rs./Quintal
West Bengal,Vegetables,Potato,26-08-2025,-,"1,864.90",Metric Tonnes,"1,203.70","1,232.11","1,255.65",Rs./Quintal
West Bengal,Vegetables,Onion,27-08-2025,-,878.74,Metric Tonnes,"2,023.48","2,130.08","2,213.61",Rs./Quintal
West Bengal,Vegetables,Potato,27-08-2025,-,"1,755.80",Metric Tonnes,"1,211.20","1,242.10","1,270.81",Rs./Quintal
West Bengal,Vegetables,Onion,28-08-2025,-,818.31,Metric Tonnes,"1,955.26","2,066.90","2,159.94",Rs./Quintal
West Bengal,Vegetables,Potato,28-08-2025,-,"1,664.40",Metric Tonnes,"1,212.67","1,241.78","1,264.63",Rs./Quintal
West Bengal,Vegetables,Onion,29-08-2025,-,743.86,Metric Tonnes,"1,946.25","2,049.49","2,137.75",Rs./Quintal
West Bengal,Vegetables,Potato,29-08-2025,-,"1,549.10",Metric Tonnes,"1,200.57","1,230.86","1,256.09",Rs./Quintal
West Bengal,Vegetables,Onion,30-08-2025,-,543.05,Metric Tonnes,"1,976.60","2,063.25","2,139.65",Rs./Quintal
West Bengal,Vegetables,Potato,30-08-2025,-,"1,361.60",Metric Tonnes,"1,214.18","1,246.78","1,274.13",Rs./Quintal
West Bengal,Vegetables,Onion,31-08-2025,-,434.51,Metric Tonnes,"1,974.88","2,069.92","2,164.03",Rs./Quintal
West Bengal,Vegetables,Potato,31-08-2025,-,"1,196.60",Metric Tonnes,"1,219.15","1,252.51","1,284.41",Rs./Quintal
West Bengal,Vegetables,Onion,01-09-2025,-,927.39,Metric Tonnes,"1,876.01","1,968.79","2,059.06",Rs./Quintal
West Bengal,Vegetables,Potato,01-09-2025,-,"1,828.70",Metric Tonnes,"1,215.69","1,244.21","1,270.00",Rs./Quintal
West Bengal,Vegetables,Onion,02-09-2025,-,898.16,Metric Tonnes,"1,826.78","1,919.84","2,006.56",Rs./Quintal
West Bengal,Vegetables,Potato,02-09-2025,-,"1,674.30",Metric Tonnes,"1,225.54","1,254.27","1,281.41",Rs./Quintal
West Bengal,Vegetables,Onion,03-09-2025,-,765.95,Metric Tonnes,"1,795.65","1,905.67","2,014.88",Rs./Quintal
West Bengal,Vegetables,Potato,03-09-2025,-,"1,492.40",Metric Tonnes,"1,205.59","1,235.64","1,264.29",Rs./Quintal
West Bengal,Vegetables,Onion,04-09-2025,-,"1,090.56",Metric Tonnes,"1,801.63","1,913.03","2,022.94",Rs./Quintal
West Bengal,Vegetables,Potato,04-09-2025,-,"1,593.10",Metric Tonnes,"1,238.66","1,270.45","1,299.81",Rs./Quintal
West Bengal,Vegetables,Onion,05-09-2025,-,844.16,Metric Tonnes,"1,788.36","1,902.69","2,014.07",Rs./Quintal
West Bengal,Vegetables,Potato,05-09-2025,-,"1,664.10",Metric Tonnes,"1,222.28","1,251.56","1,277.59",Rs./Quintal
West Bengal,Vegetables,Onion,06-09-2025,-,883.51,Metric Tonnes,"1,786.85","1,896.86","2,006.90",Rs./Quintal
West Bengal,Vegetables,Potato,06-09-2025,-,"1,685.80",Metric Tonnes,"1,230.83","1,260.08","1,285.99",Rs./Quintal
West Bengal,Vegetables,Onion,07-09-2025,-,771.98,Metric Tonnes,"1,791.43","1,885.11","1,997.10",Rs./Quintal
West Bengal,Vegetables,Potato,07-09-2025,-,"1,751.00",Metric Tonnes,"1,230.37","1,259.47","1,287.30",Rs./Quintal
West Bengal,Vegetables,Onion,08-09-2025,-,965.26,Metric Tonnes,"1,769.54","1,868.53","1,967.47",Rs./Quintal
West Bengal,Vegetables,Potato,08-09-2025,-,"1,785.50",Metric Tonnes,"1,230.29","1,259.16","1,286.81",Rs./Quintal
West Bengal,Vegetables,Onion,09-09-2025,-,802.39,Metric Tonnes,"1,776.69","1,893.33","2,005.51",Rs./Quintal
West Bengal,Vegetables,Potato,09-09-2025,-,"1,548.70",Metric Tonnes,"1,213.63","1,243.49","1,271.09",Rs./Quintal
West Bengal,Vegetables,Onion,10-09-2025,-,880.4,Metric Tonnes,"1,745.68","1,855.43","1,965.64",Rs./Quintal
West Bengal,Vegetables,Potato,10-09-2025,-,"1,778.70",Metric Tonnes,"1,225.06","1,252.48","1,277.47",Rs./Quintal
West Bengal,Vegetables,Onion,11-09-2025,-,875.56,Metric Tonnes,"1,732.08","1,841.71","1,946.14",Rs./Quintal
West Bengal,Vegetables,Potato,11-09-2025,-,"1,762.70",Metric Tonnes,"1,227.27","1,254.90","1,281.34",Rs./Quintal
West Bengal,Vegetables,Onion,12-09-2025,-,930.01,Metric Tonnes,"1,723.03","1,835.63","1,939.32",Rs./Quintal
West Bengal,Vegetables,Potato,12-09-2025,-,"1,815.00",Metric Tonnes,"1,232.93","1,261.34","1,288.83",Rs./Quintal
West Bengal,Vegetables,Onion,13-09-2025,-,764.55,Metric Tonnes,"1,712.68","1,828.12","1,934.27",Rs./Quintal
West Bengal,Vegetables,Potato,13-09-2025,-,"1,516.20",Metric Tonnes,"1,235.70","1,264.71","1,291.86",Rs./Quintal
West Bengal,Vegetables,Onion,14-09-2025,-,763.57,Metric Tonnes,"1,708.00","1,814.78","1,930.10",Rs./Quintal
West Bengal,Vegetables,Potato,14-09-2025,-,"1,385.90",Metric Tonnes,"1,237.00","1,268.09","1,295.90",Rs./Quintal
West Bengal,Vegetables,Onion,15-09-2025,-,979.81,Metric Tonnes,"1,715.18","1,816.80","1,912.86",Rs./Quintal
West Bengal,Vegetables,Potato,15-09-2025,-,"1,934.50",Metric Tonnes,"1,216.82","1,241.51","1,267.20",Rs./Quintal
West Bengal,Vegetables,Onion,16-09-2025,-,913,Metric Tonnes,"1,725.27","1,842.71","1,964.15",Rs./Quintal
West Bengal,Vegetables,Potato,16-09-2025,-,"1,557.90",Metric Tonnes,"1,248.20","1,275.70","1,306.12",Rs./Quintal
West Bengal,Vegetables,Onion,17-09-2025,-,789.51,Metric Tonnes,"1,735.01","1,848.17","1,953.81",Rs./Quintal
West Bengal,Vegetables,Potato,17-09-2025,-,"1,520.00",Metric Tonnes,"1,231.01","1,256.73","1,282.59",Rs./Quintal
West Bengal,Vegetables,Onion,18-09-2025,-,861.89,Metric Tonnes,"1,679.96","1,775.28","1,868.74",Rs./Quintal
West Bengal,Vegetables,Potato,18-09-2025,-,"1,686.20",Metric Tonnes,"1,238.93","1,267.13","1,293.62",Rs./Quintal
West Bengal,Vegetables,Onion,19-09-2025,-,844.8,Metric Tonnes,"1,702.75","1,785.92","1,872.45",Rs./Quintal
West Bengal,Vegetables,Potato,19-09-2025,-,"1,656.80",Metric Tonnes,"1,244.93","1,274.85","1,309.09",Rs./Quintal
West Bengal,Vegetables,Onion,20-09-2025,-,771.76,Metric Tonnes,"1,712.85","1,804.68","1,893.64",Rs./Quintal
West Bengal,Vegetables,Potato,20-09-2025,-,"1,541.20",Metric Tonnes,"1,242.69","1,272.81","1,301.84",Rs./Quintal
West Bengal,Vegetables,Onion,21-09-2025,-,753.87,Metric Tonnes,"1,719.19","1,805.48","1,894.40",Rs./Quintal
West Bengal,Vegetables,Potato,21-09-2025,-,"1,416.40",Metric Tonnes,"1,362.18","1,391.44","1,421.84",Rs./Quintal
West Bengal,Vegetables,Onion,22-09-2025,-,780.8,Metric Tonnes,"1,709.00","1,800.70","1,888.01",Rs./Quintal
West Bengal,Vegetables,Potato,22-09-2025,-,"1,645.06",Metric Tonnes,"1,237.20","1,264.52","1,297.07",Rs./Quintal
West Bengal,Vegetables,Onion,23-09-2025,-,828.4,Metric Tonnes,"1,715.28","1,801.21","1,886.47",Rs./Quintal
West Bengal,Vegetables,Potato,23-09-2025,-,"1,879.90",Metric Tonnes,"1,238.16","1,264.59","1,292.09",Rs./Quintal
West Bengal,Vegetables,Onion,24-09-2025,-,691.69,Metric Tonnes,"1,784.03","1,865.97","1,944.25",Rs./Quintal
West Bengal,Vegetables,Potato,24-09-2025,-,"1,600.00",Metric Tonnes,"1,273.96","1,300.76","1,329.45",Rs./Quintal
West Bengal,Vegetables,Onion,25-09-2025,-,837.53,Metric Tonnes,"1,741.60","1,832.13","1,912.14",Rs./Quintal
West Bengal,Vegetables,Potato,25-09-2025,-,"1,622.70",Metric Tonnes,"1,278.09","1,304.46","1,342.72",Rs./Quintal
West Bengal,Vegetables,Onion,26-09-2025,-,739.56,Metric Tonnes,"1,738.65","1,848.62","1,937.02",Rs./Quintal
West Bengal,Vegetables,Potato,26-09-2025,-,"1,175.75",Metric Tonnes,"1,283.39","1,315.80","1,349.79",Rs./Quintal
West Bengal,Vegetables,Onion,27-09-2025,-,898.52,Metric Tonnes,"1,695.01","1,810.43","1,907.53",Rs./Quintal
West Bengal,Vegetables,Potato,27-09-2025,-,"1,286.10",Metric Tonnes,"1,256.21","1,283.08","1,314.08",Rs./Quintal
West Bengal,Vegetables,Onion,28-09-2025,-,593.2,Metric Tonnes,"1,721.15","1,830.20","1,914.68",Rs./Quintal
West Bengal,Vegetables,Potato,28-09-2025,-,949.05,Metric Tonnes,"1,295.72","1,320.87","1,348.61",Rs./Quintal
West Bengal,Vegetables,Onion,29-09-2025,-,530.42,Metric Tonnes,"1,703.43","1,820.12","1,907.01",Rs./Quintal
West Bengal,Vegetables,Potato,29-09-2025,-,907.2,Metric Tonnes,"1,214.59","1,239.45","1,267.34",Rs./Quintal
West Bengal,Vegetables,Onion,30-09-2025,-,415.46,Metric Tonnes,"1,690.54","1,817.88","1,908.95",Rs./Quintal
West Bengal,Vegetables,Potato,30-09-2025,-,656,Metric Tonnes,"1,214.78","1,247.64","1,277.64",Rs./Quintal
West Bengal,Vegetables,Onion,01-10-2025,-,473.72,Metric Tonnes,"1,659.66","1,786.18","1,891.86",Rs./Quintal
West Bengal,Vegetables,Potato,01-10-2025,-,"1,102.25",Metric Tonnes,"1,232.02","1,256.80","1,284.11",Rs./Quintal
West Bengal,Vegetables,Onion,02-10-2025,-,636.24,Metric Tonnes,"1,722.24","1,832.40","1,916.86",Rs./Quintal
West Bengal,Vegetables,Potato,02-10-2025,-,"1,340.10",Metric Tonnes,"1,239.96","1,271.76","1,304.69",Rs./Quintal
West Bengal,Vegetables,Onion,03-10-2025,-,699.44,Metric Tonnes,"1,722.31","1,834.98","1,924.05",Rs./Quintal
West Bengal,Vegetables,Potato,03-10-2025,-,"1,386.70",Metric Tonnes,"1,280.33","1,311.11","1,346.40",Rs./Quintal
West Bengal,Vegetables,Onion,04-10-2025,-,748.31,Metric Tonnes,"1,691.51","1,808.51","1,906.12",Rs./Quintal
West Bengal,Vegetables,Potato,04-10-2025,-,"1,491.60",Metric Tonnes,"1,270.60","1,298.64","1,327.99",Rs./Quintal
West Bengal,Vegetables,Onion,05-10-2025,-,620.05,Metric Tonnes,"1,686.50","1,774.13","1,889.19",Rs./Quintal
West Bengal,Vegetables,Potato,05-10-2025,-,"1,038.60",Metric Tonnes,"1,310.07","1,337.49","1,368.13",Rs./Quintal
West Bengal,Vegetables,Onion,06-10-2025,-,768.06,Metric Tonnes,"1,713.39","1,827.92","1,914.31",Rs./Quintal
West Bengal,Vegetables,Potato,06-10-2025,-,"1,431.00",Metric Tonnes,"1,276.89","1,305.85","1,336.76",Rs./Quintal
West Bengal,Vegetables,Onion,07-10-2025,-,655.35,Metric Tonnes,"1,725.89","1,814.65","1,911.02",Rs./Quintal
West Bengal,Vegetables,Potato,07-10-2025,-,"1,540.60",Metric Tonnes,"1,309.48","1,341.85","1,369.78",Rs./Quintal
West Bengal,Vegetables,Onion,08-10-2025,-,689.01,Metric Tonnes,"1,723.92","1,818.80","1,920.68",Rs./Quintal
West Bengal,Vegetables,Potato,08-10-2025,-,"1,749.10",Metric Tonnes,"1,309.37","1,339.78","1,365.74",Rs./Quintal
West Bengal,Vegetables,Onion,09-10-2025,-,864.97,Metric Tonnes,"1,670.24","1,769.84","1,877.14",Rs./Quintal
West Bengal,Vegetables,Potato,09-10-2025,-,"1,670.80",Metric Tonnes,"1,319.23","1,349.28","1,376.93",Rs./Quintal
West Bengal,Vegetables,Onion,10-10-2025,-,736.14,Metric Tonnes,"1,682.58","1,772.22","1,865.74",Rs./Quintal
West Bengal,Vegetables,Potato,10-10-2025,-,"1,417.60",Metric Tonnes,"1,346.04","1,380.14","1,410.21",Rs./Quintal
West Bengal,Vegetables,Onion,11-10-2025,-,878.8,Metric Tonnes,"1,649.96","1,753.35","1,855.90",Rs./Quintal
West Bengal,Vegetables,Potato,11-10-2025,-,"1,452.60",Metric Tonnes,"1,329.42","1,359.52","1,388.17",Rs./Quintal
West Bengal,Vegetables,Onion,12-10-2025,-,720.66,Metric Tonnes,"1,653.31","1,751.60","1,841.97",Rs./Quintal
West Bengal,Vegetables,Potato,12-10-2025,-,"1,341.30",Metric Tonnes,"1,347.73","1,377.25","1,406.32",Rs./Quintal
West Bengal,Vegetables,Onion,13-10-2025,-,903.99,Metric Tonnes,"1,646.81","1,762.01","1,860.37",Rs./Quintal
West Bengal,Vegetables,Potato,13-10-2025,-,"1,549.40",Metric Tonnes,"1,346.88","1,376.29","1,409.39",Rs./Quintal
West Bengal,Vegetables,Onion,14-10-2025,-,835.79,Metric Tonnes,"1,638.37","1,757.65","1,855.14",Rs./Quintal
West Bengal,Vegetables,Potato,14-10-2025,-,"1,567.50",Metric Tonnes,"1,342.51","1,374.13","1,402.46",Rs./Quintal
West Bengal,Vegetables,Onion,15-10-2025,-,839.37,Metric Tonnes,"1,649.59","1,748.90","1,867.50",Rs./Quintal
West Bengal,Vegetables,Potato,15-10-2025,-,"1,570.55",Metric Tonnes,"1,360.44","1,388.44","1,415.97",Rs./Quintal
West Bengal,Vegetables,Onion,16-10-2025,-,948.54,Metric Tonnes,"1,635.49","1,731.80","1,826.42",Rs./Quintal
West Bengal,Vegetables,Potato,16-10-2025,-,"1,625.40",Metric Tonnes,"1,340.05","1,369.35","1,397.99",Rs./Quintal
West Bengal,Vegetables,Onion,17-10-2025,-,880.22,Metric Tonnes,"1,631.57","1,728.66","1,820.82",Rs./Quintal
West Bengal,Vegetables,Potato,17-10-2025,-,"1,642.70",Metric Tonnes,"1,359.53","1,390.97","1,420.24",Rs./Quintal
West Bengal,Vegetables,Onion,18-10-2025,-,697.2,Metric Tonnes,"1,631.61","1,716.82","1,822.24",Rs./Quintal
West Bengal,Vegetables,Potato,18-10-2025,-,"1,457.90",Metric Tonnes,"1,359.56","1,389.61","1,414.44",Rs./Quintal
West Bengal,Vegetables,Onion,19-10-2025,-,649.98,Metric Tonnes,"1,659.65","1,745.18","1,843.62",Rs./Quintal
West Bengal,Vegetables,Potato,19-10-2025,-,"1,371.80",Metric Tonnes,"1,342.41","1,373.24","1,401.86",Rs./Quintal
West Bengal,Vegetables,Onion,20-10-2025,-,822.31,Metric Tonnes,"1,598.19","1,710.13","1,817.02",Rs./Quintal
West Bengal,Vegetables,Potato,20-10-2025,-,"2,495.30",Metric Tonnes,"1,486.98","1,550.33","1,613.35",Rs./Quintal
West Bengal,Vegetables,Onion,21-10-2025,-,660.57,Metric Tonnes,"1,564.41","1,681.15","1,799.66",Rs./Quintal
West Bengal,Vegetables,Potato,21-10-2025,-,"1,381.45",Metric Tonnes,"1,358.42","1,389.88","1,418.91",Rs./Quintal
West Bengal,Vegetables,Onion,22-10-2025,-,804.83,Metric Tonnes,"1,589.66","1,707.58","1,819.97",Rs./Quintal
West Bengal,Vegetables,Potato,22-10-2025,-,"1,463.35",Metric Tonnes,"1,346.80","1,381.66","1,411.16",Rs./Quintal
West Bengal,Vegetables,Onion,23-10-2025,-,675.76,Metric Tonnes,"1,601.27","1,717.99","1,833.47",Rs./Quintal
West Bengal,Vegetables,Potato,23-10-2025,-,"1,341.50",Metric Tonnes,"1,344.05","1,375.63","1,403.59",Rs./Quintal
West Bengal,Vegetables,Onion,24-10-2025,-,791.52,Metric Tonnes,"1,596.62","1,694.53","1,794.04",Rs./Quintal
West Bengal,Vegetables,Potato,24-10-2025,-,"1,702.85",Metric Tonnes,"1,323.64","1,354.30","1,379.72",Rs./Quintal
West Bengal,Vegetables,Onion,25-10-2025,-,785.05,Metric Tonnes,"1,597.56","1,695.74","1,794.32",Rs./Quintal
West Bengal,Vegetables,Potato,25-10-2025,-,"1,485.40",Metric Tonnes,"1,364.58","1,403.37","1,434.86",Rs./Quintal
West Bengal,Vegetables,Onion,26-10-2025,-,622.18,Metric Tonnes,"1,563.20","1,659.43","1,752.35",Rs./Quintal
West Bengal,Vegetables,Potato,26-10-2025,-,"1,320.00",Metric Tonnes,"1,384.27","1,421.76","1,453.02",Rs./Quintal
West Bengal,Vegetables,Onion,27-10-2025,-,646.41,Metric Tonnes,"1,549.63","1,639.30","1,739.96",Rs./Quintal
West Bengal,Vegetables,Potato,27-10-2025,-,"1,352.10",Metric Tonnes,"1,376.56","1,416.48","1,453.23",Rs./Quintal
West Bengal,Vegetables,Onion,28-10-2025,-,683.7,Metric Tonnes,"1,557.47","1,680.77","1,776.40",Rs./Quintal
West Bengal,Vegetables,Potato,28-10-2025,-,"1,618.40",Metric Tonnes,"1,351.31","1,385.77","1,417.47",Rs./Quintal
West Bengal,Vegetables,Onion,29-10-2025,-,839.55,Metric Tonnes,"1,616.96","1,721.20","1,814.71",Rs./Quintal
West Bengal,Vegetables,Potato,29-10-2025,-,"1,500.70",Metric Tonnes,"1,348.64","1,382.67","1,410.55",Rs./Quintal
West Bengal,Vegetables,Onion,30-10-2025,-,831.45,Metric Tonnes,"1,557.33","1,666.39","1,762.05",Rs./Quintal
West Bengal,Vegetables,Potato,30-10-2025,-,"1,509.30",Metric Tonnes,"1,351.71","1,385.77","1,418.55",Rs./Quintal
West Bengal,Vegetables,Onion,31-10-2025,-,684.51,Metric Tonnes,"1,566.10","1,663.58","1,754.24",Rs./Quintal
West Bengal,Vegetables,Potato,31-10-2025,-,"1,402.30",Metric Tonnes,"1,352.62","1,392.00","1,423.83",Rs./Quintal
West Bengal,Vegetables,Onion,01-11-2025,-,784.72,Metric Tonnes,"1,551.87","1,674.91","1,795.81",Rs./Quintal
West Bengal,Vegetables,Potato,01-11-2025,-,"1,435.00",Metric Tonnes,"1,357.65","1,391.38","1,421.22",Rs./Quintal
West Bengal,Vegetables,Onion,02-11-2025,-,730.15,Metric Tonnes,"1,534.47","1,650.40","1,771.66",Rs./Quintal
West Bengal,Vegetables,Potato,02-11-2025,-,"1,542.20",Metric Tonnes,"1,387.07","1,421.48","1,452.42",Rs./Quintal
West Bengal,Vegetables,Onion,03-11-2025,-,881.08,Metric Tonnes,"1,581.79","1,699.60","1,818.40",Rs./Quintal
West Bengal,Vegetables,Potato,03-11-2025,-,"1,803.80",Metric Tonnes,"1,380.59","1,410.57","1,440.64",Rs./Quintal
West Bengal,Vegetables,Onion,04-11-2025,-,750.14,Metric Tonnes,"1,607.73","1,731.47","1,853.42",Rs./Quintal
West Bengal,Vegetables,Potato,04-11-2025,-,"1,584.70",Metric Tonnes,"1,281.65","1,310.08","1,336.36",Rs./Quintal
West Bengal,Vegetables,Onion,05-11-2025,-,681.08,Metric Tonnes,"1,559.54","1,670.24","1,791.16",Rs./Quintal
West Bengal,Vegetables,Potato,05-11-2025,-,"1,383.30",Metric Tonnes,"1,387.00","1,419.86","1,452.99",Rs./Quintal
West Bengal,Vegetables,Onion,06-11-2025,-,673.01,Metric Tonnes,"1,651.76","1,757.92","1,876.86",Rs./Quintal
West Bengal,Vegetables,Potato,06-11-2025,-,"1,167.00",Metric Tonnes,"1,426.90","1,459.42","1,492.15",Rs./Quintal
West Bengal,Vegetables,Onion,07-11-2025,-,391.33,Metric Tonnes,"1,649.89","1,704.06","1,771.46",Rs./Quintal
West Bengal,Vegetables,Potato,07-11-2025,-,972.25,Metric Tonnes,"1,298.61","1,363.17","1,426.70",Rs./Quintal
West Bengal,Vegetables,Onion,08-11-2025,-,247.86,Metric Tonnes,"1,749.16","1,907.80","2,053.29",Rs./Quintal
West Bengal,Vegetables,Potato,08-11-2025,-,530.4,Metric Tonnes,"1,333.20","1,360.31","1,386.89",Rs./Quintal
West Bengal,Vegetables,Onion,09-11-2025,-,384.06,Metric Tonnes,"1,657.73","1,790.98","1,945.86",Rs./Quintal
West Bengal,Vegetables,Potato,09-11-2025,-,633.5,Metric Tonnes,"1,292.83","1,327.57","1,363.42",Rs./Quintal
West Bengal,Vegetables,Onion,10-11-2025,-,745.74,Metric Tonnes,"1,662.81","1,784.15","1,909.59",Rs./Quintal
West Bengal,Vegetables,Potato,10-11-2025,-,"1,378.31",Metric Tonnes,"1,318.69","1,352.22","1,384.29",Rs./Quintal
West Bengal,Vegetables,Onion,11-11-2025,-,845.51,Metric Tonnes,"1,684.42","1,791.40","1,878.97",Rs./Quintal
West Bengal,Vegetables,Potato,11-11-2025,-,"1,586.70",Metric Tonnes,"1,382.68","1,420.93","1,451.20",Rs./Quintal
West Bengal,Vegetables,Onion,12-11-2025,-,726.72,Metric Tonnes,"1,628.78","1,736.46","1,844.14",Rs./Quintal
West Bengal,Vegetables,Potato,12-11-2025,-,"1,862.01",Metric Tonnes,"1,356.87","1,391.48","1,421.33",Rs./Quintal
West Bengal,Vegetables,Onion,13-11-2025,-,793.84,Metric Tonnes,"1,656.60","1,748.09","1,847.07",Rs./Quintal
West Bengal,Vegetables,Potato,13-11-2025,-,"1,652.15",Metric Tonnes,"1,350.33","1,382.54","1,413.16",Rs./Quintal
West Bengal,Vegetables,Onion,14-11-2025,-,686.86,Metric Tonnes,"1,604.83","1,693.76","1,825.13",Rs./Quintal
West Bengal,Vegetables,Potato,14-11-2025,-,"1,631.95",Metric Tonnes,"1,359.16","1,389.42","1,419.69",Rs./Quintal
West Bengal,Vegetables,Onion,15-11-2025,-,722.27,Metric Tonnes,"1,592.59","1,690.75","1,806.78",Rs./Quintal
West Bengal,Vegetables,Potato,15-11-2025,-,"1,212.35",Metric Tonnes,"1,367.87","1,397.46","1,428.01",Rs./Quintal
West Bengal,Vegetables,Onion,16-11-2025,-,597.56,Metric Tonnes,"1,600.88","1,693.00","1,808.60",Rs./Quintal
West Bengal,Vegetables,Potato,16-11-2025,-,"2,761.40",Metric Tonnes,"1,338.99","1,377.58","1,414.21",Rs./Quintal
West Bengal,Vegetables,Onion,17-11-2025,-,645.48,Metric Tonnes,"1,592.93","1,702.75","1,815.51",Rs./Quintal
West Bengal,Vegetables,Potato,17-11-2025,-,"1,586.18",Metric Tonnes,"1,337.90","1,372.71","1,399.96",Rs./Quintal
West Bengal,Vegetables,Onion,18-11-2025,-,878.76,Metric Tonnes,"1,605.61","1,705.86","1,800.63",Rs./Quintal
West Bengal,Vegetables,Potato,18-11-2025,-,"1,616.75",Metric Tonnes,"1,366.88","1,395.82","1,427.41",Rs./Quintal
West Bengal,Vegetables,Onion,19-11-2025,-,680.84,Metric Tonnes,"1,585.09","1,694.98","1,813.29",Rs./Quintal
West Bengal,Vegetables,Potato,19-11-2025,-,"1,438.63",Metric Tonnes,"1,388.42","1,419.40","1,453.20",Rs./Quintal
West Bengal,Vegetables,Onion,20-11-2025,-,704.77,Metric Tonnes,"1,522.78","1,628.12","1,743.97",Rs./Quintal
West Bengal,Vegetables,Potato,20-11-2025,-,"1,238.20",Metric Tonnes,"1,384.33","1,417.99","1,448.37",Rs./Quintal
West Bengal,Vegetables,Onion,21-11-2025,-,656.39,Metric Tonnes,"1,522.95","1,636.01","1,751.62",Rs./Quintal
West Bengal,Vegetables,Potato,21-11-2025,-,"1,282.25",Metric Tonnes,"1,372.39","1,408.39","1,440.31",Rs./Quintal
West Bengal,Vegetables,Onion,22-11-2025,-,739.6,Metric Tonnes,"1,532.84","1,642.38","1,749.13",Rs./Quintal
West Bengal,Vegetables,Potato,22-11-2025,-,"1,125.80",Metric Tonnes,"1,365.24","1,400.94","1,429.35",Rs./Quintal
West Bengal,Vegetables,Onion,23-11-2025,-,724.12,Metric Tonnes,"1,583.83","1,689.30","1,802.97",Rs./Quintal
West Bengal,Vegetables,Potato,23-11-2025,-,"1,276.85",Metric Tonnes,"1,398.87","1,438.55","1,474.81",Rs./Quintal
West Bengal,Vegetables,Onion,24-11-2025,-,886.68,Metric Tonnes,"1,573.11","1,670.16","1,777.38",Rs./Quintal
West Bengal,Vegetables,Potato,24-11-2025,-,"1,607.90",Metric Tonnes,"1,367.37","1,404.20","1,438.46",Rs./Quintal
West Bengal,Vegetables,Onion,25-11-2025,-,873,Metric Tonnes,"1,526.84","1,635.52","1,760.77",Rs./Quintal
West Bengal,Vegetables,Potato,25-11-2025,-,"1,544.70",Metric Tonnes,"1,349.83","1,382.00","1,410.58",Rs./Quintal
West Bengal,Vegetables,Onion,26-11-2025,-,893.13,Metric Tonnes,"1,525.41","1,631.47","1,727.03",Rs./Quintal
West Bengal,Vegetables,Potato,26-11-2025,-,"1,697.85",Metric Tonnes,"1,322.93","1,355.07","1,382.88",Rs./Quintal
West Bengal,Vegetables,Onion,27-11-2025,-,856.97,Metric Tonnes,"1,527.33","1,632.42","1,734.92",Rs./Quintal
West Bengal,Vegetables,Potato,27-11-2025,-,"1,448.45",Metric Tonnes,"1,319.80","1,350.93","1,379.58",Rs./Quintal
West Bengal,Vegetables,Onion,28-11-2025,-,"1,927.94",Metric Tonnes,"1,626.63","1,728.78","1,818.35",Rs./Quintal
West Bengal,Vegetables,Potato,28-11-2025,-,"1,489.50",Metric Tonnes,"1,320.02","1,357.10","1,383.96",Rs./Quintal
West Bengal,Vegetables,Onion,29-11-2025,-,651.55,Metric Tonnes,"1,423.90","1,526.32","1,634.19",Rs./Quintal
West Bengal,Vegetables,Potato,29-11-2025,-,"1,168.86",Metric Tonnes,"1,327.73","1,364.84","1,397.21",Rs./Quintal
West Bengal,Vegetables,Onion,30-11-2025,-,572.5,Metric Tonnes,"1,437.62","1,547.88","1,665.63",Rs./Quintal
West Bengal,Vegetables,Potato,30-11-2025,-,926.3,Metric Tonnes,"1,267.28","1,297.73","1,322.14",Rs./Quintal
West Bengal,Vegetables,Onion,01-12-2025,-,968.7,Metric Tonnes,"1,465.97","1,561.02","1,664.61",Rs./Quintal
West Bengal,Vegetables,Potato,01-12-2025,-,"1,402.63",Metric Tonnes,"1,299.99","1,337.90","1,366.18",Rs./Quintal
West Bengal,Vegetables,Onion,02-12-2025,-,836.62,Metric Tonnes,"1,430.31","1,509.93","1,618.48",Rs./Quintal
West Bengal,Vegetables,Potato,02-12-2025,-,"1,600.70",Metric Tonnes,"1,312.87","1,349.00","1,380.28",Rs./Quintal
West Bengal,Vegetables,Onion,03-12-2025,-,788.8,Metric Tonnes,"1,395.35","1,491.49","1,578.15",Rs./Quintal
West Bengal,Vegetables,Potato,03-12-2025,-,"1,303.65",Metric Tonnes,"1,317.45","1,348.74","1,379.40",Rs./Quintal
West Bengal,Vegetables,Onion,04-12-2025,-,896.7,Metric Tonnes,"1,428.41","1,515.61","1,627.49",Rs./Quintal
West Bengal,Vegetables,Potato,04-12-2025,-,"1,531.30",Metric Tonnes,"1,300.21","1,332.41","1,362.46",Rs./Quintal
West Bengal,Vegetables,Onion,05-12-2025,-,748.92,Metric Tonnes,"1,419.91","1,498.56","1,607.21",Rs./Quintal
West Bengal,Vegetables,Potato,05-12-2025,-,"1,444.52",Metric Tonnes,"1,312.13","1,342.78","1,369.60",Rs./Quintal
West Bengal,Vegetables,Onion,06-12-2025,-,738.55,Metric Tonnes,"1,425.37","1,508.51","1,628.29",Rs./Quintal
West Bengal,Vegetables,Potato,06-12-2025,-,"1,537.85",Metric Tonnes,"1,269.62","1,302.38","1,328.87",Rs./Quintal
West Bengal,Vegetables,Onion,07-12-2025,-,719.45,Metric Tonnes,"1,447.98","1,527.18","1,634.36",Rs./Quintal
West Bengal,Vegetables,Potato,07-12-2025,-,"1,624.70",Metric Tonnes,"1,258.53","1,293.00","1,326.50",Rs./Quintal
West Bengal,Vegetables,Onion,08-12-2025,-,823.52,Metric Tonnes,"1,469.72","1,550.78","1,652.94",Rs./Quintal
West Bengal,Vegetables,Potato,08-12-2025,-,"1,562.45",Metric Tonnes,"1,263.49","1,296.70","1,327.07",Rs./Quintal
West Bengal,Vegetables,Onion,09-12-2025,-,732.17,Metric Tonnes,"1,475.87","1,579.14","1,667.68",Rs./Quintal
West Bengal,Vegetables,Potato,09-12-2025,-,"1,623.94",Metric Tonnes,"1,247.92","1,277.02","1,304.80",Rs./Quintal
West Bengal,Vegetables,Onion,10-12-2025,-,840.93,Metric Tonnes,"1,502.08","1,581.77","1,685.06",Rs./Quintal
West Bengal,Vegetables,Potato,10-12-2025,-,"1,771.70",Metric Tonnes,"1,226.36","1,255.34","1,285.32",Rs./Quintal
West Bengal,Vegetables,Onion,11-12-2025,-,772.29,Metric Tonnes,"1,541.05","1,623.66","1,724.38",Rs./Quintal
West Bengal,Vegetables,Potato,11-12-2025,-,"1,426.78",Metric Tonnes,"1,235.29","1,267.46","1,294.99",Rs./Quintal
West Bengal,Vegetables,Onion,12-12-2025,-,791.76,Metric Tonnes,"1,595.89","1,731.99","1,848.50",Rs./Quintal
West Bengal,Vegetables,Potato,12-12-2025,-,"1,437.35",Metric Tonnes,"1,226.97","1,260.07","1,296.07",Rs./Quintal
West Bengal,Vegetables,Onion,13-12-2025,-,504.31,Metric Tonnes,"1,650.21","1,784.07","1,910.06",Rs./Quintal
West Bengal,Vegetables,Potato,13-12-2025,-,992.55,Metric Tonnes,"1,235.91","1,264.01","1,296.06",Rs./Quintal
West Bengal,Vegetables,Onion,14-12-2025,-,662.31,Metric Tonnes,"1,754.92","1,862.98","1,979.77",Rs./Quintal
West Bengal,Vegetables,Potato,14-12-2025,-,"1,134.23",Metric Tonnes,"1,236.40","1,266.93","1,311.38",Rs./Quintal
West Bengal,Vegetables,Onion,15-12-2025,-,861.61,Metric Tonnes,"1,952.71","2,096.86","2,226.20",Rs./Quintal
West Bengal,Vegetables,Potato,15-12-2025,-,"1,500.95",Metric Tonnes,"1,189.40","1,224.37","1,258.35",Rs./Quintal
West Bengal,Vegetables,Onion,16-12-2025,-,"1,008.35",Metric Tonnes,"1,939.19","2,068.22","2,183.83",Rs./Quintal
West Bengal,Vegetables,Potato,16-12-2025,-,"1,473.95",Metric Tonnes,"1,184.00","1,214.97","1,247.59",Rs./Quintal
West Bengal,Vegetables,Onion,17-12-2025,-,754.61,Metric Tonnes,"2,063.51","2,178.46","2,298.80",Rs./Quintal
West Bengal,Vegetables,Potato,17-12-2025,-,"1,427.75",Metric Tonnes,"1,165.06","1,199.56","1,231.53",Rs./Quintal
West Bengal,Vegetables,Onion,18-12-2025,-,"2,273.67",Metric Tonnes,"2,171.77","2,310.61","2,488.76",Rs./Quintal
West Bengal,Vegetables,Potato,18-12-2025,-,"1,407.96",Metric Tonnes,"1,150.22","1,183.38","1,220.48",Rs./Quintal
West Bengal,Vegetables,Onion,19-12-2025,-,695.67,Metric Tonnes,"2,070.05","2,187.96","2,320.69",Rs./Quintal
West Bengal,Vegetables,Potato,19-12-2025,-,"1,431.15",Metric Tonnes,"1,130.64","1,171.32","1,211.68",Rs./Quintal
West Bengal,Vegetables,Onion,20-12-2025,-,715.97,Metric Tonnes,"2,077.15","2,230.96","2,362.08",Rs./Quintal
West Bengal,Vegetables,Potato,20-12-2025,-,"1,239.85",Metric Tonnes,"1,129.84","1,169.77","1,206.81",Rs./Quintal
West Bengal,Vegetables,Onion,21-12-2025,-,682.58,Metric Tonnes,"2,021.95","2,187.03","2,334.32",Rs./Quintal
West Bengal,Vegetables,Potato,21-12-2025,-,"1,220.35",Metric Tonnes,"1,133.40","1,171.01","1,220.28",Rs./Quintal
West Bengal,Vegetables,Onion,22-12-2025,-,980.07,Metric Tonnes,"1,972.76","2,098.27","2,258.47",Rs./Quintal
West Bengal,Vegetables,Potato,22-12-2025,-,"1,413.70",Metric Tonnes,"1,115.34","1,148.81","1,188.43",Rs./Quintal
West Bengal,Vegetables,Onion,23-12-2025,-,748.71,Metric Tonnes,"1,956.63","2,088.95","2,269.37",Rs./Quintal
West Bengal,Vegetables,Potato,23-12-2025,-,"1,445.80",Metric Tonnes,"1,093.01","1,129.41","1,167.14",Rs./Quintal
West Bengal,Vegetables,Onion,24-12-2025,-,680.63,Metric Tonnes,"1,870.33","2,001.09","2,122.06",Rs./Quintal
West Bengal,Vegetables,Potato,24-12-2025,-,"1,115.20",Metric Tonnes,"1,090.26","1,121.92","1,158.13",Rs./Quintal
West Bengal,Vegetables,Onion,25-12-2025,-,663.62,Metric Tonnes,"1,792.41","1,925.58","2,106.40",Rs./Quintal
West Bengal,Vegetables,Potato,25-12-2025,-,942.8,Metric Tonnes,"1,048.60","1,084.07","1,122.72",Rs./Quintal
West Bengal,Vegetables,Onion,26-12-2025,-,665.42,Metric Tonnes,"1,821.36","1,979.08","2,141.04",Rs./Quintal
West Bengal,Vegetables,Potato,26-12-2025,-,"1,089.95",Metric Tonnes,"1,063.81","1,097.73","1,134.29",Rs./Quintal
West Bengal,Vegetables,Onion,27-12-2025,-,529.12,Metric Tonnes,"1,845.86","1,984.13","2,111.41",Rs./Quintal
West Bengal,Vegetables,Potato,27-12-2025,-,879.65,Metric Tonnes,"1,077.96","1,119.33","1,159.64",Rs./Quintal
West Bengal,Vegetables,Onion,28-12-2025,-,598.3,Metric Tonnes,"1,782.07","1,908.92","2,106.90",Rs./Quintal
West Bengal,Vegetables,Potato,28-12-2025,-,968.65,Metric Tonnes,"1,089.15","1,127.46","1,171.56",Rs./Quintal
West Bengal,Vegetables,Onion,29-12-2025,-,731.87,Metric Tonnes,"1,893.57","2,017.77","2,143.23",Rs./Quintal
West Bengal,Vegetables,Potato,29-12-2025,-,"1,184.45",Metric Tonnes,"1,042.75","1,085.61","1,127.11",Rs./Quintal
West Bengal,Vegetables,Onion,30-12-2025,-,682,Metric Tonnes,"1,968.00","2,083.43","2,208.04",Rs./Quintal
West Bengal,Vegetables,Potato,30-12-2025,-,"1,137.30",Metric Tonnes,"1,060.64","1,099.52","1,144.78",Rs./Quintal
West Bengal,Vegetables,Onion,31-12-2025,-,784.24,Metric Tonnes,"1,977.77","2,091.82","2,212.92",Rs./Quintal
West Bengal,Vegetables,Potato,31-12-2025,-,"1,264.05",Metric Tonnes,"1,030.23","1,068.29","1,110.15",Rs./Quintal
West Bengal,Vegetables,Onion,01-01-2026,-,668.01,Metric Tonnes,"1,981.15","2,109.64","2,233.63",Rs./Quintal
West Bengal,Vegetables,Potato,01-01-2026,-,"1,026.57",Metric Tonnes,"1,013.87","1,052.07","1,090.45",Rs./Quintal
West Bengal,Vegetables,Onion,02-01-2026,-,627.01,Metric Tonnes,"1,988.37","2,114.15","2,230.11",Rs./Quintal
West Bengal,Vegetables,Potato,02-01-2026,-,"1,322.80",Metric Tonnes,981.5,"1,019.22","1,063.97",Rs./Quintal
West Bengal,Vegetables,Onion,03-01-2026,-,700.19,Metric Tonnes,"2,054.96","2,188.21","2,345.15",Rs./Quintal
West Bengal,Vegetables,Potato,03-01-2026,-,"1,053.85",Metric Tonnes,"1,022.70","1,060.60","1,101.00",Rs./Quintal
West Bengal,Vegetables,Onion,04-01-2026,-,655.14,Metric Tonnes,"2,075.49","2,193.77","2,307.91",Rs./Quintal
West Bengal,Vegetables,Potato,04-01-2026,-,"1,124.24",Metric Tonnes,"1,059.34","1,110.85","1,160.07",Rs./Quintal
West Bengal,Vegetables,Onion,05-01-2026,-,"1,003.36",Metric Tonnes,"2,112.36","2,236.31","2,380.65",Rs./Quintal
West Bengal,Vegetables,Potato,05-01-2026,-,"1,230.62",Metric Tonnes,999.95,"1,040.66","1,081.92",Rs./Quintal
West Bengal,Vegetables,Onion,06-01-2026,-,792.74,Metric Tonnes,"1,976.23","2,093.83","2,206.51",Rs./Quintal
West Bengal,Vegetables,Potato,06-01-2026,-,"1,424.85",Metric Tonnes,"1,025.06","1,059.59","1,106.35",Rs./Quintal
West Bengal,Vegetables,Onion,07-01-2026,-,745.36,Metric Tonnes,"2,060.06","2,181.83","2,298.10",Rs./Quintal
West Bengal,Vegetables,Potato,07-01-2026,-,"1,439.63",Metric Tonnes,"1,019.05","1,054.73","1,091.39",Rs./Quintal
West Bengal,Vegetables,Onion,08-01-2026,-,811.31,Metric Tonnes,"2,027.50","2,144.87","2,272.23",Rs./Quintal
West Bengal,Vegetables,Potato,08-01-2026,-,"1,756.00",Metric Tonnes,"1,019.11","1,054.19","1,681.06",Rs./Quintal
West Bengal,Vegetables,Onion,09-01-2026,-,844.53,Metric Tonnes,"2,002.88","2,130.60","2,253.32",Rs./Quintal
West Bengal,Vegetables,Potato,09-01-2026,-,"1,423.55",Metric Tonnes,"1,034.48","1,069.32","1,107.53",Rs./Quintal
West Bengal,Vegetables,Onion,10-01-2026,-,"2,974.29",Metric Tonnes,"2,407.35","2,428.27","2,531.67",Rs./Quintal
West Bengal,Vegetables,Potato,10-01-2026,-,992.45,Metric Tonnes,"1,068.35","1,103.78","1,145.96",Rs./Quintal
West Bengal,Vegetables,Onion,11-01-2026,-,509.8,Metric Tonnes,"1,947.16","2,077.00","2,187.33",Rs./Quintal
West Bengal,Vegetables,Potato,11-01-2026,-,871.8,Metric Tonnes,"1,048.45","1,077.81","1,121.74",Rs./Quintal
West Bengal,Vegetables,Onion,12-01-2026,-,878.06,Metric Tonnes,"1,988.27","2,127.81","2,259.31",Rs./Quintal
West Bengal,Vegetables,Potato,12-01-2026,-,"1,308.15",Metric Tonnes,"1,039.14","1,075.82","1,116.99",Rs./Quintal
West Bengal,Vegetables,Onion,13-01-2026,-,"1,660.62",Metric Tonnes,"1,940.42","2,106.49","2,247.17",Rs./Quintal
West Bengal,Vegetables,Potato,13-01-2026,-,"1,388.45",Metric Tonnes,"1,042.80","1,080.48","1,121.78",Rs./Quintal
West Bengal,Vegetables,Onion,14-01-2026,-,764.88,Metric Tonnes,"1,950.07","2,073.43","2,183.89",Rs./Quintal
West Bengal,Vegetables,Potato,14-01-2026,-,"1,247.85",Metric Tonnes,"1,044.98","1,083.19","1,124.22",Rs./Quintal
West Bengal,Vegetables,Onion,15-01-2026,-,785.71,Metric Tonnes,"1,940.45","2,082.41","2,204.90",Rs./Quintal
West Bengal,Vegetables,Potato,15-01-2026,-,"1,543.85",Metric Tonnes,"1,055.88","1,095.20","1,133.54",Rs./Quintal
West Bengal,Vegetables,Onion,16-01-2026,-,815.68,Metric Tonnes,"1,916.07","2,056.50","2,169.95",Rs./Quintal
West Bengal,Vegetables,Potato,16-01-2026,-,"1,534.05",Metric Tonnes,"1,041.51","1,079.05","1,117.64",Rs./Quintal
West Bengal,Vegetables,Onion,17-01-2026,-,618.56,Metric Tonnes,"1,932.81","2,088.30","2,202.22",Rs./Quintal
West Bengal,Vegetables,Potato,17-01-2026,-,"1,285.30",Metric Tonnes,"1,003.30","1,046.14","1,087.73",Rs./Quintal
West Bengal,Vegetables,Onion,18-01-2026,-,663.02,Metric Tonnes,"1,874.84","2,025.96","2,151.91",Rs./Quintal
West Bengal,Vegetables,Potato,18-01-2026,-,"1,262.15",Metric Tonnes,"1,039.02","1,078.66","1,118.10",Rs./Quintal
West Bengal,Vegetables,Onion,19-01-2026,-,863.07,Metric Tonnes,"1,923.55","2,060.73","2,181.85",Rs./Quintal
West Bengal,Vegetables,Potato,19-01-2026,-,"1,534.65",Metric Tonnes,"1,043.29","1,081.93","1,122.02",Rs./Quintal
West Bengal,Vegetables,Onion,20-01-2026,-,880.51,Metric Tonnes,"1,942.78","2,097.14","2,199.60",Rs./Quintal
West Bengal,Vegetables,Potato,20-01-2026,-,"1,505.75",Metric Tonnes,"1,048.19","1,086.17","1,124.82",Rs./Quintal
West Bengal,Vegetables,Onion,21-01-2026,-,"1,546.09",Metric Tonnes,"1,960.80","2,159.54","2,285.12",Rs./Quintal
West Bengal,Vegetables,Potato,21-01-2026,-,"1,376.00",Metric Tonnes,"1,050.88","1,090.14","1,129.59",Rs./Quintal
West Bengal,Vegetables,Onion,22-01-2026,-,617.25,Metric Tonnes,"1,992.02","2,151.94","2,316.01",Rs./Quintal
West Bengal,Vegetables,Potato,22-01-2026,-,"1,099.40",Metric Tonnes,999.17,"1,043.43","1,078.28",Rs./Quintal
West Bengal,Vegetables,Onion,23-01-2026,-,636.2,Metric Tonnes,"1,925.96","2,066.66","2,211.60",Rs./Quintal
West Bengal,Vegetables,Potato,23-01-2026,-,"1,228.45",Metric Tonnes,"1,038.01","1,077.51","1,111.24",Rs./Quintal
West Bengal,Vegetables,Onion,24-01-2026,-,755.75,Metric Tonnes,"1,967.89","2,120.29","2,283.07",Rs./Quintal
West Bengal,Vegetables,Potato,24-01-2026,-,"1,036.20",Metric Tonnes,"1,012.06","1,055.31","1,094.62",Rs./Quintal
West Bengal,Vegetables,Onion,25-01-2026,-,686.45,Metric Tonnes,"1,915.91","2,044.09","2,190.31",Rs./Quintal
West Bengal,Vegetables,Potato,25-01-2026,-,"1,152.15",Metric Tonnes,"1,021.95","1,062.26","1,096.67",Rs./Quintal
West Bengal,Vegetables,Onion,26-01-2026,-,599.75,Metric Tonnes,"1,874.79","2,023.43","2,160.27",Rs./Quintal
West Bengal,Vegetables,Potato,26-01-2026,-,"1,326.50",Metric Tonnes,"1,035.07","1,071.96","1,104.12",Rs./Quintal
West Bengal,Vegetables,Onion,27-01-2026,-,925.13,Metric Tonnes,"1,940.67","2,083.29","2,205.89",Rs./Quintal
West Bengal,Vegetables,Potato,27-01-2026,-,"1,656.35",Metric Tonnes,"1,003.77","1,046.81","1,089.50",Rs./Quintal
West Bengal,Vegetables,Onion,28-01-2026,-,885.01,Metric Tonnes,"1,940.96","2,058.22","2,165.27",Rs./Quintal
West Bengal,Vegetables,Potato,28-01-2026,-,"1,614.05",Metric Tonnes,993.95,"1,034.95","1,076.03",Rs./Quintal
West Bengal,Vegetables,Onion,29-01-2026,-,724.57,Metric Tonnes,"1,885.80","2,003.11","2,108.37",Rs./Quintal
West Bengal,Vegetables,Potato,29-01-2026,-,"1,342.35",Metric Tonnes,969.23,"1,009.80","1,049.21",Rs./Quintal
West Bengal,Vegetables,Onion,30-01-2026,-,718.36,Metric Tonnes,"1,919.40","2,041.40","2,154.94",Rs./Quintal
West Bengal,Vegetables,Potato,30-01-2026,-,"1,362.95",Metric Tonnes,998.69,"1,035.69","1,077.38",Rs./Quintal
West Bengal,Vegetables,Onion,31-01-2026,-,439.75,Metric Tonnes,"1,898.36","2,066.61","2,199.41",Rs./Quintal
West Bengal,Vegetables,Potato,31-01-2026,-,866.75,Metric Tonnes,973.01,"1,015.46","1,056.26",Rs./Quintal
West Bengal,Vegetables,Onion,01-02-2026,-,573.7,Metric Tonnes,"1,849.78","1,993.94","2,116.54",Rs./Quintal
West Bengal,Vegetables,Potato,01-02-2026,-,"1,069.19",Metric Tonnes,953.15,992.94,"1,035.35",Rs./Quintal
West Bengal,Vegetables,Onion,02-02-2026,-,783.94,Metric Tonnes,"1,877.78","2,003.13","2,101.07",Rs./Quintal
West Bengal,Vegetables,Potato,02-02-2026,-,"1,482.20",Metric Tonnes,987.45,"1,026.95","1,063.70",Rs./Quintal
West Bengal,Vegetables,Onion,03-02-2026,-,850.48,Metric Tonnes,"1,834.87","1,961.43","2,078.58",Rs./Quintal
West Bengal,Vegetables,Potato,03-02-2026,-,"1,477.49",Metric Tonnes,972.02,"1,008.49","1,046.86",Rs./Quintal
West Bengal,Vegetables,Onion,04-02-2026,-,691.95,Metric Tonnes,"1,843.15","1,976.94","2,095.85",Rs./Quintal
West Bengal,Vegetables,Potato,04-02-2026,-,"1,160.60",Metric Tonnes,966.27,"1,004.10","1,047.39",Rs./Quintal
West Bengal,Vegetables,Onion,05-02-2026,-,849.49,Metric Tonnes,"1,811.28","1,940.80","2,054.53",Rs./Quintal
West Bengal,Vegetables,Potato,05-02-2026,-,"1,398.80",Metric Tonnes,969.83,"1,008.98","1,050.36",Rs./Quintal
West Bengal,Vegetables,Onion,06-02-2026,-,816.65,Metric Tonnes,"1,784.76","1,925.67","2,062.09",Rs./Quintal
West Bengal,Vegetables,Potato,06-02-2026,-,"1,405.60",Metric Tonnes,948.01,989.41,"1,033.36",Rs./Quintal
West Bengal,Vegetables,Onion,07-02-2026,-,568.82,Metric Tonnes,"1,821.91","1,991.75","2,121.22",Rs./Quintal
West Bengal,Vegetables,Potato,07-02-2026,-,"1,131.60",Metric Tonnes,890.64,931.05,978.7,Rs./Quintal
West Bengal,Vegetables,Onion,08-02-2026,-,748.63,Metric Tonnes,"1,870.16","2,080.66","2,271.12",Rs./Quintal
West Bengal,Vegetables,Potato,08-02-2026,-,"1,564.24",Metric Tonnes,875.75,909.79,949.02,Rs./Quintal
West Bengal,Vegetables,Onion,09-02-2026,-,"1,072.77",Metric Tonnes,"1,781.78","1,943.85","2,090.59",Rs./Quintal
West Bengal,Vegetables,Potato,09-02-2026,-,"1,788.40",Metric Tonnes,892.72,935.66,979.79,Rs./Quintal
West Bengal,Vegetables,Onion,10-02-2026,-,868.74,Metric Tonnes,"1,802.22","1,938.48","2,049.06",Rs./Quintal
West Bengal,Vegetables,Potato,10-02-2026,-,"1,479.30",Metric Tonnes,909.19,948.51,986.14,Rs./Quintal
West Bengal,Vegetables,Onion,11-02-2026,-,808.8,Metric Tonnes,"1,819.49","1,953.17","2,062.72",Rs./Quintal
West Bengal,Vegetables,Potato,11-02-2026,-,"1,658.70",Metric Tonnes,895.91,934.74,969.41,Rs./Quintal
West Bengal,Vegetables,Onion,12-02-2026,-,841.53,Metric Tonnes,"1,771.79","1,909.42","2,021.34",Rs./Quintal
West Bengal,Vegetables,Potato,12-02-2026,-,"1,554.00",Metric Tonnes,874.76,907.85,937.94,Rs./Quintal
West Bengal,Vegetables,Onion,13-02-2026,-,621.95,Metric Tonnes,"1,760.55","1,900.26","2,015.22",Rs./Quintal
West Bengal,Vegetables,Potato,13-02-2026,-,"1,489.65",Metric Tonnes,868.03,905.74,942.48,Rs./Quintal
West Bengal,Vegetables,Onion,14-02-2026,-,615.64,Metric Tonnes,"1,818.69","1,971.69","2,088.96",Rs./Quintal
West Bengal,Vegetables,Potato,14-02-2026,-,"1,338.70",Metric Tonnes,856.19,893.49,928.15,Rs./Quintal
West Bengal,Vegetables,Onion,15-02-2026,-,653.18,Metric Tonnes,"1,784.10","1,939.40","2,058.16",Rs./Quintal
West Bengal,Vegetables,Potato,15-02-2026,-,"1,109.15",Metric Tonnes,870.97,906.26,942.53,Rs./Quintal
West Bengal,Vegetables,Onion,16-02-2026,-,793.6,Metric Tonnes,"1,773.40","1,926.65","2,036.92",Rs./Quintal
West Bengal,Vegetables,Potato,16-02-2026,-,"1,531.30",Metric Tonnes,871.39,905.07,935.48,Rs./Quintal
West Bengal,Vegetables,Onion,17-02-2026,-,745.69,Metric Tonnes,"1,775.91","1,901.16","2,022.73",Rs./Quintal
West Bengal,Vegetables,Potato,17-02-2026,-,"1,460.55",Metric Tonnes,839.61,888.43,918.57,Rs./Quintal
West Bengal,Vegetables,Onion,18-02-2026,-,805.36,Metric Tonnes,"1,704.96","1,820.15","1,948.62",Rs./Quintal
West Bengal,Vegetables,Potato,18-02-2026,-,"1,426.70",Metric Tonnes,831.86,863.12,899.11,Rs./Quintal
West Bengal,Vegetables,Onion,19-02-2026,-,882.06,Metric Tonnes,"1,751.11","1,864.96","1,993.02",Rs./Quintal
West Bengal,Vegetables,Potato,19-02-2026,-,"1,634.05",Metric Tonnes,842.27,879,914.14,Rs./Quintal
West Bengal,Vegetables,Onion,20-02-2026,-,772.39,Metric Tonnes,"1,767.75","1,870.78","1,992.21",Rs./Quintal
West Bengal,Vegetables,Potato,20-02-2026,-,"1,459.26",Metric Tonnes,838.43,869.8,909.5,Rs./Quintal
West Bengal,Vegetables,Onion,21-02-2026,-,555.21,Metric Tonnes,"1,697.14","1,798.84","1,919.65",Rs./Quintal
West Bengal,Vegetables,Potato,21-02-2026,-,959.85,Metric Tonnes,830.68,859.41,895.61,Rs./Quintal
West Bengal,Vegetables,Onion,22-02-2026,-,625.36,Metric Tonnes,"1,640.97","1,742.47","1,857.42",Rs./Quintal
West Bengal,Vegetables,Potato,22-02-2026,-,"1,268.53",Metric Tonnes,807.54,838.98,872.11,Rs./Quintal
West Bengal,Vegetables,Onion,23-02-2026,-,792.03,Metric Tonnes,"1,766.63","1,866.21","1,972.85",Rs./Quintal
West Bengal,Vegetables,Potato,23-02-2026,-,"1,615.55",Metric Tonnes,833.63,869.56,902.31,Rs./Quintal
West Bengal,Vegetables,Onion,24-02-2026,-,758.21,Metric Tonnes,"1,758.15","1,860.07","1,981.81",Rs./Quintal
West Bengal,Vegetables,Potato,24-02-2026,-,"1,505.55",Metric Tonnes,830.43,861.18,897.44,Rs./Quintal
West Bengal,Vegetables,Onion,25-02-2026,-,709.89,Metric Tonnes,"1,733.72","1,850.85","1,968.81",Rs./Quintal
West Bengal,Vegetables,Potato,25-02-2026,-,"1,416.72",Metric Tonnes,817.99,851.34,880.71,Rs./Quintal
West Bengal,Vegetables,Onion,26-02-2026,-,655.01,Metric Tonnes,"1,668.40","1,772.36","1,872.48",Rs./Quintal
West Bengal,Vegetables,Potato,26-02-2026,-,"1,308.37",Metric Tonnes,813.89,843.35,874.4,Rs./Quintal
West Bengal,Vegetables,Onion,27-02-2026,-,781.93,Metric Tonnes,"1,713.35","1,836.80","1,935.49",Rs./Quintal
West Bengal,Vegetables,Potato,27-02-2026,-,"1,491.50",Metric Tonnes,824.03,856.33,887.98,Rs./Quintal
West Bengal,Vegetables,Onion,28-02-2026,-,530.95,Metric Tonnes,"1,676.05","1,772.40","1,886.02",Rs./Quintal
West Bengal,Vegetables,Potato,28-02-2026,-,"1,076.42",Metric Tonnes,829.48,861.74,886.64,Rs./Quintal
West Bengal,Vegetables,Onion,01-03-2026,-,535.66,Metric Tonnes,"1,837.71","1,895.21","1,991.73",Rs./Quintal
West Bengal,Vegetables,Potato,01-03-2026,-,956.9,Metric Tonnes,824.58,856.92,884.64,Rs./Quintal
West Bengal,Vegetables,Onion,02-03-2026,-,817.52,Metric Tonnes,"1,725.36","1,818.85","1,904.11",Rs./Quintal
West Bengal,Vegetables,Potato,02-03-2026,-,"1,388.00",Metric Tonnes,836.63,869.67,897.77,Rs./Quintal
West Bengal,Vegetables,Onion,03-03-2026,-,472.07,Metric Tonnes,"1,681.14","1,761.78","1,841.56",Rs./Quintal
West Bengal,Vegetables,Potato,03-03-2026,-,"1,062.60",Metric Tonnes,834.51,870.31,902.72,Rs./Quintal
West Bengal,Vegetables,Onion,04-03-2026,-,507.08,Metric Tonnes,"1,671.10","1,748.40","1,835.61",Rs./Quintal
West Bengal,Vegetables,Potato,04-03-2026,-,"1,126.75",Metric Tonnes,823.97,850.77,878.62,Rs./Quintal
West Bengal,Vegetables,Onion,05-03-2026,-,667.39,Metric Tonnes,"1,656.30","1,768.33","1,859.26",Rs./Quintal
West Bengal,Vegetables,Potato,05-03-2026,-,"1,399.10",Metric Tonnes,829.56,862.51,892.77,Rs./Quintal
West Bengal,Vegetables,Onion,06-03-2026,-,688.59,Metric Tonnes,"1,615.04","1,725.90","1,836.14",Rs./Quintal
West Bengal,Vegetables,Potato,06-03-2026,-,"1,325.70",Metric Tonnes,818.65,849.57,879.64,Rs./Quintal
West Bengal,Vegetables,Onion,07-03-2026,-,521.96,Metric Tonnes,"1,571.30","1,669.07","1,773.44",Rs./Quintal
West Bengal,Vegetables,Potato,07-03-2026,-,898,Metric Tonnes,812.22,848.2,873.72,Rs./Quintal
West Bengal,Vegetables,Onion,08-03-2026,-,553.48,Metric Tonnes,"1,525.39","1,626.99","1,733.93",Rs./Quintal
West Bengal,Vegetables,Potato,08-03-2026,-,950.2,Metric Tonnes,787.72,819.99,846.31,Rs./Quintal
West Bengal,Vegetables,Onion,09-03-2026,-,741.73,Metric Tonnes,"1,600.83","1,697.84","1,791.45",Rs./Quintal
West Bengal,Vegetables,Potato,09-03-2026,-,"1,409.80",Metric Tonnes,793.58,828.08,856.83,Rs./Quintal
West Bengal,Vegetables,Onion,10-03-2026,-,725.36,Metric Tonnes,"1,613.70","1,704.53","1,797.47",Rs./Quintal
West Bengal,Vegetables,Potato,10-03-2026,-,"1,384.85",Metric Tonnes,792,822.24,853.03,Rs./Quintal
West Bengal,Vegetables,Onion,11-03-2026,-,716.67,Metric Tonnes,"1,584.76","1,676.74","1,772.59",Rs./Quintal
West Bengal,Vegetables,Potato,11-03-2026,-,"1,362.30",Metric Tonnes,791.18,825.26,852.14,Rs./Quintal
West Bengal,Vegetables,Onion,12-03-2026,-,726.49,Metric Tonnes,"1,539.67","1,613.81","1,711.28",Rs./Quintal
West Bengal,Vegetables,Potato,12-03-2026,-,"1,297.05",Metric Tonnes,778.98,814.5,845.98,Rs./Quintal
West Bengal,Vegetables,Onion,13-03-2026,-,637.09,Metric Tonnes,"1,544.83","1,636.77","1,741.63",Rs./Quintal
West Bengal,Vegetables,Potato,13-03-2026,-,"1,401.87",Metric Tonnes,779.75,805.45,837.84,Rs./Quintal
West Bengal,Vegetables,Onion,14-03-2026,-,537.18,Metric Tonnes,"1,559.54","1,645.21","1,739.82",Rs./Quintal
West Bengal,Vegetables,Potato,14-03-2026,-,"1,175.80",Metric Tonnes,792.27,816.99,844.44,Rs./Quintal
West Bengal,Vegetables,Onion,15-03-2026,-,565.53,Metric Tonnes,"1,414.36","1,474.24","1,575.64",Rs./Quintal
West Bengal,Vegetables,Potato,15-03-2026,-,"1,048.75",Metric Tonnes,737.74,762.24,793.66,Rs./Quintal
West Bengal,Vegetables,Onion,16-03-2026,-,702.52,Metric Tonnes,"1,537.58","1,636.95","1,738.44",Rs./Quintal
West Bengal,Vegetables,Potato,16-03-2026,-,"1,334.05",Metric Tonnes,749.64,779.78,807.92,Rs./Quintal
West Bengal,Vegetables,Onion,17-03-2026,-,612.54,Metric Tonnes,"1,483.66","1,591.44","1,678.95",Rs./Quintal
West Bengal,Vegetables,Potato,17-03-2026,-,"1,368.85",Metric Tonnes,739.43,771.34,798.12,Rs./Quintal
West Bengal,Vegetables,Onion,18-03-2026,-,700.27,Metric Tonnes,"1,425.74","1,534.20","1,627.41",Rs./Quintal
West Bengal,Vegetables,Potato,18-03-2026,-,"1,372.35",Metric Tonnes,701.6,735.9,763.56,Rs./Quintal
West Bengal,Vegetables,Onion,19-03-2026,-,663.56,Metric Tonnes,"1,444.34","1,561.00","1,670.17",Rs./Quintal
West Bengal,Vegetables,Potato,19-03-2026,-,"1,314.15",Metric Tonnes,699.35,735.08,764.53,Rs./Quintal
West Bengal,Vegetables,Onion,20-03-2026,-,541.35,Metric Tonnes,"1,466.89","1,591.84","1,702.06",Rs./Quintal
West Bengal,Vegetables,Potato,20-03-2026,-,"1,012.40",Metric Tonnes,708.76,740.93,765.78,Rs./Quintal
West Bengal,Vegetables,Onion,21-03-2026,-,470.57,Metric Tonnes,"1,363.47","1,464.47","1,595.36",Rs./Quintal
West Bengal,Vegetables,Potato,21-03-2026,-,"1,306.00",Metric Tonnes,703.56,732.6,756.54,Rs./Quintal
West Bengal,Vegetables,Onion,22-03-2026,-,668.22,Metric Tonnes,"1,452.96","1,544.03","1,666.83",Rs./Quintal
West Bengal,Vegetables,Potato,22-03-2026,-,919.75,Metric Tonnes,669.2,705.13,729.73,Rs./Quintal
West Bengal,Vegetables,Onion,23-03-2026,-,768.56,Metric Tonnes,"1,342.77","1,457.66","1,558.21",Rs./Quintal
West Bengal,Vegetables,Potato,23-03-2026,-,"1,327.30",Metric Tonnes,683.22,712.79,735.82,Rs./Quintal
West Bengal,Vegetables,Onion,24-03-2026,-,661.93,Metric Tonnes,"1,437.82","1,532.54","1,635.19",Rs./Quintal
West Bengal,Vegetables,Potato,24-03-2026,-,"2,380.35",Metric Tonnes,734.29,758.44,783.29,Rs./Quintal
West Bengal,Vegetables,Onion,25-03-2026,-,651.49,Metric Tonnes,"1,394.81","1,485.59","1,573.36",Rs./Quintal
West Bengal,Vegetables,Potato,25-03-2026,-,"2,516.30",Metric Tonnes,729.21,752.95,778.29,Rs./Quintal
West Bengal,Vegetables,Onion,26-03-2026,-,585.6,Metric Tonnes,"1,322.66","1,424.66","1,522.30",Rs./Quintal
West Bengal,Vegetables,Potato,26-03-2026,-,"2,160.70",Metric Tonnes,725.3,749.75,767.15,Rs./Quintal
West Bengal,Vegetables,Onion,27-03-2026,-,685.97,Metric Tonnes,"1,404.43","1,515.93","1,629.91",Rs./Quintal
West Bengal,Vegetables,Potato,27-03-2026,-,"1,482.70",Metric Tonnes,686.28,717.65,744.39,Rs./Quintal
West Bengal,Vegetables,Onion,28-03-2026,-,570.21,Metric Tonnes,"1,331.74","1,426.65","1,493.14",Rs./Quintal
West Bengal,Vegetables,Potato,28-03-2026,-,"1,073.35",Metric Tonnes,681.2,711.38,734.59,Rs./Quintal
West Bengal,Vegetables,Onion,29-03-2026,-,630.09,Metric Tonnes,"1,388.87","1,479.40","1,562.06",Rs./Quintal
West Bengal,Vegetables,Potato,29-03-2026,-,"1,243.95",Metric Tonnes,648.14,677.17,709.15,Rs./Quintal
West Bengal,Vegetables,Onion,30-03-2026,-,623.03,Metric Tonnes,"1,377.14","1,482.43","1,565.57",Rs./Quintal
West Bengal,Vegetables,Potato,30-03-2026,-,"2,433.45",Metric Tonnes,723.04,743.7,764.1,Rs./Quintal
West Bengal,Vegetables,Onion,31-03-2026,-,646.21,Metric Tonnes,"1,443.17","1,542.72","1,633.22",Rs./Quintal
West Bengal,Vegetables,Potato,31-03-2026,-,"1,378.41",Metric Tonnes,668.27,696.71,728.68,Rs./Quintal
,,,,,,,,,,
Note:,,,,,,,,,,
Weighted Average Price = ?(arrival quantity * modal price) / ?arrival quantity,,,,,,,,,,
